vehicle_model,vehicle_usage_type,ambient_temp_c,engine_temp_c,avg_engine_rpm,engine_load_nm,engine_hours,maintenance_required,TWF,HDF,PWF,OSF,RNF,fault_code_count,mileage_km,usage_intensity,days_to_failure
M14860,M,24.950000000000045,35.450000000000045,1551,42.8,0,0,0,0,0,0,0,1,0,42.8,364
L47181,L,25.05000000000001,35.55000000000001,1408,46.3,3,0,0,0,0,0,0,1,135,11.575,324
L47182,L,24.950000000000045,35.35000000000002,1498,49.4,5,0,0,0,0,0,0,0,225,8.233333333333333,178
L47183,L,25.05000000000001,35.450000000000045,1433,39.5,7,0,0,0,0,0,0,1,315,4.9375,328
L47184,L,25.05000000000001,35.55000000000001,1408,40.0,9,0,0,0,0,0,0,0,405,4.0,190
M14865,M,24.950000000000045,35.450000000000045,1425,41.9,11,0,0,0,0,0,0,1,495,3.4916666666666667,363
L47186,L,24.950000000000045,35.450000000000045,1558,42.4,14,0,0,0,0,0,0,1,630,2.8266666666666667,341
L47187,L,24.950000000000045,35.450000000000045,1527,40.2,16,0,0,0,0,0,0,0,720,2.364705882352941,237
M14868,M,25.150000000000034,35.55000000000001,1667,28.6,18,0,0,0,0,0,0,1,810,1.5052631578947369,197
M14869,M,25.350000000000023,35.85000000000002,1741,28.0,21,0,0,0,0,0,0,1,945,1.2727272727272727,354
H29424,H,25.25,35.75,1782,23.9,24,0,0,0,0,0,0,0,1080,0.956,263
H29425,H,25.450000000000045,35.950000000000045,1423,44.3,29,0,0,0,0,0,0,1,1305,1.4766666666666666,171
M14872,M,25.450000000000045,35.950000000000045,1339,51.1,34,0,0,0,0,0,0,0,1530,1.46,248
M14873,M,25.450000000000045,36.05000000000001,1742,30.0,37,0,0,0,0,0,0,0,1665,0.7894736842105263,166
L47194,L,25.450000000000045,36.05000000000001,2035,19.6,40,0,0,0,0,0,0,0,1800,0.4780487804878049,235
L47195,L,25.450000000000045,36.05000000000001,1542,48.4,42,0,0,0,0,0,0,1,1890,1.1255813953488372,282
M14876,M,25.450000000000045,36.05000000000001,1311,46.6,44,0,0,0,0,0,0,1,1980,1.0355555555555556,210
M14877,M,25.55000000000001,36.05000000000001,1410,45.6,47,0,0,0,0,0,0,0,2115,0.9500000000000001,238
H29432,H,25.650000000000034,36.05000000000001,1306,54.5,50,0,0,0,0,0,0,1,2250,1.0686274509803921,283
M14879,M,25.75,36.150000000000034,1632,32.5,55,0,0,0,0,0,0,0,2475,0.5803571428571429,330
H29434,H,25.75,36.150000000000034,1375,42.7,58,0,0,0,0,0,0,1,2610,0.7237288135593221,230
L47201,L,25.650000000000034,36.150000000000034,1450,44.8,63,0,0,0,0,0,0,0,2835,0.7,244
M14882,M,25.75,36.150000000000034,1581,30.7,65,0,0,0,0,0,0,0,2925,0.46515151515151515,294
L47203,L,25.850000000000023,36.25,1758,25.7,68,0,0,0,0,0,0,1,3060,0.372463768115942,208
M14884,M,25.850000000000023,36.25,1561,37.3,70,0,0,0,0,0,0,0,3150,0.5253521126760563,316
L47205,L,25.850000000000023,36.35000000000002,1861,23.3,73,0,0,0,0,0,0,0,3285,0.31486486486486487,203
L47206,L,25.950000000000045,36.35000000000002,1512,39.0,75,0,0,0,0,0,0,1,3375,0.5131578947368421,275
H29441,H,25.950000000000045,36.25,1811,24.6,77,0,0,0,0,0,0,0,3465,0.31538461538461543,325
L47208,L,25.950000000000045,36.25,1439,44.2,82,0,0,0,0,0,0,0,3690,0.5325301204819277,314
L47209,L,25.850000000000023,36.25,1693,30.1,84,0,0,0,0,0,0,1,3780,0.35411764705882354,197
M14890,M,25.950000000000045,36.35000000000002,1339,48.2,86,0,0,0,0,0,0,0,3870,0.5540229885057472,217
L47211,L,25.850000000000023,36.25,1798,25.5,89,0,0,0,0,0,0,0,4005,0.2833333333333333,256
L47212,L,25.850000000000023,36.25,1419,48.3,91,0,0,0,0,0,0,0,4095,0.525,227
L47213,L,25.75,36.150000000000034,1665,32.5,93,0,0,0,0,0,0,0,4185,0.34574468085106386,226
M14894,M,25.650000000000034,35.950000000000045,1559,34.7,95,0,0,0,0,0,0,0,4275,0.3614583333333334,176
M14895,M,25.650000000000034,36.05000000000001,1452,48.6,98,0,0,0,0,0,0,0,4410,0.4909090909090909,237
M14896,M,25.75,36.05000000000001,1581,36.7,101,0,0,0,0,0,0,0,4545,0.3598039215686275,304
L47217,L,25.650000000000034,35.950000000000045,1439,39.2,104,0,0,0,0,0,0,0,4680,0.37333333333333335,221
H29452,H,25.75,36.05000000000001,1379,50.7,106,0,0,0,0,0,0,1,4770,0.4738317757009346,340
L47219,L,25.650000000000034,35.950000000000045,1350,52.5,111,0,0,0,0,0,0,0,4995,0.46875,329
L47220,L,25.650000000000034,35.950000000000045,1362,45.4,113,0,0,0,0,0,0,0,5085,0.3982456140350877,196
L47221,L,25.650000000000034,35.950000000000045,1368,50.8,115,0,0,0,0,0,0,1,5175,0.4379310344827586,252
M14902,M,25.650000000000034,35.950000000000045,1368,49.1,117,0,0,0,0,0,0,0,5265,0.4161016949152542,170
H29457,H,25.650000000000034,36.05000000000001,1372,48.5,120,0,0,0,0,0,0,0,5400,0.40082644628099173,264
M14904,M,25.650000000000034,35.950000000000045,1472,47.5,125,0,0,0,0,0,0,0,5625,0.376984126984127,206
L47225,L,25.650000000000034,35.950000000000045,1489,49.1,128,0,0,0,0,0,0,0,5760,0.3806201550387597,254
M14906,M,25.55000000000001,35.85000000000002,1843,25.8,130,0,0,0,0,0,0,0,5850,0.1969465648854962,352
L47227,L,25.650000000000034,35.950000000000045,1418,46.3,133,0,0,0,0,0,0,0,5985,0.3455223880597015,244
H29462,H,25.650000000000034,36.05000000000001,1425,53.9,135,0,0,0,0,0,0,1,6075,0.3963235294117647,319
M14909,M,25.75,36.05000000000001,1412,44.1,140,0,0,0,0,0,0,1,6300,0.3127659574468085,259
L47230,L,25.75,35.950000000000045,2861,4.6,143,1,0,0,1,0,0,5,6435,0.03194444444444444,6
L47231,L,25.75,35.950000000000045,1383,54.9,145,0,0,0,0,0,0,1,6525,0.37602739726027395,176
H29466,H,25.650000000000034,35.85000000000002,1497,43.8,147,0,0,0,0,0,0,1,6615,0.2959459459459459,277
L47233,L,25.55000000000001,35.85000000000002,1565,35.1,152,0,0,0,0,0,0,0,6840,0.22941176470588237,349
L47234,L,25.55000000000001,35.85000000000002,1691,30.1,154,0,0,0,0,0,0,0,6930,0.1941935483870968,310
L47235,L,25.650000000000034,35.950000000000045,1512,40.7,156,0,0,0,0,0,0,0,7020,0.2592356687898089,225
L47236,L,25.650000000000034,35.950000000000045,1477,42.4,158,0,0,0,0,0,0,0,7110,0.26666666666666666,184
L47237,L,25.650000000000034,35.950000000000045,1513,40.3,160,0,0,0,0,0,0,0,7200,0.2503105590062112,247
M14918,M,25.650000000000034,35.85000000000002,1661,29.5,162,0,0,0,0,0,0,1,7290,0.18098159509202455,293
L47239,L,25.650000000000034,35.950000000000045,1378,54.4,165,0,0,0,0,0,0,1,7425,0.327710843373494,185
L47240,L,25.650000000000034,35.950000000000045,1393,52.6,167,0,0,0,0,0,0,0,7515,0.3130952380952381,215
M14921,M,25.650000000000034,35.85000000000002,1592,38.2,169,0,0,0,0,0,0,0,7605,0.2247058823529412,353
L47242,L,25.650000000000034,35.85000000000002,1829,22.9,172,0,0,0,0,0,0,0,7740,0.13236994219653178,205
M14923,M,25.75,35.85000000000002,1812,25.9,174,0,0,0,0,0,0,1,7830,0.148,294
L47244,L,25.850000000000023,35.950000000000045,1523,38.6,177,0,0,0,0,0,0,1,7965,0.21685393258426966,297
L47245,L,25.850000000000023,35.950000000000045,1394,45.1,179,0,0,0,0,0,0,0,8055,0.2505555555555556,362
M14926,M,25.75,35.75,1679,28.7,181,0,0,0,0,0,0,1,8145,0.1576923076923077,243
H29481,H,25.650000000000034,35.75,1466,44.1,184,0,0,0,0,0,0,0,8280,0.23837837837837839,255
L47248,L,25.650000000000034,35.75,1527,32.4,189,0,0,0,0,0,0,1,8505,0.17052631578947366,233
L47249,L,25.75,35.85000000000002,1410,65.7,191,1,0,0,1,1,0,5,8595,0.34218750000000003,40
M14930,M,25.75,35.85000000000002,1924,22.6,193,0,0,0,0,0,0,0,8685,0.11649484536082474,295
L47251,L,25.75,35.950000000000045,1452,45.5,196,0,0,0,0,0,0,1,8820,0.23096446700507614,167
L47252,L,25.75,35.950000000000045,1369,44.4,198,0,0,0,0,0,0,1,8910,0.22311557788944722,295
L47253,L,25.850000000000023,35.950000000000045,1592,35.0,200,0,0,0,0,0,0,0,9000,0.17412935323383086,274
L47254,L,25.75,35.85000000000002,1601,32.3,202,0,0,0,0,0,0,1,9090,0.15911330049261083,151
L47255,L,25.650000000000034,35.75,1379,46.7,204,0,0,0,0,0,0,0,9180,0.2278048780487805,225
L47256,L,25.650000000000034,35.75,1461,47.9,206,0,0,0,0,0,0,1,9270,0.23140096618357486,349
L47257,L,25.650000000000034,35.75,1455,41.3,208,1,1,0,0,0,0,5,9360,0.19760765550239234,56
L47258,L,25.650000000000034,35.75,1398,51.5,0,0,0,0,0,0,0,0,0,51.5,287
L47259,L,25.650000000000034,35.75,1402,37.9,2,0,0,0,0,0,0,1,90,12.633333333333333,352
H29494,H,25.650000000000034,35.650000000000034,1445,49.9,4,0,0,0,0,0,0,1,180,9.98,291
L47261,L,25.75,35.75,1450,47.5,9,0,0,0,0,0,0,0,405,4.75,175
L47262,L,25.75,35.75,1453,40.8,11,0,0,0,0,0,0,1,495,3.4,196
L47263,L,25.850000000000023,35.85000000000002,1469,40.1,13,0,0,0,0,0,0,1,585,2.8642857142857143,179
L47264,L,25.75,35.75,1422,47.6,15,0,0,0,0,0,0,1,675,2.975,205
M14945,M,25.850000000000023,35.85000000000002,1804,26.8,17,0,0,0,0,0,0,0,765,1.488888888888889,268
H29500,H,25.850000000000023,35.85000000000002,1436,43.9,20,0,0,0,0,0,0,0,900,2.0904761904761906,319
L47267,L,25.850000000000023,35.85000000000002,1544,31.8,25,0,0,0,0,0,0,0,1125,1.2230769230769232,281
M14948,M,25.850000000000023,35.85000000000002,1419,45.2,27,0,0,0,0,0,0,1,1215,1.6142857142857143,288
M14949,M,25.75,35.75,1487,39.5,30,0,0,0,0,0,0,1,1350,1.2741935483870968,301
L47270,L,25.75,35.75,1753,25.8,33,0,0,0,0,0,0,0,1485,0.7588235294117647,363
L47271,L,25.75,35.75,1830,24.9,35,0,0,0,0,0,0,0,1575,0.6916666666666667,344
M14952,M,25.75,35.75,1727,27.1,37,0,0,0,0,0,0,1,1665,0.7131578947368421,314
L47273,L,25.950000000000045,35.85000000000002,1450,43.0,40,0,0,0,0,0,0,1,1800,1.048780487804878,279
L47274,L,25.850000000000023,35.75,1622,31.9,42,0,0,0,0,0,0,1,1890,0.741860465116279,289
M14955,M,25.850000000000023,35.85000000000002,1351,52.2,44,0,0,0,0,0,0,1,1980,1.1600000000000001,170
M14956,M,25.850000000000023,35.85000000000002,1575,35.3,47,0,0,0,0,0,0,0,2115,0.7354166666666666,346
M14957,M,25.75,35.75,1750,29.9,50,0,0,0,0,0,0,1,2250,0.5862745098039216,348
L47278,L,25.75,35.650000000000034,1529,32.7,53,0,0,0,0,0,0,1,2385,0.6055555555555556,341
L47279,L,25.650000000000034,35.650000000000034,1523,44.4,55,0,0,0,0,0,0,0,2475,0.7928571428571428,217
L47280,L,25.650000000000034,35.75,1852,25.0,57,0,0,0,0,0,0,0,2565,0.43103448275862066,275
L47281,L,25.650000000000034,35.650000000000034,1991,20.7,59,0,0,0,0,0,0,1,2655,0.345,192
L47282,L,25.650000000000034,35.650000000000034,1555,40.6,61,0,0,0,0,0,0,0,2745,0.6548387096774194,331
M14963,M,25.650000000000034,35.650000000000034,1441,40.5,63,0,0,0,0,0,0,1,2835,0.6328125,249
L47284,L,25.650000000000034,35.55000000000001,1450,43.4,66,0,0,0,0,0,0,1,2970,0.6477611940298508,272
L47285,L,25.650000000000034,35.55000000000001,1591,31.1,68,0,0,0,0,0,0,0,3060,0.45072463768115945,339
L47286,L,25.650000000000034,35.55000000000001,1445,48.5,70,0,0,0,0,0,0,0,3150,0.6830985915492958,363
M14967,M,25.650000000000034,35.650000000000034,1497,46.8,72,0,0,0,0,0,0,1,3240,0.6410958904109588,242
H29522,H,25.75,35.650000000000034,1621,32.7,75,0,0,0,0,0,0,0,3375,0.4302631578947369,350
L47289,L,25.75,35.55000000000001,1572,34.1,80,0,0,0,0,0,0,1,3600,0.42098765432098767,289
L47290,L,25.650000000000034,35.450000000000045,1872,22.5,82,0,0,0,0,0,0,1,3690,0.2710843373493976,278
H29525,H,25.55000000000001,35.450000000000045,1499,43.5,84,0,0,0,0,0,0,1,3780,0.5117647058823529,349
M14972,M,25.650000000000034,35.55000000000001,1498,39.5,89,0,0,0,0,0,0,0,4005,0.4388888888888889,310
M14973,M,25.650000000000034,35.450000000000045,1486,41.9,92,0,0,0,0,0,0,1,4140,0.4505376344086021,341
L47294,L,25.650000000000034,35.450000000000045,1680,29.4,95,0,0,0,0,0,0,1,4275,0.30624999999999997,265
L47295,L,25.650000000000034,35.450000000000045,1431,45.7,97,0,0,0,0,0,0,1,4365,0.46632653061224494,264
L47296,L,25.75,35.55000000000001,1564,34.1,99,0,0,0,0,0,0,0,4455,0.341,345
L47297,L,25.650000000000034,35.450000000000045,1599,33.0,101,0,0,0,0,0,0,1,4545,0.3235294117647059,291
M14978,M,25.650000000000034,35.450000000000045,1707,28.1,103,0,0,0,0,0,0,1,4635,0.27019230769230773,268
L47299,L,25.55000000000001,35.35000000000002,1467,40.7,106,0,0,0,0,0,0,1,4770,0.38037383177570094,242
L47300,L,25.75,35.55000000000001,1433,44.7,108,0,0,0,0,0,0,0,4860,0.4100917431192661,291
L47301,L,25.75,35.55000000000001,1558,41.2,110,0,0,0,0,0,0,1,4950,0.3711711711711712,158
L47302,L,25.850000000000023,35.650000000000034,1310,50.7,112,0,0,0,0,0,0,1,5040,0.44867256637168146,222
L47303,L,25.75,35.55000000000001,1546,43.4,114,0,0,0,0,0,0,0,5130,0.3773913043478261,175
L47304,L,25.75,35.55000000000001,1727,29.4,116,0,0,0,0,0,0,0,5220,0.2512820512820513,326
L47305,L,25.75,35.450000000000045,1560,32.2,118,0,0,0,0,0,0,1,5310,0.2705882352941177,255
L47306,L,25.850000000000023,35.450000000000045,1329,60.5,120,0,0,0,0,0,0,1,5400,0.5,294
L47307,L,25.75,35.450000000000045,1413,46.5,122,0,0,0,0,0,0,1,5490,0.3780487804878049,217
L47308,L,25.850000000000023,35.450000000000045,1587,38.6,124,0,0,0,0,0,0,0,5580,0.3088,337
L47309,L,25.75,35.35000000000002,1559,34.3,126,0,0,0,0,0,0,0,5670,0.2700787401574803,259
L47310,L,25.650000000000034,35.25,1473,41.1,128,0,0,0,0,0,0,1,5760,0.3186046511627907,280
L47311,L,25.650000000000034,35.25,1737,27.7,130,0,0,0,0,0,0,0,5850,0.21145038167938932,174
M14992,M,25.55000000000001,35.25,1441,43.2,132,0,0,0,0,0,0,1,5940,0.324812030075188,170
M14993,M,25.55000000000001,35.25,1430,49.6,135,0,0,0,0,0,0,1,6075,0.3647058823529412,289
L47314,L,25.650000000000034,35.25,1369,53.0,138,0,0,0,0,0,0,0,6210,0.381294964028777,203
M14995,M,25.650000000000034,35.35000000000002,1711,28.5,140,0,0,0,0,0,0,1,6300,0.20212765957446807,150
H29550,H,25.55000000000001,35.35000000000002,1420,45.7,143,0,0,0,0,0,0,0,6435,0.31736111111111115,277
L47317,L,25.55000000000001,35.450000000000045,1297,55.3,148,0,0,0,0,0,0,0,6660,0.3711409395973154,150
H29552,H,25.650000000000034,35.450000000000045,1449,49.4,150,0,0,0,0,0,0,1,6750,0.3271523178807947,322
L47319,L,25.650000000000034,35.450000000000045,1268,55.8,155,0,0,0,0,0,0,0,6975,0.3576923076923077,323
L47320,L,25.650000000000034,35.450000000000045,1511,36.1,157,0,0,0,0,0,0,1,7065,0.22848101265822784,325
L47321,L,25.55000000000001,35.35000000000002,1544,35.2,159,0,0,0,0,0,0,0,7155,0.22000000000000003,284
M15002,M,25.450000000000045,35.25,1778,28.2,161,0,0,0,0,0,0,1,7245,0.17407407407407408,159
H29557,H,25.450000000000045,35.25,1407,50.5,164,0,0,0,0,0,0,1,7380,0.30606060606060603,292
M15004,M,25.450000000000045,35.25,1391,42.4,169,0,0,0,0,0,0,1,7605,0.24941176470588233,189
L47325,L,25.350000000000023,35.25,1513,33.6,172,0,0,0,0,0,0,0,7740,0.19421965317919077,288
H29560,H,25.350000000000023,35.25,1612,36.1,174,0,0,0,0,0,0,1,7830,0.2062857142857143,333
L47327,L,25.25,35.25,1515,40.1,179,0,0,0,0,0,0,0,8055,0.2227777777777778,323
M15008,M,25.150000000000034,35.150000000000034,1379,48.0,181,0,0,0,0,0,0,0,8145,0.26373626373626374,194
L47329,L,25.25,35.150000000000034,1473,39.9,184,0,0,0,0,0,0,0,8280,0.21567567567567567,236
L47330,L,25.25,35.150000000000034,1422,42.7,186,0,0,0,0,0,0,0,8370,0.22834224598930483,290
M15011,M,25.25,35.05000000000001,1463,37.6,188,0,0,0,0,0,0,0,8460,0.19894179894179895,176
M15012,M,25.25,35.05000000000001,1584,41.0,191,0,0,0,0,0,0,1,8595,0.21354166666666666,358
L47333,L,25.25,35.05000000000001,1850,27.0,194,0,0,0,0,0,0,0,8730,0.13846153846153847,199
L47334,L,25.25,35.05000000000001,1528,36.2,196,0,0,0,0,0,0,1,8820,0.18375634517766498,210
H29569,H,25.25,35.05000000000001,1987,19.8,198,0,0,0,0,0,0,1,8910,0.09949748743718594,162
M15016,M,25.25,34.950000000000045,1495,46.0,203,0,0,0,0,0,0,0,9135,0.22549019607843138,289
H29571,H,25.25,35.05000000000001,1478,43.5,206,0,0,0,0,0,0,1,9270,0.21014492753623187,306
M15018,M,25.25,35.05000000000001,1499,40.0,211,0,0,0,0,0,0,1,9495,0.18867924528301888,234
L47339,L,25.25,35.05000000000001,1471,47.0,214,0,0,0,0,0,0,0,9630,0.2186046511627907,233
L47340,L,25.25,35.05000000000001,1282,60.7,216,1,0,0,0,1,0,4,9720,0.2797235023041475,26
L47341,L,25.150000000000034,34.950000000000045,1412,52.3,218,1,0,0,0,1,0,2,9810,0.23881278538812784,30
L47342,L,25.150000000000034,34.950000000000045,1586,35.5,0,0,0,0,0,0,0,0,0,35.5,157
M15023,M,25.25,35.05000000000001,1468,43.8,2,0,0,0,0,0,0,0,90,14.6,173
M15024,M,25.350000000000023,35.150000000000034,1440,43.6,5,0,0,0,0,0,0,1,225,7.266666666666667,352
L47345,L,25.350000000000023,35.25,1733,26.0,8,0,0,0,0,0,0,1,360,2.888888888888889,316
H29580,H,25.25,35.05000000000001,1612,32.6,10,0,0,0,0,0,0,1,450,2.963636363636364,182
H29581,H,25.25,35.150000000000034,1458,42.9,15,0,0,0,0,0,0,1,675,2.68125,191
L47348,L,25.25,35.150000000000034,1433,62.3,20,1,0,0,1,0,0,2,900,2.9666666666666663,25
L47349,L,25.25,35.150000000000034,1318,59.1,22,0,0,0,0,0,0,0,990,2.5695652173913044,345
M15030,M,25.25,35.05000000000001,1610,35.0,24,0,0,0,0,0,0,1,1080,1.4,342
L47351,L,25.05000000000001,34.950000000000045,1462,50.8,27,0,0,0,0,0,0,0,1215,1.8142857142857143,309
M15032,M,24.950000000000045,34.85000000000002,1924,20.8,29,0,0,0,0,0,0,1,1305,0.6933333333333334,288
M15033,M,25.05000000000001,34.85000000000002,1591,33.7,32,0,0,0,0,0,0,0,1440,1.0212121212121212,243
L47354,L,25.05000000000001,34.950000000000045,1306,58.3,35,0,0,0,0,0,0,0,1575,1.6194444444444445,186
L47355,L,25.05000000000001,34.950000000000045,1382,43.5,37,0,0,0,0,0,0,0,1665,1.144736842105263,296
L47356,L,25.05000000000001,34.950000000000045,1618,34.7,39,0,0,0,0,0,0,0,1755,0.8675,328
L47357,L,25.05000000000001,35.05000000000001,1988,21.4,41,0,0,0,0,0,0,0,1845,0.5095238095238095,183
L47358,L,25.05000000000001,35.05000000000001,1436,50.2,43,0,0,0,0,0,0,1,1935,1.1409090909090909,348
L47359,L,25.05000000000001,35.150000000000034,1304,49.8,45,0,0,0,0,0,0,1,2025,1.0826086956521739,337
L47360,L,25.05000000000001,35.150000000000034,1475,49.9,47,0,0,0,0,0,0,0,2115,1.0395833333333333,361
H29595,H,25.05000000000001,35.150000000000034,1824,24.2,49,0,0,0,0,0,0,1,2205,0.484,202
M15042,M,24.950000000000045,35.05000000000001,1342,48.1,54,0,0,0,0,0,0,0,2430,0.8745454545454546,289
L47363,L,24.950000000000045,35.05000000000001,1485,40.7,57,0,0,0,0,0,0,0,2565,0.7017241379310345,339
L47364,L,25.05000000000001,35.05000000000001,1667,30.6,59,0,0,0,0,0,0,0,2655,0.51,245
L47365,L,25.05000000000001,35.05000000000001,1446,38.2,61,0,0,0,0,0,0,0,2745,0.6161290322580646,343
L47366,L,24.950000000000045,35.150000000000034,1301,56.0,63,0,0,0,0,0,0,1,2835,0.875,363
L47367,L,25.05000000000001,35.25,1379,43.1,65,0,0,0,0,0,0,0,2925,0.6530303030303031,254
L47368,L,25.150000000000034,35.35000000000002,1606,33.6,67,0,0,0,0,0,0,1,3015,0.49411764705882355,197
M15049,M,25.150000000000034,35.25,1539,43.4,69,0,0,0,0,0,0,0,3105,0.62,189
L47370,L,25.05000000000001,35.25,1477,49.9,72,0,0,0,0,0,0,0,3240,0.6835616438356165,301
L47371,L,25.05000000000001,35.25,1666,34.6,74,0,0,0,0,0,0,1,3330,0.4613333333333334,327
H29606,H,25.05000000000001,35.25,1398,51.8,76,0,0,0,0,0,0,0,3420,0.6727272727272727,345
H29607,H,25.05000000000001,35.25,1678,34.6,81,0,0,0,0,0,0,0,3645,0.42195121951219516,237
M15054,M,25.05000000000001,35.35000000000002,2678,10.7,86,1,0,0,1,0,0,5,3870,0.12298850574712643,35
L47375,L,25.150000000000034,35.35000000000002,1453,42.9,89,0,0,0,0,0,0,1,4005,0.4766666666666666,166
H29610,H,25.150000000000034,35.450000000000045,1432,49.5,91,0,0,0,0,0,0,1,4095,0.5380434782608695,360
M15057,M,25.25,35.450000000000045,1527,40.9,96,0,0,0,0,0,0,0,4320,0.4216494845360825,251
L47378,L,25.25,35.55000000000001,1588,35.0,99,0,0,0,0,0,0,0,4455,0.35,332
L47379,L,25.25,35.450000000000045,1433,47.1,101,0,0,0,0,0,0,1,4545,0.46176470588235297,311
L47380,L,25.25,35.450000000000045,1609,35.0,103,0,0,0,0,0,0,1,4635,0.33653846153846156,260
L47381,L,25.150000000000034,35.35000000000002,1575,41.2,105,0,0,0,0,0,0,0,4725,0.3886792452830189,219
M15062,M,25.25,35.35000000000002,1636,35.7,107,0,0,0,0,0,0,0,4815,0.3305555555555556,209
L47383,L,25.25,35.35000000000002,1490,37.9,110,0,0,0,0,0,0,1,4950,0.34144144144144145,328
L47384,L,25.25,35.35000000000002,1741,32.8,112,0,0,0,0,0,0,1,5040,0.2902654867256637,226
M15065,M,25.350000000000023,35.450000000000045,1344,53.0,114,0,0,0,0,0,0,1,5130,0.4608695652173913,350
L47386,L,25.350000000000023,35.55000000000001,1609,35.3,117,0,0,0,0,0,0,1,5265,0.29915254237288136,184
M15067,M,25.25,35.55000000000001,1421,60.7,119,1,0,0,1,0,0,4,5355,0.5058333333333334,32
L47388,L,25.25,35.450000000000045,1591,36.7,122,0,0,0,0,0,0,0,5490,0.2983739837398374,165
L47389,L,25.25,35.450000000000045,1477,44.0,124,0,0,0,0,0,0,0,5580,0.352,359
L47390,L,25.25,35.55000000000001,1523,36.1,126,0,0,0,0,0,0,0,5670,0.284251968503937,295
L47391,L,25.350000000000023,35.55000000000001,1575,33.9,128,0,0,0,0,0,0,1,5760,0.2627906976744186,187
H29626,H,25.25,35.55000000000001,1344,52.9,130,0,0,0,0,0,0,0,5850,0.40381679389312974,320
L47393,L,25.25,35.55000000000001,1386,44.9,135,0,0,0,0,0,0,1,6075,0.3301470588235294,181
M15074,M,25.150000000000034,35.450000000000045,1589,37.1,137,0,0,0,0,0,0,0,6165,0.2688405797101449,156
L47395,L,25.150000000000034,35.450000000000045,1548,40.3,140,0,0,0,0,0,0,0,6300,0.2858156028368794,364
L47396,L,25.150000000000034,35.450000000000045,1499,38.3,142,0,0,0,0,0,0,0,6390,0.2678321678321678,364
L47397,L,25.150000000000034,35.35000000000002,1664,31.6,144,0,0,0,0,0,0,1,6480,0.21793103448275863,195
L47398,L,25.150000000000034,35.450000000000045,1447,38.1,146,0,0,0,0,0,0,0,6570,0.25918367346938775,338
M15079,M,25.150000000000034,35.35000000000002,1434,46.2,148,0,0,0,0,0,0,1,6660,0.31006711409395976,167
L47400,L,25.150000000000034,35.35000000000002,1416,52.7,151,0,0,0,0,0,0,1,6795,0.34671052631578947,220
H29635,H,25.25,35.35000000000002,1827,24.3,153,0,0,0,0,0,0,0,6885,0.1577922077922078,189
L47402,L,25.25,35.450000000000045,1304,45.0,158,0,0,0,0,0,0,1,7110,0.2830188679245283,237
L47403,L,25.25,35.450000000000045,1569,34.4,160,0,0,0,0,0,0,0,7200,0.21366459627329193,227
L47404,L,25.150000000000034,35.450000000000045,1584,29.3,162,0,0,0,0,0,0,1,7290,0.17975460122699388,327
L47405,L,25.150000000000034,35.35000000000002,1362,53.8,164,0,0,0,0,0,0,0,7380,0.32606060606060605,154
L47406,L,25.150000000000034,35.25,1329,49.2,166,0,0,0,0,0,0,1,7470,0.2946107784431138,331
L47407,L,25.150000000000034,35.35000000000002,1539,36.1,168,0,0,0,0,0,0,1,7560,0.21360946745562132,235
M15088,M,25.150000000000034,35.35000000000002,1629,37.1,170,0,0,0,0,0,0,0,7650,0.21695906432748538,335
L47409,L,25.150000000000034,35.35000000000002,1538,32.2,173,0,0,0,0,0,0,0,7785,0.18505747126436783,171
L47410,L,25.150000000000034,35.450000000000045,1570,34.8,175,0,0,0,0,0,0,0,7875,0.19772727272727272,223
L47411,L,25.150000000000034,35.25,1408,43.1,177,0,0,0,0,0,0,0,7965,0.24213483146067416,239
L47412,L,25.05000000000001,35.25,1424,47.6,179,0,0,0,0,0,0,1,8055,0.2644444444444444,228
L47413,L,25.05000000000001,35.25,1512,34.9,181,0,0,0,0,0,0,1,8145,0.19175824175824174,315
L47414,L,25.05000000000001,35.25,1478,42.9,183,0,0,0,0,0,0,1,8235,0.23315217391304346,268
M15095,M,24.950000000000045,35.150000000000034,1680,33.7,185,0,0,0,0,0,0,1,8325,0.18118279569892476,326
L47416,L,24.950000000000045,35.150000000000034,1495,38.7,188,0,0,0,0,0,0,0,8460,0.20476190476190478,278
M15097,M,24.850000000000023,34.950000000000045,1552,36.6,190,0,0,0,0,0,0,1,8550,0.19162303664921468,227
L47418,L,24.75,34.950000000000045,1393,50.3,193,0,0,0,0,0,0,0,8685,0.2592783505154639,185
L47419,L,24.850000000000023,35.05000000000001,1611,30.6,195,0,0,0,0,0,0,1,8775,0.15612244897959185,244
M15100,M,24.850000000000023,34.950000000000045,1339,51.6,197,0,0,0,0,0,0,0,8865,0.2606060606060606,177
L47421,L,24.850000000000023,34.950000000000045,1777,24.3,200,0,0,0,0,0,0,0,9000,0.1208955223880597,247
L47422,L,24.850000000000023,35.05000000000001,1348,58.8,202,1,0,0,0,1,0,2,9090,0.28965517241379307,19
L47423,L,24.850000000000023,35.05000000000001,1442,44.1,204,0,0,0,0,0,0,0,9180,0.2151219512195122,337
M15104,M,24.850000000000023,35.05000000000001,1395,49.1,206,0,0,0,0,0,0,0,9270,0.23719806763285026,211
M15105,M,24.75,34.950000000000045,1627,31.4,209,0,0,0,0,0,0,1,9405,0.1495238095238095,236
L47426,L,24.75,34.950000000000045,1585,33.5,212,0,0,0,0,0,0,0,9540,0.1572769953051643,323
L47427,L,24.850000000000023,35.05000000000001,1469,45.5,214,0,0,0,0,0,0,1,9630,0.2116279069767442,257
L47428,L,24.850000000000023,35.150000000000034,1362,56.8,216,1,0,0,0,1,0,5,9720,0.26175115207373273,39
L47429,L,24.850000000000023,35.150000000000034,1405,56.2,218,1,0,0,0,1,0,4,9810,0.25662100456621006,55
L47430,L,24.850000000000023,35.150000000000034,1662,32.7,0,0,0,0,0,0,0,1,0,32.7,359
M15111,M,24.850000000000023,35.05000000000001,1466,42.6,2,0,0,0,0,0,0,1,90,14.200000000000001,228
L47432,L,24.850000000000023,35.05000000000001,1620,35.8,5,0,0,0,0,0,0,1,225,5.966666666666666,274
L47433,L,24.850000000000023,35.05000000000001,1357,48.2,7,0,0,0,0,0,0,0,315,6.025,210
L47434,L,24.850000000000023,35.05000000000001,1514,37.9,9,0,0,0,0,0,0,0,405,3.79,342
L47435,L,24.850000000000023,35.05000000000001,1489,40.4,11,0,0,0,0,0,0,0,495,3.3666666666666667,175
L47436,L,24.950000000000045,35.150000000000034,1331,63.0,13,0,0,0,0,0,0,0,585,4.5,312
L47437,L,24.850000000000023,34.85000000000002,1615,29.5,15,0,0,0,0,0,0,1,675,1.84375,206
L47438,L,24.950000000000045,35.05000000000001,1482,37.9,17,0,0,0,0,0,0,1,765,2.1055555555555556,356
M15119,M,24.950000000000045,35.05000000000001,1420,63.9,19,1,0,0,1,0,0,3,855,3.195,28
M15120,M,25.05000000000001,35.150000000000034,1522,49.1,22,0,0,0,0,0,0,1,990,2.134782608695652,281
L47441,L,24.950000000000045,35.05000000000001,1654,32.1,25,0,0,0,0,0,0,1,1125,1.2346153846153847,356
M15122,M,24.950000000000045,35.05000000000001,1736,26.8,27,0,0,0,0,0,0,1,1215,0.9571428571428572,191
M15123,M,24.850000000000023,34.950000000000045,1587,32.3,30,0,0,0,0,0,0,0,1350,1.0419354838709676,322
L47444,L,24.950000000000045,35.05000000000001,1390,47.5,33,0,0,0,0,0,0,1,1485,1.3970588235294117,316
L47445,L,24.850000000000023,34.950000000000045,1454,37.1,35,0,0,0,0,0,0,1,1575,1.0305555555555557,342
H29680,H,24.850000000000023,34.950000000000045,1440,43.7,37,0,0,0,0,0,0,1,1665,1.1500000000000001,171
L47447,L,24.75,34.85000000000002,1954,21.1,42,0,0,0,0,0,0,0,1890,0.4906976744186047,288
H29682,H,24.75,34.85000000000002,1800,24.8,44,0,0,0,0,0,0,1,1980,0.5511111111111111,314
L47449,L,24.850000000000023,34.85000000000002,1524,37.0,49,0,0,0,0,0,0,1,2205,0.74,239
H29684,H,24.850000000000023,34.85000000000002,1520,39.6,51,0,0,0,0,0,0,0,2295,0.7615384615384616,328
M15131,M,24.950000000000045,34.950000000000045,1452,40.8,56,0,0,0,0,0,0,1,2520,0.7157894736842105,207
L47452,L,24.950000000000045,34.950000000000045,1484,40.4,59,0,0,0,0,0,0,0,2655,0.6733333333333333,354
L47453,L,24.950000000000045,34.85000000000002,1426,46.0,61,0,0,0,0,0,0,0,2745,0.7419354838709677,156
L47454,L,24.950000000000045,34.85000000000002,1652,28.5,63,0,0,0,0,0,0,1,2835,0.4453125,285
L47455,L,24.850000000000023,34.85000000000002,1401,54.7,65,0,0,0,0,0,0,1,2925,0.8287878787878789,200
M15136,M,24.850000000000023,34.75,1750,26.6,67,0,0,0,0,0,0,0,3015,0.3911764705882353,300
H29691,H,24.850000000000023,34.85000000000002,1479,50.7,70,0,0,0,0,0,0,1,3150,0.7140845070422536,239
M15138,M,24.850000000000023,34.85000000000002,1620,29.4,75,0,0,0,0,0,0,1,3375,0.3868421052631579,257
L47459,L,24.850000000000023,34.950000000000045,1819,23.4,78,0,0,0,0,0,0,0,3510,0.2962025316455696,158
M15140,M,24.950000000000045,34.950000000000045,1456,43.7,80,0,0,0,0,0,0,0,3600,0.5395061728395062,323
L47461,L,24.950000000000045,34.85000000000002,1626,36.5,83,0,0,0,0,0,0,1,3735,0.43452380952380953,187
M15142,M,24.950000000000045,34.950000000000045,1390,49.8,85,0,0,0,0,0,0,0,3825,0.5790697674418605,260
L47463,L,25.05000000000001,35.05000000000001,1469,43.0,88,0,0,0,0,0,0,1,3960,0.48314606741573035,162
L47464,L,25.05000000000001,35.150000000000034,2051,19.2,90,0,0,0,0,0,0,1,4050,0.210989010989011,156
L47465,L,25.05000000000001,35.150000000000034,1568,36.0,92,0,0,0,0,0,0,1,4140,0.3870967741935484,288
L47466,L,25.05000000000001,35.150000000000034,1589,33.2,94,0,0,0,0,0,0,1,4230,0.3494736842105263,351
L47467,L,25.05000000000001,35.150000000000034,1805,31.6,96,0,0,0,0,0,0,0,4320,0.32577319587628867,327
H29702,H,25.05000000000001,35.25,1385,42.2,98,0,0,0,0,0,0,1,4410,0.4262626262626263,216
L47469,L,24.950000000000045,35.25,1436,46.7,103,0,0,0,0,0,0,0,4635,0.44903846153846155,190
L47470,L,24.950000000000045,35.25,1438,45.6,105,0,0,0,0,0,0,1,4725,0.43018867924528303,306
L47471,L,24.850000000000023,35.150000000000034,1473,42.6,107,0,0,0,0,0,0,1,4815,0.39444444444444443,314
L47472,L,24.950000000000045,35.25,1335,40.2,109,0,0,0,0,0,0,0,4905,0.3654545454545455,333
H29707,H,24.950000000000045,35.35000000000002,1392,44.8,111,0,0,0,0,0,0,1,4995,0.39999999999999997,357
M15154,M,24.950000000000045,35.35000000000002,1372,51.1,116,0,0,0,0,0,0,0,5220,0.43675213675213675,165
M15155,M,24.950000000000045,35.450000000000045,1716,30.7,119,0,0,0,0,0,0,0,5355,0.2558333333333333,193
L47476,L,24.850000000000023,35.35000000000002,1395,46.2,122,0,0,0,0,0,0,1,5490,0.375609756097561,199
L47477,L,24.850000000000023,35.35000000000002,1713,25.3,124,0,0,0,0,0,0,1,5580,0.2024,348
H29712,H,24.75,35.35000000000002,2129,18.7,126,0,0,0,0,0,0,1,5670,0.14724409448818898,356
M15159,M,24.650000000000034,35.150000000000034,1567,35.6,131,0,0,0,0,0,0,1,5895,0.2696969696969697,283
L47480,L,24.650000000000034,35.25,1622,38.3,134,0,0,0,0,0,0,0,6030,0.2837037037037037,167
L47481,L,24.55000000000001,35.25,1740,27.1,136,0,0,0,0,0,0,1,6120,0.1978102189781022,296
H29716,H,24.650000000000034,35.25,1512,35.1,138,0,0,0,0,0,0,1,6210,0.2525179856115108,200
M15163,M,24.650000000000034,35.25,1479,43.5,143,0,0,0,0,0,0,1,6435,0.3020833333333333,343
L47484,L,24.650000000000034,35.25,1737,27.5,146,0,0,0,0,0,0,1,6570,0.1870748299319728,152
L47485,L,24.650000000000034,35.25,2129,19.2,148,0,0,0,0,0,0,1,6660,0.12885906040268455,238
L47486,L,24.650000000000034,35.25,1374,47.1,150,0,0,0,0,0,0,0,6750,0.3119205298013245,203
M15167,M,24.650000000000034,35.25,1579,36.6,152,0,0,0,0,0,0,1,6840,0.23921568627450981,198
L47488,L,24.75,35.35000000000002,1305,47.2,155,0,0,0,0,0,0,0,6975,0.3025641025641026,177
M15169,M,24.75,35.35000000000002,1449,40.8,157,0,0,0,0,0,0,1,7065,0.2582278481012658,187
H29724,H,24.850000000000023,35.450000000000045,1526,41.8,160,0,0,0,0,0,0,1,7200,0.25962732919254655,177
M15171,M,24.850000000000023,35.450000000000045,1453,44.1,165,0,0,0,0,0,0,1,7425,0.2656626506024096,181
L47492,L,24.75,35.450000000000045,1468,36.0,168,0,0,0,0,0,0,0,7560,0.21301775147928995,190
L47493,L,24.850000000000023,35.450000000000045,1313,50.8,170,0,0,0,0,0,0,1,7650,0.2970760233918128,185
M15174,M,24.75,35.35000000000002,1300,53.0,172,0,0,0,0,0,0,0,7740,0.3063583815028902,252
L47495,L,24.75,35.25,1646,40.6,175,0,0,0,0,0,0,0,7875,0.23068181818181818,185
L47496,L,24.650000000000034,35.25,1714,33.2,177,0,0,0,0,0,0,1,7965,0.1865168539325843,256
L47497,L,24.650000000000034,35.25,1685,28.4,179,0,0,0,0,0,0,0,8055,0.15777777777777777,275
L47498,L,24.650000000000034,35.25,1512,39.9,181,0,0,0,0,0,0,1,8145,0.21923076923076923,236
L47499,L,24.650000000000034,35.25,1612,32.1,183,0,0,0,0,0,0,1,8235,0.17445652173913045,215
H29734,H,24.650000000000034,35.25,1550,38.2,185,0,0,0,0,0,0,0,8325,0.2053763440860215,287
L47501,L,24.650000000000034,35.25,1518,32.5,190,0,0,0,0,0,0,1,8550,0.17015706806282724,219
L47502,L,24.650000000000034,35.35000000000002,1448,40.0,192,0,0,0,0,0,0,1,8640,0.20725388601036268,349
L47503,L,24.650000000000034,35.35000000000002,1561,46.3,194,0,0,0,0,0,0,0,8730,0.2374358974358974,228
M15184,M,24.650000000000034,35.35000000000002,1488,41.9,196,0,0,0,0,0,0,0,8820,0.21269035532994923,242
L47505,L,24.650000000000034,35.35000000000002,1699,27.8,199,0,0,0,0,0,0,0,8955,0.139,340
L47506,L,24.55000000000001,35.35000000000002,1501,41.4,201,0,0,0,0,0,0,0,9045,0.20495049504950494,241
L47507,L,24.55000000000001,35.35000000000002,1373,56.7,203,1,0,0,0,1,0,6,9135,0.27794117647058825,21
H29742,H,24.450000000000045,35.25,1703,31.4,205,0,0,0,0,0,0,0,9225,0.1524271844660194,169
H29743,H,24.55000000000001,35.35000000000002,1720,29.9,210,0,0,0,0,0,0,1,9450,0.14170616113744075,182
M15190,M,24.450000000000045,35.25,1398,41.9,215,0,0,0,0,0,0,0,9675,0.19398148148148148,292
M15191,M,24.450000000000045,35.25,1391,51.9,218,0,0,0,0,0,0,0,9810,0.236986301369863,284
M15192,M,24.450000000000045,35.150000000000034,1538,40.2,0,0,0,0,0,0,0,1,0,40.2,239
L47513,L,24.350000000000023,35.05000000000001,1647,31.3,3,0,0,0,0,0,0,1,135,7.825,199
M15194,M,24.350000000000023,34.950000000000045,1469,44.8,5,0,0,0,0,0,0,0,225,7.466666666666666,159
L47515,L,24.25,34.950000000000045,1749,25.9,8,0,0,0,0,0,0,0,360,2.8777777777777778,228
M15196,M,24.450000000000045,35.05000000000001,1995,20.5,10,0,0,0,0,0,0,1,450,1.8636363636363635,186
L47517,L,24.450000000000045,35.150000000000034,1742,27.7,13,0,0,0,0,0,0,0,585,1.9785714285714284,208
L47518,L,24.350000000000023,35.05000000000001,1563,38.2,15,0,0,0,0,0,0,0,675,2.3875,237
M15199,M,24.350000000000023,35.05000000000001,1713,32.2,17,0,0,0,0,0,0,1,765,1.788888888888889,352
L47520,L,24.25,34.950000000000045,1474,39.4,20,0,0,0,0,0,0,0,900,1.8761904761904762,253
M15201,M,24.25,35.05000000000001,1530,32.6,22,0,0,0,0,0,0,1,990,1.4173913043478261,212
L47522,L,24.25,35.05000000000001,1471,46.5,25,0,0,0,0,0,0,0,1125,1.7884615384615385,170
L47523,L,24.350000000000023,35.150000000000034,1388,48.6,27,0,0,0,0,0,0,1,1215,1.7357142857142858,253
M15204,M,24.350000000000023,35.05000000000001,2448,13.8,29,0,0,0,0,0,0,1,1305,0.46,228
L47525,L,24.350000000000023,35.150000000000034,1585,32.9,32,0,0,0,0,0,0,1,1440,0.996969696969697,356
M15206,M,24.350000000000023,35.150000000000034,1459,45.2,34,0,0,0,0,0,0,0,1530,1.2914285714285716,186
L47527,L,24.350000000000023,35.150000000000034,1544,40.8,37,0,0,0,0,0,0,1,1665,1.0736842105263158,194
L47528,L,24.450000000000045,35.150000000000034,1617,31.7,39,0,0,0,0,0,0,0,1755,0.7925,291
L47529,L,24.450000000000045,35.150000000000034,1595,34.3,41,0,0,0,0,0,0,1,1845,0.8166666666666667,192
H29764,H,24.450000000000045,35.150000000000034,1400,44.3,43,0,0,0,0,0,0,1,1935,1.0068181818181818,265
M15211,M,24.450000000000045,35.25,1611,31.0,48,0,0,0,0,0,0,1,2160,0.6326530612244898,234
M15212,M,24.450000000000045,35.25,1507,46.0,51,0,0,0,0,0,0,0,2295,0.8846153846153846,233
H29767,H,24.350000000000023,35.150000000000034,1674,30.0,54,0,0,0,0,0,0,0,2430,0.5454545454545454,310
L47534,L,24.450000000000045,35.150000000000034,1658,34.3,59,0,0,0,0,0,0,1,2655,0.5716666666666667,152
L47535,L,24.450000000000045,35.150000000000034,1623,36.9,61,0,0,0,0,0,0,0,2745,0.5951612903225806,253
M15216,M,24.450000000000045,35.25,1398,48.9,63,0,0,0,0,0,0,0,2835,0.7640625,236
L47537,L,24.450000000000045,35.25,1517,34.2,66,0,0,0,0,0,0,0,2970,0.5104477611940299,321
M15218,M,24.450000000000045,35.150000000000034,1467,36.7,68,0,0,0,0,0,0,1,3060,0.5318840579710146,260
M15219,M,24.450000000000045,35.150000000000034,1567,34.6,71,0,0,0,0,0,0,0,3195,0.48055555555555557,236
M15220,M,24.350000000000023,35.150000000000034,1521,38.2,74,0,0,0,0,0,0,1,3330,0.5093333333333334,240
L47541,L,24.350000000000023,35.150000000000034,1596,36.8,77,0,0,0,0,0,0,1,3465,0.4717948717948718,184
H29776,H,24.450000000000045,35.150000000000034,1640,30.9,79,0,0,0,0,0,0,1,3555,0.38625,302
L47543,L,24.450000000000045,35.150000000000034,1438,47.8,84,0,0,0,0,0,0,0,3780,0.5623529411764705,245
L47544,L,24.450000000000045,35.25,1407,55.2,86,0,0,0,0,0,0,1,3870,0.6344827586206897,235
L47545,L,24.450000000000045,35.25,1353,57.5,88,0,0,0,0,0,0,0,3960,0.6460674157303371,285
M15226,M,24.450000000000045,35.35000000000002,1552,40.9,90,0,0,0,0,0,0,0,4050,0.4494505494505494,265
M15227,M,24.450000000000045,35.25,1569,38.3,93,0,0,0,0,0,0,1,4185,0.40744680851063825,339
L47548,L,24.350000000000023,35.25,1489,39.5,96,0,0,0,0,0,0,1,4320,0.4072164948453608,295
H29783,H,24.350000000000023,35.25,1587,36.1,98,0,0,0,0,0,0,1,4410,0.36464646464646466,241
M15230,M,24.350000000000023,35.150000000000034,1622,37.2,103,0,0,0,0,0,0,0,4635,0.3576923076923077,305
L47551,L,24.350000000000023,35.25,1604,38.1,106,0,0,0,0,0,0,0,4770,0.3560747663551402,352
M15232,M,24.25,35.150000000000034,1405,51.7,108,0,0,0,0,0,0,1,4860,0.4743119266055046,289
L47553,L,24.25,35.150000000000034,1412,42.0,111,0,0,0,0,0,0,1,4995,0.375,341
L47554,L,24.25,35.150000000000034,1431,43.0,113,0,0,0,0,0,0,0,5085,0.37719298245614036,151
L47555,L,24.25,35.05000000000001,1533,37.4,115,0,0,0,0,0,0,0,5175,0.32241379310344825,336
M15236,M,24.25,35.05000000000001,1401,51.9,117,0,0,0,0,0,0,1,5265,0.4398305084745763,314
M15237,M,24.25,35.05000000000001,1424,53.9,120,0,0,0,0,0,0,0,5400,0.44545454545454544,273
L47558,L,24.150000000000034,35.05000000000001,1754,29.4,123,0,0,0,0,0,0,0,5535,0.23709677419354838,153
L47559,L,24.150000000000034,35.05000000000001,1754,26.8,125,0,0,0,0,0,0,0,5625,0.2126984126984127,318
L47560,L,24.350000000000023,35.150000000000034,2564,12.8,127,1,0,0,1,0,0,3,5715,0.1,33
L47561,L,24.350000000000023,35.35000000000002,1546,40.4,129,0,0,0,0,0,0,0,5805,0.31076923076923074,258
L47562,L,24.350000000000023,35.35000000000002,1335,48.0,131,0,0,0,0,0,0,0,5895,0.36363636363636365,260
M15243,M,24.350000000000023,35.450000000000045,1842,27.0,133,0,0,0,0,0,0,1,5985,0.20149253731343283,183
L47564,L,24.350000000000023,35.35000000000002,1712,26.8,136,0,0,0,0,0,0,0,6120,0.19562043795620437,236
M15245,M,24.450000000000045,35.450000000000045,1414,45.4,138,0,0,0,0,0,0,1,6210,0.32661870503597124,162
L47566,L,24.450000000000045,35.55000000000001,1319,50.9,141,0,0,0,0,0,0,1,6345,0.3584507042253521,156
L47567,L,24.55000000000001,35.55000000000001,1249,60.4,143,0,0,0,0,0,0,0,6435,0.41944444444444445,181
L47568,L,24.450000000000045,35.55000000000001,1455,48.2,145,0,0,0,0,0,0,1,6525,0.3301369863013699,172
M15249,M,24.450000000000045,35.55000000000001,1408,54.8,147,0,0,0,0,0,0,1,6615,0.37027027027027026,326
L47570,L,24.450000000000045,35.55000000000001,1460,46.7,150,0,0,0,0,0,0,1,6750,0.30927152317880796,349
L47571,L,24.450000000000045,35.450000000000045,1491,38.1,152,0,0,0,0,0,0,0,6840,0.24901960784313726,196
M15252,M,24.450000000000045,35.35000000000002,1490,43.4,154,0,0,0,0,0,0,1,6930,0.27999999999999997,314
M15253,M,24.350000000000023,35.25,1350,52.2,157,0,0,0,0,0,0,0,7065,0.3303797468354431,325
L47574,L,24.350000000000023,35.25,1528,39.9,160,0,0,0,0,0,0,1,7200,0.24782608695652172,178
L47575,L,24.25,35.150000000000034,1571,37.7,162,0,0,0,0,0,0,1,7290,0.23128834355828223,314
L47576,L,24.25,35.150000000000034,1490,42.6,164,0,0,0,0,0,0,1,7380,0.2581818181818182,172
M15257,M,24.25,35.150000000000034,1774,28.9,166,0,0,0,0,0,0,1,7470,0.17305389221556886,187
H29812,H,24.25,35.150000000000034,1502,43.6,169,0,0,0,0,0,0,0,7605,0.2564705882352941,276
L47579,L,24.25,35.25,1392,49.7,174,0,0,0,0,0,0,1,7830,0.28400000000000003,193
L47580,L,24.25,35.35000000000002,2100,16.9,176,0,0,0,0,0,0,1,7920,0.09548022598870055,154
L47581,L,24.350000000000023,35.35000000000002,1722,30.4,178,0,0,0,0,0,0,0,8010,0.16983240223463686,329
L47582,L,24.25,35.450000000000045,1678,32.3,180,0,0,0,0,0,0,0,8100,0.17845303867403314,189
L47583,L,24.150000000000034,35.450000000000045,1273,59.8,182,0,0,0,0,0,0,0,8190,0.326775956284153,288
L47584,L,24.150000000000034,35.450000000000045,1297,45.9,184,0,0,0,0,0,0,1,8280,0.2481081081081081,227
L47585,L,24.150000000000034,35.35000000000002,1350,57.6,186,0,0,0,0,0,0,0,8370,0.30802139037433157,255
L47586,L,24.25,35.450000000000045,1439,51.9,188,0,0,0,0,0,0,0,8460,0.27460317460317457,279
M15267,M,24.25,35.35000000000002,1600,42.1,190,0,0,0,0,0,0,0,8550,0.22041884816753926,312
M15268,M,24.25,35.450000000000045,1434,44.4,193,0,0,0,0,0,0,0,8685,0.2288659793814433,322
L47589,L,24.25,35.450000000000045,1459,41.3,196,0,0,0,0,0,0,0,8820,0.2096446700507614,198
M15270,M,24.350000000000023,35.450000000000045,1472,44.9,198,0,0,0,0,0,0,0,8910,0.22562814070351758,272
L47591,L,24.350000000000023,35.55000000000001,1429,44.3,201,0,0,0,0,0,0,1,9045,0.21930693069306928,184
L47592,L,24.350000000000023,35.450000000000045,1388,48.2,203,0,0,0,0,0,0,0,9135,0.2362745098039216,255
L47593,L,24.25,35.25,1573,34.5,205,0,0,0,0,0,0,1,9225,0.16747572815533981,221
L47594,L,24.25,35.25,1588,32.5,207,0,0,0,0,0,0,0,9315,0.15625,309
L47595,L,24.350000000000023,35.25,1511,42.8,209,0,0,0,0,0,0,0,9405,0.2038095238095238,345
L47596,L,24.25,35.35000000000002,1495,37.8,211,0,0,0,0,0,0,0,9495,0.17830188679245282,258
L47597,L,24.25,35.25,1394,50.1,213,0,0,0,0,0,0,1,9585,0.23411214953271028,274
L47598,L,24.25,35.25,2151,17.7,0,0,0,0,0,0,0,0,0,17.7,220
M15279,M,24.150000000000034,35.150000000000034,1501,38.2,2,0,0,0,0,0,0,0,90,12.733333333333334,188
M15280,M,24.150000000000034,35.150000000000034,1301,39.6,5,0,0,0,0,0,0,0,225,6.6000000000000005,325
M15281,M,24.150000000000034,35.150000000000034,1657,31.1,8,0,0,0,0,0,0,0,360,3.4555555555555557,240
L47602,L,24.150000000000034,35.150000000000034,1333,55.2,11,0,0,0,0,0,0,1,495,4.6000000000000005,186
L47603,L,24.150000000000034,35.150000000000034,1484,43.9,13,0,0,0,0,0,0,1,585,3.1357142857142857,337
L47604,L,24.150000000000034,35.25,1430,45.7,15,0,0,0,0,0,0,1,675,2.85625,230
M15285,M,24.150000000000034,35.25,1665,28.9,17,0,0,0,0,0,0,1,765,1.6055555555555554,351
L47606,L,24.25,35.35000000000002,1501,44.9,20,0,0,0,0,0,0,1,900,2.138095238095238,281
M15287,M,24.350000000000023,35.35000000000002,1496,42.2,22,0,0,0,0,0,0,0,990,1.8347826086956522,172
M15288,M,24.450000000000045,35.450000000000045,1595,36.9,25,0,0,0,0,0,0,0,1125,1.419230769230769,291
L47609,L,24.350000000000023,35.450000000000045,1208,62.3,28,0,0,0,0,0,0,0,1260,2.1482758620689655,154
L47610,L,24.350000000000023,35.450000000000045,1596,37.1,30,0,0,0,0,0,0,1,1350,1.196774193548387,343
L47611,L,24.350000000000023,35.35000000000002,1446,41.9,32,0,0,0,0,0,0,0,1440,1.2696969696969695,259
M15292,M,24.450000000000045,35.35000000000002,1466,39.7,34,0,0,0,0,0,0,1,1530,1.1342857142857143,301
M15293,M,24.450000000000045,35.35000000000002,1848,23.7,37,0,0,0,0,0,0,0,1665,0.6236842105263157,167
M15294,M,24.350000000000023,35.35000000000002,1484,44.7,40,0,0,0,0,0,0,1,1800,1.0902439024390245,176
L47615,L,24.25,35.150000000000034,1493,41.2,43,0,0,0,0,0,0,0,1935,0.9363636363636364,173
L47616,L,24.150000000000034,35.150000000000034,1504,36.3,45,0,0,0,0,0,0,0,2025,0.7891304347826086,178
L47617,L,24.150000000000034,35.150000000000034,1538,38.5,47,0,0,0,0,0,0,0,2115,0.8020833333333334,288
L47618,L,24.25,35.25,1341,52.2,49,0,0,0,0,0,0,0,2205,1.044,295
M15299,M,24.25,35.150000000000034,1535,34.6,51,0,0,0,0,0,0,1,2295,0.6653846153846155,272
L47620,L,24.25,35.35000000000002,1389,39.2,54,0,0,0,0,0,0,0,2430,0.7127272727272728,277
H29855,H,24.350000000000023,35.35000000000002,1393,46.6,56,0,0,0,0,0,0,0,2520,0.8175438596491228,261
L47622,L,24.25,35.35000000000002,1399,61.5,61,1,0,0,1,0,0,4,2745,0.9919354838709677,19
H29857,H,24.25,35.35000000000002,1469,45.1,63,0,0,0,0,0,0,1,2835,0.7046875,281
L47624,L,24.25,35.25,1582,37.2,68,0,0,0,0,0,0,0,3060,0.5391304347826087,182
L47625,L,24.350000000000023,35.450000000000045,1793,26.7,70,0,0,0,0,0,0,0,3150,0.376056338028169,355
L47626,L,24.350000000000023,35.450000000000045,1452,39.0,72,0,0,0,0,0,0,0,3240,0.5342465753424658,191
M15307,M,24.450000000000045,35.55000000000001,1376,59.9,74,0,0,0,0,0,0,0,3330,0.7986666666666666,309
L47628,L,24.350000000000023,35.450000000000045,1552,44.9,77,0,0,0,0,0,0,0,3465,0.5756410256410256,328
L47629,L,24.450000000000045,35.55000000000001,1622,37.9,79,0,0,0,0,0,0,1,3555,0.47375,274
M15310,M,24.450000000000045,35.55000000000001,1419,41.7,81,0,0,0,0,0,0,1,3645,0.5085365853658537,153
H29865,H,24.350000000000023,35.450000000000045,1440,46.1,84,0,0,0,0,0,0,1,3780,0.5423529411764706,169
M15312,M,24.25,35.450000000000045,1643,31.0,89,0,0,0,0,0,0,0,4005,0.34444444444444444,362
L47633,L,24.25,35.55000000000001,1510,36.2,92,0,0,0,0,0,0,1,4140,0.389247311827957,344
L47634,L,24.25,35.55000000000001,1468,46.6,94,0,0,0,0,0,0,0,4230,0.4905263157894737,217
L47635,L,24.25,35.55000000000001,1429,57.4,96,0,0,0,0,0,0,0,4320,0.5917525773195876,339
H29870,H,24.150000000000034,35.55000000000001,1478,47.6,98,0,0,0,0,0,0,0,4410,0.4808080808080808,207
L47637,L,24.25,35.450000000000045,1276,53.6,103,0,0,0,0,0,0,0,4635,0.5153846153846154,324
L47638,L,24.150000000000034,35.450000000000045,1486,42.6,105,0,0,0,0,0,0,1,4725,0.4018867924528302,352
L47639,L,24.25,35.450000000000045,1476,42.3,107,0,0,0,0,0,0,1,4815,0.39166666666666666,229
H29874,H,24.150000000000034,35.450000000000045,1431,42.0,109,0,0,0,0,0,0,1,4905,0.38181818181818183,336
L47641,L,24.25,35.55000000000001,1402,40.2,114,0,0,0,0,0,0,0,5130,0.34956521739130436,283
L47642,L,24.25,35.55000000000001,1433,43.4,116,0,0,0,0,0,0,1,5220,0.37094017094017095,244
L47643,L,24.25,35.55000000000001,2874,4.2,118,1,0,0,1,0,0,3,5310,0.03529411764705882,24
L47644,L,24.150000000000034,35.450000000000045,1511,35.7,120,0,0,0,0,0,0,0,5400,0.2950413223140496,354
M15325,M,24.150000000000034,35.450000000000045,1456,42.9,122,0,0,0,0,0,0,1,5490,0.348780487804878,300
L47646,L,24.05000000000001,35.35000000000002,1550,41.5,125,0,0,0,0,0,0,0,5625,0.32936507936507936,329
L47647,L,24.05000000000001,35.35000000000002,2182,16.5,127,0,0,0,0,0,0,1,5715,0.12890625,153
L47648,L,24.150000000000034,35.55000000000001,1619,31.6,129,0,0,0,0,0,0,1,5805,0.24307692307692308,314
M15329,M,24.150000000000034,35.650000000000034,1586,32.7,131,0,0,0,0,0,0,1,5895,0.24772727272727274,319
H29884,H,24.150000000000034,35.650000000000034,1499,44.2,134,0,0,0,0,0,0,0,6030,0.3274074074074074,193
H29885,H,24.150000000000034,35.650000000000034,1419,42.4,139,0,0,0,0,0,0,1,6255,0.3028571428571428,274
M15332,M,24.25,35.85000000000002,1497,41.8,144,0,0,0,0,0,0,1,6480,0.2882758620689655,191
M15333,M,24.25,35.85000000000002,1520,37.0,147,0,0,0,0,0,0,1,6615,0.25,178
L47654,L,24.25,35.950000000000045,1478,49.8,150,0,0,0,0,0,0,1,6750,0.32980132450331123,296
L47655,L,24.25,35.950000000000045,1380,41.1,152,0,0,0,0,0,0,0,6840,0.26862745098039215,361
L47656,L,24.25,35.85000000000002,1570,37.9,154,0,0,0,0,0,0,0,6930,0.24451612903225806,309
H29891,H,24.25,35.85000000000002,1468,41.4,156,0,0,0,0,0,0,1,7020,0.26369426751592356,193
L47658,L,24.25,35.85000000000002,1833,22.6,161,0,0,0,0,0,0,1,7245,0.13950617283950617,204
M15339,M,24.25,35.75,1323,57.3,163,0,0,0,0,0,0,1,7335,0.349390243902439,229
L47660,L,24.25,35.85000000000002,1583,32.0,166,0,0,0,0,0,0,0,7470,0.19161676646706588,282
M15341,M,24.150000000000034,35.85000000000002,1556,39.5,168,0,0,0,0,0,0,1,7560,0.23372781065088757,262
L47662,L,24.150000000000034,35.85000000000002,1548,37.4,171,0,0,0,0,0,0,1,7695,0.21744186046511627,323
L47663,L,24.25,35.85000000000002,1324,56.9,173,0,0,0,0,0,0,0,7785,0.32701149425287357,353
L47664,L,24.25,35.85000000000002,1568,33.7,175,0,0,0,0,0,0,0,7875,0.19147727272727275,322
M15345,M,24.25,35.85000000000002,1685,30.7,177,0,0,0,0,0,0,0,7965,0.17247191011235954,170
M15346,M,24.25,35.950000000000045,1582,35.9,180,0,0,0,0,0,0,1,8100,0.19834254143646407,227
M15347,M,24.25,35.950000000000045,1463,35.0,183,0,0,0,0,0,0,0,8235,0.19021739130434784,299
L47668,L,24.25,36.05000000000001,1584,42.8,186,0,0,0,0,0,0,0,8370,0.22887700534759356,179
M15349,M,24.350000000000023,36.05000000000001,1347,55.8,188,0,0,0,0,0,0,1,8460,0.29523809523809524,172
L47670,L,24.25,36.05000000000001,1459,37.9,191,0,0,0,0,0,0,0,8595,0.19739583333333333,154
L47671,L,24.25,36.05000000000001,1420,45.6,193,0,0,0,0,0,0,1,8685,0.23505154639175257,212
L47672,L,24.350000000000023,36.150000000000034,1404,43.5,195,0,0,0,0,0,0,1,8775,0.22193877551020408,208
L47673,L,24.350000000000023,36.150000000000034,1470,38.8,197,0,0,0,0,0,0,0,8865,0.19595959595959594,231
L47674,L,24.450000000000045,36.25,1326,49.8,199,0,0,0,0,0,0,1,8955,0.249,201
H29909,H,24.350000000000023,36.150000000000034,1459,49.7,201,0,0,0,0,0,0,0,9045,0.24603960396039606,214
M15356,M,24.350000000000023,36.05000000000001,1530,40.0,206,0,0,0,0,0,0,0,9270,0.1932367149758454,188
L47677,L,24.25,35.85000000000002,1505,39.2,209,0,0,0,0,0,0,0,9405,0.18666666666666668,358
L47678,L,24.350000000000023,35.950000000000045,1611,30.2,211,0,0,0,0,0,0,1,9495,0.14245283018867924,152
L47679,L,24.350000000000023,35.950000000000045,1515,35.1,213,0,0,0,0,0,0,0,9585,0.16401869158878504,319
M15360,M,24.350000000000023,36.05000000000001,1804,27.4,215,0,0,0,0,0,0,1,9675,0.12685185185185185,220
M15361,M,24.450000000000045,36.150000000000034,1464,46.2,218,0,0,0,0,0,0,1,9810,0.21095890410958906,304
L47682,L,24.450000000000045,36.05000000000001,1390,43.3,221,0,0,0,0,0,0,1,9945,0.19504504504504502,305
M15363,M,24.450000000000045,36.05000000000001,1442,48.1,0,0,0,0,0,0,0,0,0,48.1,331
M15364,M,24.450000000000045,36.150000000000034,1529,41.9,3,0,0,0,0,0,0,1,135,10.475,164
L47685,L,24.450000000000045,36.150000000000034,1610,35.0,6,0,0,0,0,0,0,1,270,5.0,330
L47686,L,24.450000000000045,36.150000000000034,1543,34.3,8,0,0,0,0,0,0,0,360,3.811111111111111,221
H29921,H,24.650000000000034,36.25,1445,48.2,10,0,0,0,0,0,0,0,450,4.381818181818182,219
L47688,L,24.55000000000001,36.150000000000034,1893,24.6,15,0,0,0,0,0,0,1,675,1.5375,153
M15369,M,24.450000000000045,36.150000000000034,1415,41.3,17,0,0,0,0,0,0,1,765,2.2944444444444443,243
L47690,L,24.350000000000023,36.150000000000034,1564,37.5,20,0,0,0,0,0,0,0,900,1.7857142857142858,294
L47691,L,24.350000000000023,36.150000000000034,1479,39.4,22,0,0,0,0,0,0,1,990,1.7130434782608694,183
L47692,L,24.350000000000023,36.05000000000001,1426,44.8,24,0,0,0,0,0,0,1,1080,1.7919999999999998,273
L47693,L,24.25,36.05000000000001,1428,38.8,26,0,0,0,0,0,0,1,1170,1.437037037037037,283
L47694,L,24.25,36.05000000000001,1620,33.2,28,0,0,0,0,0,0,1,1260,1.1448275862068966,185
L47695,L,24.350000000000023,36.05000000000001,1715,28.0,30,0,0,0,0,0,0,0,1350,0.9032258064516129,248
L47696,L,24.350000000000023,36.150000000000034,1732,29.9,32,0,0,0,0,0,0,1,1440,0.906060606060606,316
M15377,M,24.350000000000023,36.25,1391,58.2,34,0,0,0,0,0,0,0,1530,1.662857142857143,229
L47698,L,24.450000000000045,36.35000000000002,1924,20.6,37,0,0,0,0,0,0,1,1665,0.5421052631578948,215
M15379,M,24.55000000000001,36.35000000000002,2027,19.8,39,0,0,0,0,0,0,0,1755,0.495,285
L47700,L,24.450000000000045,36.35000000000002,1617,36.2,42,0,0,0,0,0,0,1,1890,0.8418604651162791,292
L47701,L,24.350000000000023,36.25,1497,35.8,44,0,0,0,0,0,0,0,1980,0.7955555555555555,340
M15382,M,24.350000000000023,36.35000000000002,1448,43.7,46,0,0,0,0,0,0,1,2070,0.9297872340425533,240
L47703,L,24.25,36.25,1401,45.9,49,0,0,0,0,0,0,0,2205,0.9179999999999999,229
L47704,L,24.25,36.25,1620,35.4,51,0,0,0,0,0,0,1,2295,0.6807692307692308,342
L47705,L,24.25,36.25,1466,45.5,53,0,0,0,0,0,0,1,2385,0.8425925925925926,208
L47706,L,24.450000000000045,36.35000000000002,1373,50.6,55,0,0,0,0,0,0,0,2475,0.9035714285714286,159
M15387,M,24.450000000000045,36.450000000000045,1592,35.8,57,0,0,0,0,0,0,0,2565,0.6172413793103447,156
M15388,M,24.350000000000023,36.35000000000002,1553,42.4,60,0,0,0,0,0,0,0,2700,0.6950819672131148,261
L47709,L,24.450000000000045,36.35000000000002,1569,36.2,63,0,0,0,0,0,0,0,2835,0.565625,351
M15390,M,24.450000000000045,36.35000000000002,1709,32.2,65,0,0,0,0,0,0,0,2925,0.4878787878787879,225
L47711,L,24.450000000000045,36.35000000000002,1549,34.9,68,0,0,0,0,0,0,1,3060,0.5057971014492754,358
L47712,L,24.350000000000023,36.25,1443,45.4,70,0,0,0,0,0,0,0,3150,0.6394366197183098,161
L47713,L,24.350000000000023,36.150000000000034,1675,29.8,72,0,0,0,0,0,0,0,3240,0.40821917808219177,228
L47714,L,24.350000000000023,36.150000000000034,1623,33.4,74,0,0,0,0,0,0,1,3330,0.4453333333333333,195
H29949,H,24.25,36.150000000000034,1365,52.4,76,0,0,0,0,0,0,0,3420,0.6805194805194805,181
L47716,L,24.25,36.150000000000034,1759,24.8,81,0,0,0,0,0,0,0,3645,0.3024390243902439,309
H29951,H,24.25,36.150000000000034,1516,43.0,83,0,0,0,0,0,0,0,3735,0.5119047619047619,264
M15398,M,24.25,36.150000000000034,1499,36.8,88,0,0,0,0,0,0,1,3960,0.4134831460674157,355
M15399,M,24.25,36.150000000000034,1775,25.8,91,0,0,0,0,0,0,0,4095,0.28043478260869564,263
L47720,L,24.25,36.25,1473,45.5,94,0,0,0,0,0,0,1,4230,0.4789473684210526,275
L47721,L,24.25,36.25,1296,52.3,96,0,0,0,0,0,0,1,4320,0.5391752577319587,239
L47722,L,24.350000000000023,36.25,1803,24.7,98,0,0,0,0,0,0,0,4410,0.2494949494949495,210
H29957,H,24.350000000000023,36.150000000000034,1563,36.1,100,0,0,0,0,0,0,1,4500,0.35742574257425747,346
M15404,M,24.350000000000023,36.25,1831,26.6,105,0,0,0,0,0,0,0,4725,0.2509433962264151,210
L47725,L,24.450000000000045,36.25,1958,22.1,108,0,0,0,0,0,0,0,4860,0.20275229357798166,251
L47726,L,24.350000000000023,36.25,1809,24.3,110,0,0,0,0,0,0,0,4950,0.21891891891891893,263
M15407,M,24.350000000000023,36.25,1482,39.3,112,0,0,0,0,0,0,0,5040,0.347787610619469,323
L47728,L,24.25,36.150000000000034,1332,53.2,115,0,0,0,0,0,0,0,5175,0.45862068965517244,345
L47729,L,24.25,36.05000000000001,1437,40.4,117,0,0,0,0,0,0,1,5265,0.3423728813559322,241
L47730,L,24.25,36.05000000000001,1698,29.4,119,0,0,0,0,0,0,1,5355,0.245,332
L47731,L,24.25,36.05000000000001,1274,54.3,121,0,0,0,0,0,0,1,5445,0.4450819672131147,278
M15412,M,24.25,36.150000000000034,1622,35.0,123,0,0,0,0,0,0,1,5535,0.28225806451612906,354
M15413,M,24.25,36.150000000000034,1564,36.0,126,0,0,0,0,0,0,0,5670,0.28346456692913385,256
H29968,H,24.350000000000023,36.25,1368,45.3,129,0,0,0,0,0,0,0,5805,0.34846153846153843,344
M15415,M,24.25,36.25,1539,42.2,134,0,0,0,0,0,0,1,6030,0.3125925925925926,198
L47736,L,24.350000000000023,36.25,1357,50.1,137,0,0,0,0,0,0,0,6165,0.3630434782608696,174
M15417,M,24.350000000000023,36.25,1433,48.3,139,0,0,0,0,0,0,1,6255,0.345,165
L47738,L,24.350000000000023,36.25,1650,34.6,142,0,0,0,0,0,0,1,6390,0.24195804195804196,362
L47739,L,24.350000000000023,36.25,1503,40.6,144,0,0,0,0,0,0,1,6480,0.28,290
L47740,L,24.350000000000023,36.25,1318,58.2,146,0,0,0,0,0,0,1,6570,0.3959183673469388,329
M15421,M,24.350000000000023,36.25,1678,34.4,148,0,0,0,0,0,0,0,6660,0.2308724832214765,257
L47742,L,24.450000000000045,36.35000000000002,1574,30.9,151,0,0,0,0,0,0,0,6795,0.20328947368421052,313
L47743,L,24.55000000000001,36.450000000000045,1529,35.2,153,0,0,0,0,0,0,1,6885,0.2285714285714286,349
H29978,H,24.450000000000045,36.450000000000045,1669,32.1,155,0,0,0,0,0,0,1,6975,0.2057692307692308,193
H29979,H,24.55000000000001,36.55000000000001,1570,35.8,160,0,0,0,0,0,0,1,7200,0.22236024844720495,232
M15426,M,24.450000000000045,36.55000000000001,1541,33.7,165,0,0,0,0,0,0,1,7425,0.2030120481927711,196
M15427,M,24.55000000000001,36.55000000000001,1680,30.2,168,0,0,0,0,0,0,1,7560,0.178698224852071,273
L47748,L,24.650000000000034,36.55000000000001,1935,22.1,171,0,0,0,0,0,0,0,7695,0.12848837209302327,229
M15429,M,24.55000000000001,36.450000000000045,1596,35.2,173,0,0,0,0,0,0,1,7785,0.20229885057471267,225
L47750,L,24.55000000000001,36.55000000000001,1498,41.0,176,0,0,0,0,0,0,1,7920,0.23163841807909605,169
M15431,M,24.650000000000034,36.650000000000034,1676,29.0,178,0,0,0,0,0,0,0,8010,0.16201117318435754,295
L47752,L,24.650000000000034,36.75,1351,49.0,181,0,0,0,0,0,0,0,8145,0.2692307692307692,331
L47753,L,24.75,36.75,1472,45.0,183,0,0,0,0,0,0,0,8235,0.24456521739130435,161
M15434,M,24.75,36.85000000000002,1439,41.7,185,0,0,0,0,0,0,0,8325,0.2241935483870968,261
M15435,M,24.75,36.75,1410,55.4,188,0,0,0,0,0,0,0,8460,0.2931216931216931,302
H29990,H,24.55000000000001,36.55000000000001,1440,51.1,191,0,0,0,0,0,0,0,8595,0.26614583333333336,209
L47757,L,24.55000000000001,36.55000000000001,1591,37.7,196,0,0,0,0,0,0,0,8820,0.19137055837563452,224
L47758,L,24.650000000000034,36.650000000000034,1533,36.8,198,0,0,0,0,0,0,0,8910,0.18492462311557786,363
M15439,M,24.650000000000034,36.55000000000001,1700,31.3,200,0,0,0,0,0,0,0,9000,0.15572139303482588,259
M15440,M,24.650000000000034,36.650000000000034,1798,25.5,203,0,0,0,0,0,0,1,9135,0.125,183
L47761,L,24.650000000000034,36.55000000000001,1394,42.9,206,0,0,0,0,0,0,0,9270,0.2072463768115942,290
L47762,L,24.650000000000034,36.55000000000001,1341,49.2,208,0,0,0,0,0,0,1,9360,0.23540669856459331,315
H29997,H,24.55000000000001,36.450000000000045,1697,32.2,210,0,0,0,0,0,0,1,9450,0.15260663507109007,289
H29998,H,24.450000000000045,36.450000000000045,1419,48.2,215,0,0,0,0,0,0,1,9675,0.22314814814814815,185
L47765,L,24.450000000000045,36.35000000000002,2001,20.5,220,0,0,0,0,0,0,1,9900,0.09276018099547512,177
L47766,L,24.450000000000045,36.450000000000045,1501,49.8,222,1,0,0,0,1,0,5,9990,0.22331838565022422,25
H30001,H,24.450000000000045,36.35000000000002,1623,33.1,224,0,0,0,0,0,0,1,10080,0.1471111111111111,226
L47768,L,24.450000000000045,36.25,1628,33.4,229,0,0,0,0,0,0,1,10305,0.14521739130434783,320
L47769,L,24.450000000000045,36.25,1491,40.2,231,0,0,0,0,0,0,1,10395,0.17327586206896553,253
L47770,L,24.350000000000023,36.25,1517,36.7,233,0,0,0,0,0,0,0,10485,0.15683760683760686,240
H30005,H,24.350000000000023,36.150000000000034,1525,41.7,235,0,0,0,0,0,0,1,10575,0.1766949152542373,264
H30006,H,24.350000000000023,36.35000000000002,1668,27.9,240,0,0,0,0,0,0,1,10800,0.11576763485477178,308
L47773,L,24.350000000000023,36.450000000000045,1312,50.7,0,0,0,0,0,0,0,1,0,50.7,151
H30008,H,24.450000000000045,36.450000000000045,1278,50.4,2,0,0,0,0,0,0,1,90,16.8,266
M15455,M,24.450000000000045,36.450000000000045,1330,53.1,7,0,0,0,0,0,0,0,315,6.6375,231
M15456,M,24.450000000000045,36.450000000000045,1530,37.3,10,0,0,0,0,0,0,1,450,3.3909090909090907,239
H30011,H,24.450000000000045,36.450000000000045,1428,46.6,13,0,0,0,0,0,0,0,585,3.3285714285714287,191
L47778,L,24.55000000000001,36.450000000000045,1480,47.9,18,0,0,0,0,0,0,0,810,2.5210526315789474,180
H30013,H,24.55000000000001,36.55000000000001,1616,31.1,20,0,0,0,0,0,0,1,900,1.480952380952381,210
L47780,L,24.650000000000034,36.55000000000001,1547,37.3,25,0,0,0,0,0,0,1,1125,1.4346153846153844,251
L47781,L,24.75,36.55000000000001,2194,16.8,27,0,0,0,0,0,0,0,1215,0.6,205
L47782,L,24.75,36.650000000000034,2000,21.3,29,0,0,0,0,0,0,1,1305,0.7100000000000001,363
L47783,L,24.75,36.650000000000034,1336,71.6,31,1,0,0,1,0,0,5,1395,2.2375,25
L47784,L,24.75,36.75,1542,33.8,33,0,0,0,0,0,0,0,1485,0.9941176470588234,277
M15465,M,24.75,36.650000000000034,1693,29.9,35,0,0,0,0,0,0,0,1575,0.8305555555555555,163
L47786,L,24.75,36.650000000000034,1461,50.5,38,0,0,0,0,0,0,1,1710,1.294871794871795,163
M15467,M,24.850000000000023,36.75,1565,33.9,40,0,0,0,0,0,0,1,1800,0.8268292682926829,306
L47788,L,24.850000000000023,36.75,1403,47.7,43,0,0,0,0,0,0,1,1935,1.0840909090909092,358
L47789,L,24.950000000000045,36.75,1629,32.5,45,0,0,0,0,0,0,0,2025,0.7065217391304348,327
L47790,L,24.950000000000045,36.85000000000002,1534,33.7,47,0,0,0,0,0,0,1,2115,0.7020833333333334,199
L47791,L,24.950000000000045,36.85000000000002,1553,40.9,49,0,0,0,0,0,0,0,2205,0.818,340
L47792,L,24.950000000000045,36.75,1563,32.8,51,0,0,0,0,0,0,0,2295,0.6307692307692307,250
L47793,L,24.950000000000045,36.75,1634,30.0,53,0,0,0,0,0,0,1,2385,0.5555555555555556,350
M15474,M,24.850000000000023,36.75,1445,45.2,55,0,0,0,0,0,0,0,2475,0.8071428571428572,342
L47795,L,24.950000000000045,36.75,1642,30.4,58,0,0,0,0,0,0,1,2610,0.5152542372881356,217
H30030,H,24.950000000000045,36.75,1686,29.1,60,0,0,0,0,0,0,1,2700,0.47704918032786886,220
M15477,M,24.950000000000045,36.85000000000002,1393,43.1,65,0,0,0,0,0,0,0,2925,0.6530303030303031,160
H30032,H,25.05000000000001,36.85000000000002,1433,44.2,68,0,0,0,0,0,0,1,3060,0.6405797101449275,163
L47799,L,25.150000000000034,36.85000000000002,1507,44.7,73,0,0,0,0,0,0,0,3285,0.6040540540540541,255
M15480,M,25.150000000000034,36.950000000000045,1389,49.6,75,0,0,0,0,0,0,0,3375,0.6526315789473685,360
L47801,L,25.150000000000034,36.950000000000045,1408,45.3,78,0,0,0,0,0,0,1,3510,0.5734177215189873,253
M15482,M,25.25,37.05000000000001,1725,32.0,80,0,0,0,0,0,0,1,3600,0.3950617283950617,280
L47803,L,25.25,36.950000000000045,1926,23.7,83,0,0,0,0,0,0,1,3735,0.28214285714285714,277
H30038,H,25.150000000000034,36.950000000000045,1509,37.6,85,0,0,0,0,0,0,1,3825,0.4372093023255814,157
L47805,L,25.150000000000034,36.950000000000045,1545,36.3,90,0,0,0,0,0,0,0,4050,0.39890109890109887,320
L47806,L,25.25,36.950000000000045,1533,35.2,92,0,0,0,0,0,0,0,4140,0.378494623655914,286
L47807,L,25.25,36.950000000000045,1455,42.2,94,0,0,0,0,0,0,0,4230,0.4442105263157895,168
M15488,M,25.25,36.950000000000045,1335,57.8,96,0,0,0,0,0,0,1,4320,0.5958762886597938,289
L47809,L,25.150000000000034,36.950000000000045,1523,45.9,99,0,0,0,0,0,0,0,4455,0.45899999999999996,304
L47810,L,25.150000000000034,36.85000000000002,1460,47.6,101,0,0,0,0,0,0,0,4545,0.4666666666666667,261
L47811,L,25.25,36.85000000000002,1554,37.3,103,0,0,0,0,0,0,1,4635,0.3586538461538461,207
H30046,H,25.150000000000034,36.85000000000002,1419,47.1,105,0,0,0,0,0,0,1,4725,0.44433962264150945,174
L47813,L,25.150000000000034,36.85000000000002,1442,43.9,110,0,0,0,0,0,0,1,4950,0.3954954954954955,194
L47814,L,25.150000000000034,36.75,1507,41.6,112,0,0,0,0,0,0,0,5040,0.368141592920354,251
L47815,L,25.150000000000034,36.85000000000002,1858,23.9,114,0,0,0,0,0,0,1,5130,0.20782608695652172,197
L47816,L,25.150000000000034,36.75,1463,43.9,116,0,0,0,0,0,0,0,5220,0.3752136752136752,199
L47817,L,25.05000000000001,36.55000000000001,1585,37.4,118,0,0,0,0,0,0,0,5310,0.3142857142857143,230
L47818,L,24.850000000000023,36.450000000000045,1536,37.3,120,0,0,0,0,0,0,0,5400,0.3082644628099173,193
L47819,L,24.850000000000023,36.450000000000045,1403,51.3,122,0,0,0,0,0,0,0,5490,0.4170731707317073,208
M15500,M,24.75,36.450000000000045,1515,38.8,124,0,0,0,0,0,0,0,5580,0.31039999999999995,310
L47821,L,24.75,36.35000000000002,1390,47.9,127,0,0,0,0,0,0,1,5715,0.37421875,252
M15502,M,24.650000000000034,36.25,1226,58.7,129,0,0,0,0,0,0,0,5805,0.45153846153846156,227
M15503,M,24.650000000000034,36.25,1495,36.5,132,0,0,0,0,0,0,1,5940,0.2744360902255639,305
H30058,H,24.55000000000001,36.25,1608,30.2,135,0,0,0,0,0,0,0,6075,0.22205882352941175,167
L47825,L,24.55000000000001,36.25,1392,44.1,140,0,0,0,0,0,0,0,6300,0.3127659574468085,332
M15506,M,24.55000000000001,36.25,1461,43.7,142,0,0,0,0,0,0,1,6390,0.3055944055944056,310
L47827,L,24.55000000000001,36.150000000000034,1559,36.9,145,0,0,0,0,0,0,0,6525,0.25273972602739725,265
H30062,H,24.55000000000001,36.150000000000034,1400,48.9,147,0,0,0,0,0,0,0,6615,0.3304054054054054,255
M15509,M,24.55000000000001,36.05000000000001,1732,28.8,152,0,0,0,0,0,0,1,6840,0.18823529411764706,292
L47830,L,24.450000000000045,36.05000000000001,1611,33.1,155,0,0,0,0,0,0,1,6975,0.21217948717948718,338
L47831,L,24.450000000000045,35.950000000000045,1503,38.9,157,0,0,0,0,0,0,0,7065,0.2462025316455696,160
L47832,L,24.55000000000001,36.05000000000001,1391,44.5,159,0,0,0,0,0,0,0,7155,0.278125,313
L47833,L,24.650000000000034,36.150000000000034,2015,20.1,161,0,0,0,0,0,0,0,7245,0.12407407407407409,292
L47834,L,24.650000000000034,36.05000000000001,1683,30.9,163,0,0,0,0,0,0,1,7335,0.18841463414634146,330
L47835,L,24.55000000000001,35.950000000000045,1435,38.8,165,0,0,0,0,0,0,0,7425,0.23373493975903611,211
M15516,M,24.55000000000001,35.950000000000045,1732,28.1,167,0,0,0,0,0,0,1,7515,0.16726190476190478,197
L47837,L,24.55000000000001,36.05000000000001,1365,58.6,170,0,0,0,0,0,0,1,7650,0.34269005847953216,243
L47838,L,24.55000000000001,35.950000000000045,1562,36.8,172,0,0,0,0,0,0,0,7740,0.21271676300578032,292
L47839,L,24.450000000000045,35.950000000000045,1449,49.1,174,0,0,0,0,0,0,1,7830,0.2805714285714286,340
M15520,M,24.55000000000001,36.05000000000001,1700,27.4,176,0,0,0,0,0,0,0,7920,0.15480225988700563,236
M15521,M,24.450000000000045,35.85000000000002,1427,45.6,179,0,0,0,0,0,0,0,8055,0.25333333333333335,320
M15522,M,24.450000000000045,35.75,1479,38.1,182,0,0,0,0,0,0,1,8190,0.20819672131147543,199
L47843,L,24.350000000000023,35.75,1469,44.0,185,0,0,0,0,0,0,1,8325,0.23655913978494625,209
L47844,L,24.350000000000023,35.75,1390,47.4,187,0,0,0,0,0,0,1,8415,0.2521276595744681,208
L47845,L,24.350000000000023,35.75,1729,28.1,189,0,0,0,0,0,0,1,8505,0.14789473684210527,164
L47846,L,24.350000000000023,35.85000000000002,1470,43.5,191,0,0,0,0,0,0,1,8595,0.2265625,178
L47847,L,24.350000000000023,35.75,1459,48.5,193,0,0,0,0,0,0,1,8685,0.25,352
L47848,L,24.350000000000023,35.75,1738,24.0,195,0,0,0,0,0,0,0,8775,0.12244897959183673,359
H30083,H,24.350000000000023,35.75,1471,37.7,197,0,0,0,0,0,0,0,8865,0.1904040404040404,189
L47850,L,24.450000000000045,35.85000000000002,1822,25.4,202,0,0,0,0,0,0,0,9090,0.1251231527093596,180
L47851,L,24.350000000000023,35.75,1554,34.8,204,0,0,0,0,0,0,1,9180,0.1697560975609756,222
M15532,M,24.450000000000045,35.75,1433,43.2,206,0,0,0,0,0,0,1,9270,0.20869565217391306,363
L47853,L,24.450000000000045,35.75,1449,47.7,209,0,0,0,0,0,0,1,9405,0.22714285714285715,160
L47854,L,24.650000000000034,35.85000000000002,1456,41.2,0,0,0,0,0,0,0,0,0,41.2,230
M15535,M,24.650000000000034,35.950000000000045,1424,45.5,2,0,0,0,0,0,0,0,90,15.166666666666666,211
H30090,H,24.75,36.05000000000001,1577,34.7,5,0,0,0,0,0,0,1,225,5.783333333333334,352
L47857,L,24.75,36.05000000000001,1478,39.7,10,0,0,0,0,0,0,1,450,3.6090909090909093,285
M15538,M,24.650000000000034,36.05000000000001,1295,61.2,12,0,0,0,0,0,0,1,540,4.707692307692308,200
L47859,L,24.650000000000034,36.05000000000001,1372,47.3,15,0,0,0,0,0,0,1,675,2.95625,206
M15540,M,24.650000000000034,35.950000000000045,1432,42.6,17,0,0,0,0,0,0,0,765,2.3666666666666667,281
M15541,M,24.55000000000001,35.85000000000002,1656,33.2,20,0,0,0,0,0,0,0,900,1.580952380952381,313
H30096,H,24.650000000000034,35.85000000000002,1410,48.8,23,0,0,0,0,0,0,0,1035,2.033333333333333,296
L47863,L,24.55000000000001,35.85000000000002,1874,24.4,28,0,0,0,0,0,0,1,1260,0.8413793103448275,173
L47864,L,24.55000000000001,35.85000000000002,1538,43.2,30,0,0,0,0,0,0,0,1350,1.3935483870967742,190
M15545,M,24.55000000000001,35.85000000000002,1636,29.7,32,0,0,0,0,0,0,1,1440,0.9,198
M15546,M,24.55000000000001,35.85000000000002,1504,40.4,35,0,0,0,0,0,0,1,1575,1.1222222222222222,359
M15547,M,24.55000000000001,35.85000000000002,1531,42.4,38,0,0,0,0,0,0,1,1710,1.087179487179487,323
H30102,H,24.450000000000045,35.85000000000002,1735,26.4,41,0,0,0,0,0,0,0,1845,0.6285714285714286,185
H30103,H,24.450000000000045,35.85000000000002,1354,55.6,46,0,0,0,0,0,0,0,2070,1.1829787234042553,159
H30104,H,24.450000000000045,35.85000000000002,1413,40.2,51,0,0,0,0,0,0,1,2295,0.7730769230769231,227
L47871,L,24.55000000000001,35.950000000000045,1563,39.3,56,0,0,0,0,0,0,0,2520,0.6894736842105262,284
L47872,L,24.55000000000001,35.950000000000045,1479,42.1,58,0,0,0,0,0,0,1,2610,0.7135593220338984,289
L47873,L,24.55000000000001,35.950000000000045,1477,38.3,60,0,0,0,0,0,0,1,2700,0.6278688524590164,235
L47874,L,24.450000000000045,35.950000000000045,1394,50.0,62,0,0,0,0,0,0,1,2790,0.7936507936507936,325
L47875,L,24.450000000000045,35.85000000000002,1487,45.4,64,0,0,0,0,0,0,0,2880,0.6984615384615385,314
M15556,M,24.450000000000045,35.85000000000002,1815,25.3,66,0,0,0,0,0,0,0,2970,0.3776119402985075,352
M15557,M,24.450000000000045,35.650000000000034,1453,39.7,69,0,0,0,0,0,0,1,3105,0.5671428571428572,313
L47878,L,24.450000000000045,35.650000000000034,1539,40.2,72,0,0,0,0,0,0,0,3240,0.5506849315068494,209
H30113,H,24.350000000000023,35.55000000000001,1416,39.2,74,0,0,0,0,0,0,0,3330,0.5226666666666667,354
M15560,M,24.450000000000045,35.650000000000034,1683,31.6,79,0,0,0,0,0,0,0,3555,0.395,245
L47881,L,24.55000000000001,35.650000000000034,1515,40.1,82,0,0,0,0,0,0,0,3690,0.48313253012048196,157
M15562,M,24.55000000000001,35.75,1531,48.3,84,0,0,0,0,0,0,1,3780,0.5682352941176471,284
H30117,H,24.55000000000001,35.75,1479,40.9,87,0,0,0,0,0,0,0,3915,0.4647727272727273,256
L47884,L,24.55000000000001,35.75,1516,33.7,92,0,0,0,0,0,0,1,4140,0.3623655913978495,320
L47885,L,24.55000000000001,35.85000000000002,1507,38.2,94,0,0,0,0,0,0,1,4230,0.40210526315789474,207
M15566,M,24.650000000000034,35.85000000000002,1434,43.3,96,0,0,0,0,0,0,0,4320,0.44639175257731956,230
L47887,L,24.55000000000001,35.75,1838,27.3,99,0,0,0,0,0,0,1,4455,0.273,235
M15568,M,24.450000000000045,35.650000000000034,1416,45.9,101,0,0,0,0,0,0,1,4545,0.45,323
M15569,M,24.450000000000045,35.650000000000034,1357,49.7,104,0,0,0,0,0,0,0,4680,0.4733333333333334,183
M15570,M,24.350000000000023,35.55000000000001,1697,28.1,107,0,0,0,0,0,0,1,4815,0.2601851851851852,233
L47891,L,24.350000000000023,35.55000000000001,1443,46.2,110,0,0,0,0,0,0,1,4950,0.41621621621621624,266
L47892,L,24.350000000000023,35.55000000000001,1453,37.6,112,0,0,0,0,0,0,0,5040,0.3327433628318584,349
L47893,L,24.25,35.450000000000045,1439,46.4,114,0,0,0,0,0,0,0,5130,0.40347826086956523,171
L47894,L,24.25,35.450000000000045,1609,36.2,116,0,0,0,0,0,0,0,5220,0.3094017094017094,298
L47895,L,24.25,35.450000000000045,1324,59.1,118,0,0,0,0,0,0,0,5310,0.4966386554621849,164
H30130,H,24.25,35.450000000000045,1420,45.8,120,0,0,0,0,0,0,0,5400,0.3785123966942148,282
L47897,L,24.25,35.55000000000001,1545,36.9,125,0,0,0,0,0,0,1,5625,0.29285714285714287,251
L47898,L,24.350000000000023,35.650000000000034,1477,39.0,127,0,0,0,0,0,0,1,5715,0.3046875,294
L47899,L,24.25,35.650000000000034,1447,58.1,129,0,0,0,0,0,0,0,5805,0.4469230769230769,349
L47900,L,24.25,35.75,1809,23.8,131,0,0,0,0,0,0,0,5895,0.1803030303030303,296
L47901,L,24.350000000000023,35.75,1696,30.9,133,0,0,0,0,0,0,1,5985,0.23059701492537313,154
L47902,L,24.350000000000023,35.75,1427,44.7,135,0,0,0,0,0,0,0,6075,0.3286764705882353,172
M15583,M,24.25,35.75,1500,46.3,137,0,0,0,0,0,0,0,6165,0.33550724637681156,232
L47904,L,24.350000000000023,35.75,1390,44.6,140,0,0,0,0,0,0,1,6300,0.31631205673758866,163
L47905,L,24.25,35.650000000000034,1640,34.2,142,0,0,0,0,0,0,1,6390,0.2391608391608392,159
M15586,M,24.25,35.650000000000034,1628,37.4,144,0,0,0,0,0,0,1,6480,0.2579310344827586,180
H30141,H,24.150000000000034,35.450000000000045,1499,37.6,147,0,0,0,0,0,0,0,6615,0.25405405405405407,290
M15588,M,24.25,35.55000000000001,1425,50.3,152,0,0,0,0,0,0,1,6840,0.3287581699346405,276
L47909,L,24.150000000000034,35.450000000000045,1586,37.7,155,0,0,0,0,0,0,0,6975,0.2416666666666667,299
M15590,M,24.150000000000034,35.450000000000045,1471,50.7,157,0,0,0,0,0,0,1,7065,0.32088607594936713,186
M15591,M,24.150000000000034,35.450000000000045,1431,53.0,160,0,0,0,0,0,0,0,7200,0.32919254658385094,316
L47912,L,24.05000000000001,35.450000000000045,1924,22.1,163,0,0,0,0,0,0,0,7335,0.13475609756097562,287
M15593,M,23.950000000000045,35.25,1421,42.0,165,0,0,0,0,0,0,0,7425,0.25301204819277107,180
H30148,H,23.850000000000023,35.25,1305,54.6,168,0,0,0,0,0,0,1,7560,0.3230769230769231,320
L47915,L,23.75,35.25,1557,32.4,173,0,0,0,0,0,0,1,7785,0.18620689655172412,248
L47916,L,23.75,35.150000000000034,1555,38.2,175,0,0,0,0,0,0,1,7875,0.21704545454545457,354
H30151,H,23.75,35.150000000000034,1474,39.2,177,0,0,0,0,0,0,0,7965,0.22022471910112362,313
L47918,L,23.650000000000034,35.150000000000034,1506,45.9,182,0,0,0,0,0,0,1,8190,0.25081967213114753,184
L47919,L,23.75,35.25,1390,41.8,184,0,0,0,0,0,0,1,8280,0.22594594594594594,260
M15600,M,23.75,35.25,1450,46.9,186,0,0,0,0,0,0,0,8370,0.25080213903743315,217
L47921,L,23.75,35.150000000000034,1513,38.8,189,0,0,0,0,0,0,0,8505,0.20421052631578945,332
L47922,L,23.650000000000034,35.05000000000001,1643,34.7,191,0,0,0,0,0,0,1,8595,0.1807291666666667,266
L47923,L,23.650000000000034,35.05000000000001,1361,53.8,193,0,0,0,0,0,0,1,8685,0.27731958762886594,345
L47924,L,23.55000000000001,34.950000000000045,1450,40.9,195,0,0,0,0,0,0,1,8775,0.2086734693877551,275
L47925,L,23.55000000000001,34.85000000000002,1451,50.7,197,0,0,0,0,0,0,0,8865,0.2560606060606061,324
L47926,L,23.650000000000034,34.950000000000045,1289,62.0,199,1,0,0,0,1,0,4,8955,0.31,14
L47927,L,23.650000000000034,34.950000000000045,1356,48.3,201,0,0,0,0,0,0,0,9045,0.2391089108910891,268
H30162,H,23.55000000000001,34.950000000000045,1528,46.3,203,0,0,0,0,0,0,0,9135,0.2269607843137255,305
L47929,L,23.450000000000045,34.85000000000002,1978,22.3,208,0,0,0,0,0,0,1,9360,0.10669856459330145,179
L47930,L,23.55000000000001,34.85000000000002,1535,36.8,210,0,0,0,0,0,0,1,9450,0.17440758293838862,304
M15611,M,23.650000000000034,34.950000000000045,1843,24.2,212,0,0,0,0,0,0,0,9540,0.1136150234741784,218
L47932,L,23.75,34.950000000000045,1422,48.7,215,0,0,0,0,0,0,0,9675,0.22546296296296298,257
L47933,L,23.650000000000034,34.85000000000002,1536,40.4,217,0,0,0,0,0,0,1,9765,0.18532110091743118,316
M15614,M,23.75,34.950000000000045,1483,44.3,219,0,0,0,0,0,0,1,9855,0.20136363636363636,184
H30169,H,23.650000000000034,34.950000000000045,1492,43.7,222,0,0,0,0,0,0,1,9990,0.19596412556053813,252
L47936,L,23.650000000000034,34.85000000000002,1584,40.4,227,0,0,0,0,0,0,0,10215,0.17719298245614035,193
L47937,L,23.75,34.950000000000045,1555,33.7,229,0,0,0,0,0,0,0,10305,0.14652173913043479,292
L47938,L,23.650000000000034,34.85000000000002,1497,41.7,231,0,0,0,0,0,0,1,10395,0.17974137931034484,360
M15619,M,23.55000000000001,34.650000000000034,1537,36.3,233,0,0,0,0,0,0,0,10485,0.1551282051282051,309
L47940,L,23.55000000000001,34.650000000000034,1505,39.4,236,0,0,0,0,0,0,0,10620,0.16624472573839663,178
L47941,L,23.55000000000001,34.650000000000034,1646,34.6,238,0,0,0,0,0,0,1,10710,0.14476987447698744,340
M15622,M,23.55000000000001,34.650000000000034,1286,60.5,0,0,0,0,0,0,0,0,0,60.5,155
L47943,L,23.55000000000001,34.650000000000034,1400,47.5,3,0,0,0,0,0,0,1,135,11.875,176
L47944,L,23.650000000000034,34.75,1337,56.5,5,0,0,0,0,0,0,1,225,9.416666666666666,177
L47945,L,23.75,34.85000000000002,1332,53.9,7,0,0,0,0,0,0,0,315,6.7375,282
L47946,L,23.650000000000034,34.85000000000002,1561,38.3,9,0,0,0,0,0,0,0,405,3.8299999999999996,318
L47947,L,23.75,34.85000000000002,1546,31.1,11,0,0,0,0,0,0,1,495,2.591666666666667,205
L47948,L,23.75,34.85000000000002,1713,29.3,13,0,0,0,0,0,0,0,585,2.092857142857143,261
L47949,L,23.75,34.85000000000002,1343,44.5,15,0,0,0,0,0,0,1,675,2.78125,203
L47950,L,23.650000000000034,34.85000000000002,1391,54.4,17,0,0,0,0,0,0,0,765,3.022222222222222,229
H30185,H,23.650000000000034,34.85000000000002,1311,58.6,19,0,0,0,0,0,0,0,855,2.93,254
H30186,H,23.650000000000034,34.85000000000002,1453,51.0,24,0,0,0,0,0,0,0,1080,2.04,167
L47953,L,23.650000000000034,34.85000000000002,1510,39.4,29,0,0,0,0,0,0,1,1305,1.3133333333333332,354
L47954,L,23.650000000000034,34.75,1448,48.8,31,0,0,0,0,0,0,0,1395,1.525,192
L47955,L,23.55000000000001,34.650000000000034,1453,46.0,33,0,0,0,0,0,0,1,1485,1.3529411764705883,238
L47956,L,23.55000000000001,34.650000000000034,1468,39.2,35,0,0,0,0,0,0,1,1575,1.088888888888889,223
L47957,L,23.55000000000001,34.650000000000034,1382,47.5,37,0,0,0,0,0,0,1,1665,1.25,306
L47958,L,23.55000000000001,34.85000000000002,1580,32.2,39,0,0,0,0,0,0,0,1755,0.805,159
L47959,L,23.650000000000034,34.85000000000002,1666,29.8,41,0,0,0,0,0,0,1,1845,0.7095238095238096,283
M15640,M,23.75,34.85000000000002,1409,50.7,43,0,0,0,0,0,0,1,1935,1.1522727272727273,357
L47961,L,23.650000000000034,34.85000000000002,1675,29.7,46,0,0,0,0,0,0,0,2070,0.6319148936170212,238
L47962,L,23.650000000000034,34.75,1698,30.8,48,0,0,0,0,0,0,1,2160,0.6285714285714286,281
H30197,H,23.55000000000001,34.75,1579,33.4,50,0,0,0,0,0,0,1,2250,0.6549019607843137,183
L47964,L,23.55000000000001,34.75,1743,27.9,55,0,0,0,0,0,0,0,2475,0.49821428571428567,232
M15645,M,23.75,34.85000000000002,1497,44.8,57,0,0,0,0,0,0,1,2565,0.7724137931034483,310
L47966,L,23.75,34.950000000000045,1741,28.8,60,0,0,0,0,0,0,0,2700,0.4721311475409836,281
L47967,L,23.75,34.950000000000045,1435,45.3,62,0,0,0,0,0,0,1,2790,0.719047619047619,321
M15648,M,23.75,34.950000000000045,1440,46.3,64,0,0,0,0,0,0,1,2880,0.7123076923076923,247
M15649,M,23.75,34.85000000000002,1641,33.3,67,0,0,0,0,0,0,0,3015,0.48970588235294116,353
L47970,L,23.650000000000034,34.75,1420,45.4,70,0,0,0,0,0,0,1,3150,0.6394366197183098,180
L47971,L,23.650000000000034,34.75,1611,35.4,72,0,0,0,0,0,0,1,3240,0.4849315068493151,229
L47972,L,23.650000000000034,34.650000000000034,1373,42.9,74,0,0,0,0,0,0,1,3330,0.572,343
M15653,M,23.650000000000034,34.75,1683,31.8,76,0,0,0,0,0,0,0,3420,0.412987012987013,335
H30208,H,23.75,34.75,1547,32.6,79,0,0,0,0,0,0,0,3555,0.40750000000000003,209
L47975,L,23.75,34.650000000000034,1605,37.0,84,0,0,0,0,0,0,0,3780,0.43529411764705883,151
M15656,M,23.75,34.75,2010,18.9,86,0,0,0,0,0,0,0,3870,0.21724137931034482,185
L47977,L,23.650000000000034,34.55000000000001,1565,40.1,89,0,0,0,0,0,0,0,4005,0.4455555555555556,347
M15658,M,23.75,34.650000000000034,1828,24.6,91,0,0,0,0,0,0,1,4095,0.2673913043478261,274
M15659,M,23.850000000000023,34.650000000000034,1579,34.1,94,0,0,0,0,0,0,0,4230,0.3589473684210526,337
M15660,M,23.850000000000023,34.75,1882,24.2,97,0,0,0,0,0,0,0,4365,0.24693877551020407,300
L47981,L,23.75,34.650000000000034,1285,52.1,100,0,0,0,0,0,0,0,4500,0.5158415841584159,252
L47982,L,23.75,34.650000000000034,1571,35.0,102,0,0,0,0,0,0,1,4590,0.33980582524271846,324
H30217,H,23.75,34.650000000000034,1549,37.8,104,0,0,0,0,0,0,1,4680,0.36,265
M15664,M,23.75,34.650000000000034,1544,37.6,109,0,0,0,0,0,0,0,4905,0.34181818181818185,250
M15665,M,23.850000000000023,34.75,1412,47.4,112,0,0,0,0,0,0,1,5040,0.4194690265486726,195
M15666,M,23.850000000000023,34.75,1422,53.0,115,0,0,0,0,0,0,1,5175,0.45689655172413796,229
L47987,L,23.850000000000023,34.55000000000001,1867,22.8,118,0,0,0,0,0,0,1,5310,0.1915966386554622,256
L47988,L,23.75,34.55000000000001,1424,43.3,120,0,0,0,0,0,0,1,5400,0.35785123966942145,193
L47989,L,23.75,34.450000000000045,1452,45.7,122,0,0,0,0,0,0,0,5490,0.3715447154471545,296
L47990,L,23.75,34.55000000000001,1550,39.7,124,0,0,0,0,0,0,0,5580,0.31760000000000005,198
L47991,L,23.650000000000034,34.450000000000045,1588,37.6,126,0,0,0,0,0,0,1,5670,0.29606299212598425,237
L47992,L,23.650000000000034,34.450000000000045,1338,44.4,128,0,0,0,0,0,0,1,5760,0.3441860465116279,207
L47993,L,23.650000000000034,34.450000000000045,1513,40.0,130,0,0,0,0,0,0,1,5850,0.3053435114503817,240
M15674,M,23.650000000000034,34.35000000000002,1470,45.9,132,0,0,0,0,0,0,1,5940,0.3451127819548872,284
M15675,M,23.650000000000034,34.35000000000002,1516,36.7,135,0,0,0,0,0,0,0,6075,0.26985294117647063,243
L47996,L,23.650000000000034,34.450000000000045,1434,48.3,138,0,0,0,0,0,0,1,6210,0.3474820143884892,318
L47997,L,23.650000000000034,34.450000000000045,1368,52.0,140,0,0,0,0,0,0,0,6300,0.36879432624113473,227
L47998,L,23.650000000000034,34.450000000000045,1304,48.7,142,0,0,0,0,0,0,1,6390,0.3405594405594406,271
L47999,L,23.650000000000034,34.450000000000045,1398,46.7,144,0,0,0,0,0,0,0,6480,0.3220689655172414,292
L48000,L,23.55000000000001,34.450000000000045,1516,37.4,146,0,0,0,0,0,0,1,6570,0.254421768707483,225
L48001,L,23.55000000000001,34.450000000000045,1474,41.7,148,0,0,0,0,0,0,0,6660,0.27986577181208055,202
M15682,M,23.55000000000001,34.450000000000045,1547,34.7,150,0,0,0,0,0,0,0,6750,0.22980132450331128,172
M15683,M,23.450000000000045,34.35000000000002,1482,39.9,153,0,0,0,0,0,0,0,6885,0.2590909090909091,226
L48004,L,23.450000000000045,34.25,1436,42.8,156,0,0,0,0,0,0,1,7020,0.27261146496815286,222
L48005,L,23.450000000000045,34.150000000000034,1474,40.0,158,0,0,0,0,0,0,0,7110,0.25157232704402516,237
L48006,L,23.350000000000023,34.05000000000001,1481,38.2,160,0,0,0,0,0,0,1,7200,0.23726708074534164,252
L48007,L,23.350000000000023,34.150000000000034,1501,42.1,162,0,0,0,0,0,0,0,7290,0.25828220858895706,243
L48008,L,23.350000000000023,34.150000000000034,1566,37.2,164,0,0,0,0,0,0,0,7380,0.22545454545454546,342
L48009,L,23.350000000000023,34.150000000000034,1579,34.5,166,0,0,0,0,0,0,1,7470,0.20658682634730538,209
L48010,L,23.450000000000045,34.25,1631,35.0,168,0,0,0,0,0,0,0,7560,0.20710059171597633,159
M15691,M,23.450000000000045,34.25,1544,42.3,170,0,0,0,0,0,0,1,7650,0.24736842105263157,251
L48012,L,23.450000000000045,34.25,1521,38.6,173,0,0,0,0,0,0,1,7785,0.22183908045977013,207
L48013,L,23.450000000000045,34.25,1616,28.0,175,0,0,0,0,0,0,1,7875,0.1590909090909091,324
H30248,H,23.450000000000045,34.25,1333,50.2,177,0,0,0,0,0,0,1,7965,0.28202247191011237,292
M15695,M,23.55000000000001,34.25,1533,32.5,182,0,0,0,0,0,0,0,8190,0.17759562841530055,158
L48016,L,23.450000000000045,34.25,1368,45.1,185,0,0,0,0,0,0,0,8325,0.2424731182795699,162
L48017,L,23.450000000000045,34.25,1465,47.8,187,0,0,0,0,0,0,1,8415,0.2542553191489362,300
H30252,H,23.450000000000045,34.25,1406,41.5,189,0,0,0,0,0,0,0,8505,0.21842105263157896,310
M15699,M,23.350000000000023,34.25,1565,43.5,194,0,0,0,0,0,0,0,8730,0.2230769230769231,286
L48020,L,23.450000000000045,34.35000000000002,1582,37.9,197,0,0,0,0,0,0,1,8865,0.1914141414141414,280
L48021,L,23.450000000000045,34.35000000000002,1439,45.5,199,0,0,0,0,0,0,0,8955,0.2275,222
M15702,M,23.450000000000045,34.35000000000002,1566,35.0,201,0,0,0,0,0,0,1,9045,0.17326732673267325,265
L48023,L,23.450000000000045,34.35000000000002,1485,42.7,204,0,0,0,0,0,0,0,9180,0.2082926829268293,302
L48024,L,23.350000000000023,34.35000000000002,1566,35.1,206,0,0,0,0,0,0,0,9270,0.16956521739130437,274
L48025,L,23.150000000000034,34.150000000000034,1439,41.5,208,0,0,0,0,0,0,1,9360,0.19856459330143542,260
M15706,M,23.25,34.25,1416,50.0,210,0,0,0,0,0,0,0,9450,0.23696682464454977,220
L48027,L,23.25,34.25,2833,5.6,213,1,0,0,1,0,0,4,9585,0.02616822429906542,17
L48028,L,23.150000000000034,34.25,1465,47.1,215,0,0,0,0,0,0,1,9675,0.21805555555555556,238
H30263,H,23.25,34.25,1586,35.5,0,0,0,0,0,0,0,0,0,35.5,169
L48030,L,23.150000000000034,34.150000000000034,1567,31.4,5,0,0,0,0,0,0,1,225,5.233333333333333,230
M15711,M,23.05000000000001,34.05000000000001,1389,48.6,7,0,0,0,0,0,0,0,315,6.075,331
M15712,M,23.150000000000034,34.150000000000034,1368,49.5,10,0,0,0,0,0,0,1,450,4.5,239
L48033,L,23.150000000000034,34.150000000000034,1444,49.0,13,0,0,0,0,0,0,1,585,3.5,168
M15714,M,23.150000000000034,34.150000000000034,1498,41.6,15,0,0,0,0,0,0,1,675,2.6,337
L48035,L,22.950000000000045,34.05000000000001,1615,30.8,18,0,0,0,0,0,0,1,810,1.6210526315789473,314
L48036,L,22.950000000000045,33.950000000000045,1898,22.7,20,0,0,0,0,0,0,1,900,1.0809523809523809,261
M15717,M,22.950000000000045,33.950000000000045,1350,53.3,22,0,0,0,0,0,0,0,990,2.317391304347826,280
M15718,M,23.05000000000001,33.85000000000002,1516,37.6,25,0,0,0,0,0,0,0,1125,1.4461538461538461,256
H30273,H,23.05000000000001,33.85000000000002,1542,40.6,28,0,0,0,0,0,0,1,1260,1.4000000000000001,270
H30274,H,22.950000000000045,33.75,1541,32.6,33,0,0,0,0,0,0,0,1485,0.9588235294117647,241
M15721,M,22.950000000000045,33.75,1951,23.3,38,0,0,0,0,0,0,1,1710,0.5974358974358974,363
H30276,H,22.950000000000045,33.650000000000034,1645,31.0,41,0,0,0,0,0,0,0,1845,0.7380952380952381,296
L48043,L,22.850000000000023,33.55000000000001,1416,44.2,46,0,0,0,0,0,0,0,2070,0.9404255319148936,330
M15724,M,22.850000000000023,33.55000000000001,2044,22.3,48,0,0,0,0,0,0,1,2160,0.45510204081632655,323
L48045,L,22.75,33.450000000000045,1414,50.2,51,0,0,0,0,0,0,1,2295,0.9653846153846154,229
L48046,L,22.75,33.450000000000045,1678,26.7,53,0,0,0,0,0,0,0,2385,0.4944444444444444,333
H30281,H,22.75,33.35000000000002,1594,33.2,55,0,0,0,0,0,0,0,2475,0.5928571428571429,347
M15728,M,22.650000000000034,33.35000000000002,1514,37.7,60,0,0,0,0,0,0,1,2700,0.618032786885246,180
L48049,L,22.650000000000034,33.35000000000002,1358,49.2,63,0,0,0,0,0,0,0,2835,0.76875,202
L48050,L,22.650000000000034,33.25,1325,56.2,65,0,0,0,0,0,0,0,2925,0.8515151515151516,262
L48051,L,22.650000000000034,33.25,1339,53.2,67,0,0,0,0,0,0,1,3015,0.7823529411764706,183
M15732,M,22.650000000000034,33.25,1335,51.7,69,0,0,0,0,0,0,0,3105,0.7385714285714287,180
L48053,L,22.75,33.25,1892,21.7,72,0,0,0,0,0,0,1,3240,0.29726027397260274,337
L48054,L,22.75,33.25,1575,28.5,74,0,0,0,0,0,0,1,3330,0.38,288
M15735,M,22.650000000000034,33.150000000000034,1444,45.5,76,0,0,0,0,0,0,1,3420,0.5909090909090909,155
L48056,L,22.55000000000001,33.150000000000034,1915,22.4,79,0,0,0,0,0,0,0,3555,0.27999999999999997,176
M15737,M,22.450000000000045,33.05000000000001,1584,33.6,81,0,0,0,0,0,0,0,3645,0.40975609756097564,156
M15738,M,22.55000000000001,33.150000000000034,1685,34.9,84,0,0,0,0,0,0,1,3780,0.41058823529411764,198
L48059,L,22.650000000000034,33.150000000000034,1337,54.6,87,0,0,0,0,0,0,1,3915,0.6204545454545455,245
M15740,M,22.650000000000034,33.150000000000034,1235,76.2,89,1,0,0,1,0,0,5,4005,0.8466666666666667,17
L48061,L,22.55000000000001,33.05000000000001,1464,46.2,92,0,0,0,0,0,0,0,4140,0.49677419354838714,209
M15742,M,22.55000000000001,33.05000000000001,1739,25.9,94,0,0,0,0,0,0,0,4230,0.2726315789473684,182
L48063,L,22.55000000000001,33.150000000000034,1490,34.3,97,0,0,0,0,0,0,1,4365,0.35,196
L48064,L,22.650000000000034,33.25,1356,48.0,99,0,0,0,0,0,0,1,4455,0.48,321
L48065,L,22.55000000000001,33.05000000000001,1397,52.0,101,0,0,0,0,0,0,0,4545,0.5098039215686274,356
L48066,L,22.55000000000001,33.05000000000001,1458,40.6,103,0,0,0,0,0,0,0,4635,0.3903846153846154,268
H30301,H,22.55000000000001,33.05000000000001,2161,16.5,105,0,0,0,0,0,0,0,4725,0.15566037735849056,176
M15748,M,22.450000000000045,32.950000000000045,1651,28.1,110,0,0,0,0,0,0,1,4950,0.2531531531531532,171
L48069,L,22.450000000000045,32.950000000000045,1389,46.2,113,0,0,0,0,0,0,1,5085,0.4052631578947369,196
L48070,L,22.450000000000045,32.85000000000002,1370,52.4,115,0,0,0,0,0,0,0,5175,0.4517241379310345,242
L48071,L,22.55000000000001,32.950000000000045,1408,47.9,117,0,0,0,0,0,0,0,5265,0.4059322033898305,325
L48072,L,22.55000000000001,32.950000000000045,1343,54.4,119,0,0,0,0,0,0,1,5355,0.4533333333333333,307
M15753,M,22.55000000000001,33.05000000000001,1423,42.5,121,0,0,0,0,0,0,1,5445,0.3483606557377049,151
L48074,L,22.450000000000045,33.05000000000001,1426,48.6,124,0,0,0,0,0,0,0,5580,0.38880000000000003,292
M15755,M,22.450000000000045,33.05000000000001,1435,51.6,126,0,0,0,0,0,0,0,5670,0.4062992125984252,196
L48076,L,22.350000000000023,32.950000000000045,1573,35.1,129,0,0,0,0,0,0,0,5805,0.27,176
L48077,L,22.450000000000045,33.05000000000001,1612,31.2,131,0,0,0,0,0,0,1,5895,0.23636363636363636,348
L48078,L,22.450000000000045,33.05000000000001,1446,49.9,133,0,0,0,0,0,0,0,5985,0.3723880597014925,176
H30313,H,22.450000000000045,33.05000000000001,1329,55.3,135,0,0,0,0,0,0,1,6075,0.40661764705882353,362
L48080,L,22.450000000000045,33.05000000000001,1569,35.1,140,0,0,0,0,0,0,1,6300,0.24893617021276596,290
H30315,H,22.450000000000045,32.950000000000045,1256,62.3,142,0,0,0,0,0,0,0,6390,0.43566433566433566,332
L48082,L,22.450000000000045,32.950000000000045,1383,48.7,147,0,0,0,0,0,0,0,6615,0.3290540540540541,294
L48083,L,22.55000000000001,33.05000000000001,2270,14.6,149,1,0,0,1,0,0,5,6705,0.09733333333333333,7
H30318,H,22.55000000000001,33.05000000000001,1458,49.8,151,0,0,0,0,0,0,0,6795,0.3276315789473684,336
L48085,L,22.450000000000045,32.950000000000045,1474,41.2,156,0,0,0,0,0,0,1,7020,0.2624203821656051,159
M15766,M,22.450000000000045,32.950000000000045,1462,49.2,158,0,0,0,0,0,0,0,7110,0.309433962264151,270
M15767,M,22.450000000000045,32.950000000000045,1669,29.0,161,0,0,0,0,0,0,0,7245,0.17901234567901234,182
M15768,M,22.350000000000023,32.950000000000045,1822,24.3,164,0,0,0,0,0,0,0,7380,0.14727272727272728,355
L48089,L,22.350000000000023,32.85000000000002,1456,39.2,167,0,0,0,0,0,0,0,7515,0.23333333333333334,314
L48090,L,22.350000000000023,32.85000000000002,1546,35.9,169,0,0,0,0,0,0,1,7605,0.2111764705882353,275
M15771,M,22.450000000000045,32.950000000000045,1490,42.7,171,0,0,0,0,0,0,1,7695,0.2482558139534884,157
L48092,L,22.450000000000045,32.85000000000002,1569,40.4,174,0,0,0,0,0,0,1,7830,0.23085714285714284,310
L48093,L,22.350000000000023,32.85000000000002,1621,29.5,176,0,0,0,0,0,0,0,7920,0.16666666666666666,284
M15774,M,22.25,32.75,1518,40.6,178,0,0,0,0,0,0,1,8010,0.22681564245810057,311
M15775,M,22.25,32.650000000000034,1526,38.2,181,0,0,0,0,0,0,1,8145,0.2098901098901099,220
M15776,M,22.150000000000034,32.650000000000034,1589,36.2,184,0,0,0,0,0,0,1,8280,0.1956756756756757,284
L48097,L,22.150000000000034,32.55000000000001,1475,51.0,187,0,0,0,0,0,0,0,8415,0.2712765957446808,190
M15778,M,22.150000000000034,32.55000000000001,1473,38.5,189,0,0,0,0,0,0,1,8505,0.2026315789473684,267
L48099,L,22.25,32.650000000000034,1407,50.7,192,0,0,0,0,0,0,0,8640,0.26269430051813475,204
M15780,M,22.350000000000023,32.75,1518,44.1,194,0,0,0,0,0,0,0,8730,0.22615384615384615,156
H30335,H,22.350000000000023,32.75,1593,37.2,197,0,0,0,0,0,0,1,8865,0.1878787878787879,233
M15782,M,22.350000000000023,32.75,1380,52.4,202,0,0,0,0,0,0,0,9090,0.258128078817734,295
M15783,M,22.350000000000023,32.85000000000002,1423,45.3,205,0,0,0,0,0,0,1,9225,0.21990291262135922,320
L48104,L,22.350000000000023,32.85000000000002,1800,27.6,208,0,0,0,0,0,0,1,9360,0.1320574162679426,227
H30339,H,22.450000000000045,32.950000000000045,1623,30.9,210,0,0,0,0,0,0,1,9450,0.14644549763033174,317
L48106,L,22.450000000000045,32.950000000000045,1372,55.6,215,1,0,0,0,1,0,3,9675,0.2574074074074074,22
H30341,H,22.450000000000045,32.85000000000002,1396,52.4,0,0,0,0,0,0,0,1,0,52.4,163
L48108,L,22.450000000000045,32.85000000000002,1949,21.9,5,0,0,0,0,0,0,0,225,3.65,298
L48109,L,22.450000000000045,32.85000000000002,1419,51.1,7,0,0,0,0,0,0,1,315,6.3875,262
M15790,M,22.350000000000023,32.75,1453,47.3,9,0,0,0,0,0,0,0,405,4.7299999999999995,206
L48111,L,22.350000000000023,32.75,1542,36.2,12,0,0,0,0,0,0,1,540,2.784615384615385,240
L48112,L,22.450000000000045,32.85000000000002,1363,50.0,14,0,0,0,0,0,0,1,630,3.3333333333333335,195
L48113,L,22.350000000000023,32.85000000000002,1597,37.2,16,0,0,0,0,0,0,1,720,2.1882352941176473,303
M15794,M,22.350000000000023,32.85000000000002,1326,50.8,18,0,0,0,0,0,0,0,810,2.6736842105263157,240
M15795,M,22.350000000000023,32.85000000000002,1641,36.6,21,0,0,0,0,0,0,0,945,1.6636363636363638,301
M15796,M,22.450000000000045,32.950000000000045,1418,46.2,24,0,0,0,0,0,0,0,1080,1.848,282
L48117,L,22.450000000000045,33.05000000000001,1263,61.8,27,0,0,0,0,0,0,0,1215,2.207142857142857,319
L48118,L,22.450000000000045,33.05000000000001,1823,25.8,29,0,0,0,0,0,0,1,1305,0.86,251
L48119,L,22.350000000000023,32.950000000000045,1488,40.7,31,0,0,0,0,0,0,1,1395,1.271875,255
L48120,L,22.450000000000045,33.05000000000001,1443,48.9,33,0,0,0,0,0,0,0,1485,1.438235294117647,320
L48121,L,22.450000000000045,33.05000000000001,1650,28.2,35,0,0,0,0,0,0,0,1575,0.7833333333333333,277
M15802,M,22.55000000000001,33.150000000000034,1462,44.3,37,0,0,0,0,0,0,0,1665,1.1657894736842105,181
M15803,M,22.450000000000045,33.05000000000001,1477,45.0,40,0,0,0,0,0,0,1,1800,1.0975609756097562,155
M15804,M,22.55000000000001,33.150000000000034,1712,28.5,43,0,0,0,0,0,0,0,1935,0.6477272727272727,223
M15805,M,22.55000000000001,33.150000000000034,1347,50.4,46,0,0,0,0,0,0,0,2070,1.0723404255319149,344
L48126,L,22.450000000000045,33.05000000000001,1287,54.8,49,0,0,0,0,0,0,1,2205,1.0959999999999999,284
L48127,L,22.450000000000045,33.05000000000001,1428,44.5,51,0,0,0,0,0,0,0,2295,0.8557692307692307,178
M15808,M,22.450000000000045,33.150000000000034,1426,45.5,53,0,0,0,0,0,0,1,2385,0.8425925925925926,183
L48129,L,22.450000000000045,33.150000000000034,1636,32.7,56,0,0,0,0,0,0,1,2520,0.5736842105263158,156
L48130,L,22.450000000000045,33.05000000000001,1424,42.5,58,0,0,0,0,0,0,1,2610,0.7203389830508474,230
H30365,H,22.450000000000045,33.150000000000034,1509,35.8,60,0,0,0,0,0,0,1,2700,0.5868852459016393,226
L48132,L,22.350000000000023,33.05000000000001,1448,48.9,65,0,0,0,0,0,0,1,2925,0.7409090909090909,207
L48133,L,22.350000000000023,32.950000000000045,1650,32.8,67,0,0,0,0,0,0,0,3015,0.48235294117647054,234
H30368,H,22.450000000000045,33.05000000000001,1414,42.5,69,0,0,0,0,0,0,0,3105,0.6071428571428571,308
L48135,L,22.450000000000045,33.150000000000034,1911,20.9,74,0,0,0,0,0,0,1,3330,0.2786666666666667,222
H30370,H,22.450000000000045,33.05000000000001,1632,32.2,76,0,0,0,0,0,0,1,3420,0.4181818181818182,194
M15817,M,22.55000000000001,33.25,1387,40.1,81,0,0,0,0,0,0,0,3645,0.48902439024390243,196
L48138,L,22.650000000000034,33.25,1399,47.6,84,0,0,0,0,0,0,0,3780,0.56,226
L48139,L,22.650000000000034,33.35000000000002,1505,35.2,86,0,0,0,0,0,0,1,3870,0.40459770114942534,358
L48140,L,22.650000000000034,33.35000000000002,1534,37.9,88,0,0,0,0,0,0,0,3960,0.4258426966292135,349
L48141,L,22.650000000000034,33.35000000000002,1493,40.5,90,0,0,0,0,0,0,0,4050,0.44505494505494503,350
M15822,M,22.650000000000034,33.450000000000045,1480,43.2,92,0,0,0,0,0,0,1,4140,0.4645161290322581,222
L48143,L,22.650000000000034,33.450000000000045,1621,31.6,95,0,0,0,0,0,0,0,4275,0.32916666666666666,317
L48144,L,22.55000000000001,33.35000000000002,1737,26.2,97,0,0,0,0,0,0,0,4365,0.2673469387755102,265
L48145,L,22.650000000000034,33.450000000000045,1508,46.5,99,0,0,0,0,0,0,0,4455,0.465,179
M15826,M,22.650000000000034,33.35000000000002,1641,32.2,101,0,0,0,0,0,0,0,4545,0.31568627450980397,339
M15827,M,22.75,33.450000000000045,1532,38.6,104,0,0,0,0,0,0,1,4680,0.3676190476190476,220
L48148,L,22.75,33.55000000000001,1547,40.9,107,0,0,0,0,0,0,0,4815,0.3787037037037037,294
L48149,L,22.75,33.450000000000045,1412,41.0,109,0,0,0,0,0,0,1,4905,0.37272727272727274,252
L48150,L,22.650000000000034,33.35000000000002,1568,35.1,111,0,0,0,0,0,0,0,4995,0.31339285714285714,282
L48151,L,22.75,33.450000000000045,1557,41.1,113,0,0,0,0,0,0,1,5085,0.3605263157894737,358
L48152,L,22.650000000000034,33.450000000000045,1644,35.2,115,0,0,0,0,0,0,1,5175,0.303448275862069,253
L48153,L,22.75,33.450000000000045,1679,30.4,117,0,0,0,0,0,0,0,5265,0.2576271186440678,271
L48154,L,22.850000000000023,33.450000000000045,1511,35.2,119,0,0,0,0,0,0,1,5355,0.29333333333333333,278
M15835,M,22.850000000000023,33.450000000000045,1628,36.8,121,0,0,0,0,0,0,1,5445,0.30163934426229505,357
M15836,M,22.850000000000023,33.450000000000045,1392,51.3,124,0,0,0,0,0,0,1,5580,0.4104,358
L48157,L,22.850000000000023,33.55000000000001,1917,21.0,127,0,0,0,0,0,0,1,5715,0.1640625,180
M15838,M,23.05000000000001,33.650000000000034,1526,42.3,129,0,0,0,0,0,0,1,5805,0.3253846153846154,312
L48159,L,23.05000000000001,33.650000000000034,1389,53.3,132,0,0,0,0,0,0,0,5940,0.4007518796992481,258
L48160,L,22.950000000000045,33.55000000000001,1409,42.8,134,0,0,0,0,0,0,1,6030,0.317037037037037,221
L48161,L,23.05000000000001,33.650000000000034,1655,31.1,136,0,0,0,0,0,0,1,6120,0.22700729927007302,307
L48162,L,23.05000000000001,33.75,1516,39.1,138,0,0,0,0,0,0,0,6210,0.28129496402877696,276
L48163,L,23.05000000000001,33.75,1526,34.9,140,0,0,0,0,0,0,0,6300,0.2475177304964539,234
L48164,L,23.150000000000034,33.950000000000045,1419,48.6,142,0,0,0,0,0,0,1,6390,0.33986013986013985,164
L48165,L,23.25,34.05000000000001,1748,25.3,144,0,0,0,0,0,0,0,6480,0.17448275862068965,205
H30400,H,23.25,33.950000000000045,1638,32.5,146,0,0,0,0,0,0,0,6570,0.22108843537414966,337
M15847,M,23.150000000000034,33.950000000000045,1534,33.8,151,0,0,0,0,0,0,0,6795,0.22236842105263155,176
H30402,H,23.150000000000034,33.950000000000045,1774,25.9,154,0,0,0,0,0,0,0,6930,0.16709677419354838,151
M15849,M,23.05000000000001,33.85000000000002,2119,18.3,159,0,0,0,0,0,0,0,7155,0.114375,223
L48170,L,23.05000000000001,33.85000000000002,1414,48.3,162,0,0,0,0,0,0,0,7290,0.296319018404908,213
M15851,M,22.950000000000045,33.85000000000002,1523,42.0,164,0,0,0,0,0,0,1,7380,0.2545454545454545,154
L48172,L,22.950000000000045,33.950000000000045,1651,35.7,167,0,0,0,0,0,0,1,7515,0.21250000000000002,240
M15853,M,22.950000000000045,33.950000000000045,1485,36.0,169,0,0,0,0,0,0,0,7605,0.21176470588235294,217
M15854,M,23.05000000000001,34.05000000000001,1168,63.4,172,0,0,0,0,0,0,0,7740,0.36647398843930634,290
L48175,L,23.150000000000034,34.150000000000034,1566,35.8,175,0,0,0,0,0,0,1,7875,0.2034090909090909,230
M15856,M,23.150000000000034,34.05000000000001,1286,51.1,177,0,0,0,0,0,0,0,7965,0.28707865168539326,234
M15857,M,23.150000000000034,34.05000000000001,1446,45.9,180,0,0,0,0,0,0,1,8100,0.2535911602209945,172
M15858,M,23.25,34.05000000000001,2071,19.4,183,0,0,0,0,0,0,0,8235,0.10543478260869564,246
L48179,L,23.150000000000034,33.950000000000045,1560,33.2,186,0,0,0,0,0,0,1,8370,0.17754010695187167,327
L48180,L,23.150000000000034,33.950000000000045,1654,29.6,188,0,0,0,0,0,0,1,8460,0.15661375661375662,273
L48181,L,23.150000000000034,33.950000000000045,1662,32.9,190,0,0,0,0,0,0,0,8550,0.17225130890052356,356
L48182,L,23.150000000000034,34.05000000000001,1646,35.0,192,0,0,0,0,0,0,0,8640,0.18134715025906736,355
L48183,L,23.05000000000001,33.950000000000045,1444,46.7,194,0,0,0,0,0,0,0,8730,0.2394871794871795,350
H30418,H,23.150000000000034,34.05000000000001,1424,42.0,196,0,0,0,0,0,0,0,8820,0.2131979695431472,186
L48185,L,23.05000000000001,34.05000000000001,1382,52.0,201,0,0,0,0,0,0,1,9045,0.25742574257425743,179
L48186,L,23.05000000000001,33.950000000000045,1413,53.4,203,0,0,0,0,0,0,0,9135,0.26176470588235295,300
M15867,M,23.05000000000001,34.05000000000001,1633,31.1,0,0,0,0,0,0,0,1,0,31.1,311
L48188,L,23.05000000000001,33.950000000000045,1441,41.7,3,0,0,0,0,0,0,0,135,10.425,341
M15869,M,23.05000000000001,34.05000000000001,1385,44.0,5,0,0,0,0,0,0,1,225,7.333333333333333,332
M15870,M,23.05000000000001,34.05000000000001,1552,34.8,8,0,0,0,0,0,0,0,360,3.8666666666666663,348
M15871,M,23.05000000000001,34.150000000000034,1451,42.8,11,0,0,0,0,0,0,0,495,3.5666666666666664,266
M15872,M,22.950000000000045,33.950000000000045,1433,38.5,14,0,0,0,0,0,0,1,630,2.566666666666667,158
M15873,M,22.950000000000045,34.05000000000001,1619,29.7,17,0,0,0,0,0,0,0,765,1.65,281
L48194,L,23.05000000000001,34.05000000000001,1445,41.8,20,0,0,0,0,0,0,0,900,1.9904761904761903,215
L48195,L,23.05000000000001,34.05000000000001,1356,43.6,22,0,0,0,0,0,0,0,990,1.8956521739130436,269
M15876,M,23.150000000000034,34.05000000000001,1319,68.3,24,1,0,0,1,0,0,6,1080,2.7319999999999998,6
L48197,L,23.150000000000034,34.05000000000001,1637,31.6,27,0,0,0,0,0,0,0,1215,1.1285714285714286,310
L48198,L,23.150000000000034,34.05000000000001,1291,58.6,29,0,0,0,0,0,0,1,1305,1.9533333333333334,309
L48199,L,23.150000000000034,34.150000000000034,1398,52.7,31,0,0,0,0,0,0,0,1395,1.646875,193
L48200,L,23.150000000000034,34.150000000000034,1372,57.7,33,0,0,0,0,0,0,1,1485,1.697058823529412,258
M15881,M,23.150000000000034,34.05000000000001,1454,42.5,35,0,0,0,0,0,0,0,1575,1.1805555555555556,186
L48202,L,23.05000000000001,34.05000000000001,1515,36.5,38,0,0,0,0,0,0,0,1710,0.9358974358974359,216
L48203,L,23.05000000000001,34.150000000000034,1881,24.3,40,0,0,0,0,0,0,1,1800,0.5926829268292683,209
L48204,L,23.05000000000001,34.150000000000034,1711,29.9,42,0,0,0,0,0,0,1,1890,0.6953488372093023,336
L48205,L,23.05000000000001,34.150000000000034,1475,37.0,44,0,0,0,0,0,0,1,1980,0.8222222222222222,185
L48206,L,23.25,34.25,1512,36.8,46,0,0,0,0,0,0,1,2070,0.7829787234042552,198
M15887,M,23.150000000000034,34.25,1335,50.5,48,0,0,0,0,0,0,1,2160,1.030612244897959,328
L48208,L,23.150000000000034,34.25,1472,39.9,51,0,0,0,0,0,0,0,2295,0.7673076923076922,256
M15889,M,23.05000000000001,34.150000000000034,1477,35.2,53,0,0,0,0,0,0,1,2385,0.6518518518518519,157
L48210,L,23.150000000000034,34.25,1760,28.4,56,0,0,0,0,0,0,1,2520,0.4982456140350877,327
L48211,L,23.25,34.35000000000002,1549,36.1,58,0,0,0,0,0,0,0,2610,0.611864406779661,190
L48212,L,23.150000000000034,34.25,1648,34.0,60,0,0,0,0,0,0,0,2700,0.5573770491803278,250
H30447,H,23.25,34.35000000000002,1556,38.0,62,0,0,0,0,0,0,1,2790,0.6031746031746031,262
M15894,M,23.150000000000034,34.25,1958,19.1,67,0,0,0,0,0,0,1,3015,0.28088235294117647,258
L48215,L,23.25,34.25,1403,48.4,70,0,0,0,0,0,0,1,3150,0.6816901408450704,315
M15896,M,23.25,34.35000000000002,1684,31.4,72,0,0,0,0,0,0,0,3240,0.4301369863013698,235
H30451,H,23.25,34.35000000000002,1596,35.1,75,0,0,0,0,0,0,1,3375,0.4618421052631579,227
L48218,L,23.450000000000045,34.450000000000045,1498,41.1,80,0,0,0,0,0,0,0,3600,0.5074074074074074,356
L48219,L,23.55000000000001,34.55000000000001,1524,36.8,82,0,0,0,0,0,0,0,3690,0.4433734939759036,204
L48220,L,23.55000000000001,34.55000000000001,1502,43.9,84,0,0,0,0,0,0,0,3780,0.5164705882352941,259
L48221,L,23.450000000000045,34.450000000000045,1809,25.1,86,0,0,0,0,0,0,0,3870,0.2885057471264368,345
L48222,L,23.450000000000045,34.450000000000045,1542,37.4,88,0,0,0,0,0,0,1,3960,0.4202247191011236,295
L48223,L,23.350000000000023,34.450000000000045,1431,45.2,90,0,0,0,0,0,0,0,4050,0.4967032967032967,214
L48224,L,23.350000000000023,34.450000000000045,1512,43.6,92,0,0,0,0,0,0,0,4140,0.46881720430107526,213
H30459,H,23.25,34.35000000000002,1403,52.8,94,0,0,0,0,0,0,1,4230,0.5557894736842105,289
L48226,L,23.25,34.35000000000002,1331,47.8,99,0,0,0,0,0,0,0,4455,0.478,267
M15907,M,23.450000000000045,34.55000000000001,1474,52.6,101,0,0,0,0,0,0,1,4545,0.515686274509804,318
L48228,L,23.350000000000023,34.450000000000045,1607,33.5,104,0,0,0,0,0,0,0,4680,0.319047619047619,191
L48229,L,23.350000000000023,34.450000000000045,1415,44.2,106,0,0,0,0,0,0,1,4770,0.4130841121495327,266
L48230,L,23.450000000000045,34.450000000000045,1671,28.8,108,0,0,0,0,0,0,0,4860,0.26422018348623855,337
L48231,L,23.450000000000045,34.55000000000001,1556,37.7,110,0,0,0,0,0,0,0,4950,0.33963963963963967,199
L48232,L,23.55000000000001,34.55000000000001,1927,23.9,112,0,0,0,0,0,0,1,5040,0.21150442477876105,358
M15913,M,23.55000000000001,34.55000000000001,1597,32.1,114,0,0,0,0,0,0,0,5130,0.2791304347826087,360
H30468,H,23.650000000000034,34.650000000000034,1627,30.5,117,0,0,0,0,0,0,0,5265,0.2584745762711864,313
L48235,L,23.650000000000034,34.650000000000034,1480,39.4,122,0,0,0,0,0,0,1,5490,0.3203252032520325,197
L48236,L,23.650000000000034,34.650000000000034,1565,39.5,124,0,0,0,0,0,0,0,5580,0.316,348
L48237,L,23.650000000000034,34.650000000000034,1573,36.4,126,0,0,0,0,0,0,0,5670,0.2866141732283464,222
L48238,L,23.55000000000001,34.650000000000034,1605,31.3,128,0,0,0,0,0,0,1,5760,0.24263565891472869,285
M15919,M,23.55000000000001,34.75,1874,21.3,130,0,0,0,0,0,0,1,5850,0.16259541984732825,302
H30474,H,23.55000000000001,34.75,1424,53.8,133,0,0,0,0,0,0,1,5985,0.4014925373134328,284
L48241,L,23.55000000000001,34.75,1420,50.1,138,0,0,0,0,0,0,1,6210,0.360431654676259,255
L48242,L,23.650000000000034,34.75,1372,49.0,140,0,0,0,0,0,0,1,6300,0.3475177304964539,157
M15923,M,23.650000000000034,34.650000000000034,1664,32.8,142,0,0,0,0,0,0,0,6390,0.22937062937062935,358
M15924,M,23.650000000000034,34.75,1409,44.3,145,0,0,0,0,0,0,1,6525,0.3034246575342466,353
L48245,L,23.650000000000034,34.75,1718,25.2,148,0,0,0,0,0,0,0,6660,0.16912751677852347,259
M15926,M,23.75,34.650000000000034,1544,40.3,150,0,0,0,0,0,0,1,6750,0.26688741721854303,180
L48247,L,23.75,34.650000000000034,1466,45.7,153,0,0,0,0,0,0,0,6885,0.29675324675324677,161
L48248,L,23.650000000000034,34.650000000000034,1394,47.7,155,0,0,0,0,0,0,0,6975,0.3057692307692308,276
M15929,M,23.75,34.650000000000034,1840,24.6,157,0,0,0,0,0,0,1,7065,0.15569620253164557,206
M15930,M,23.75,34.650000000000034,1477,37.2,160,0,0,0,0,0,0,0,7200,0.23105590062111803,343
L48251,L,23.75,34.650000000000034,1425,49.1,163,0,0,0,0,0,0,0,7335,0.299390243902439,289
M15932,M,23.850000000000023,34.75,1414,46.2,165,0,0,0,0,0,0,1,7425,0.27831325301204823,176
L48253,L,23.850000000000023,34.650000000000034,1414,47.5,168,0,0,0,0,0,0,1,7560,0.28106508875739644,195
L48254,L,23.850000000000023,34.75,1595,31.7,170,0,0,0,0,0,0,1,7650,0.1853801169590643,284
H30489,H,23.75,34.650000000000034,1345,54.5,172,0,0,0,0,0,0,1,7740,0.315028901734104,210
L48256,L,23.75,34.55000000000001,1653,35.9,177,0,0,0,0,0,0,0,7965,0.20168539325842696,335
L48257,L,23.650000000000034,34.450000000000045,1547,36.5,179,0,0,0,0,0,0,0,8055,0.20277777777777778,207
H30492,H,23.75,34.55000000000001,1656,30.8,181,0,0,0,0,0,0,0,8145,0.16923076923076924,162
L48259,L,23.850000000000023,34.55000000000001,1731,28.5,186,0,0,0,0,0,0,0,8370,0.15240641711229946,330
L48260,L,23.850000000000023,34.650000000000034,1774,28.0,188,0,0,0,0,0,0,0,8460,0.14814814814814814,249
L48261,L,23.850000000000023,34.650000000000034,1521,40.2,190,0,0,0,0,0,0,0,8550,0.2104712041884817,342
H30496,H,23.950000000000045,34.75,1420,39.8,192,0,0,0,0,0,0,1,8640,0.20621761658031088,198
L48263,L,23.850000000000023,34.650000000000034,1683,32.3,197,0,0,0,0,0,0,0,8865,0.16313131313131313,184
M15944,M,23.850000000000023,34.55000000000001,1498,47.1,199,0,0,0,0,0,0,0,8955,0.23550000000000001,243
L48265,L,23.850000000000023,34.650000000000034,1385,56.4,202,1,0,0,0,1,0,2,9090,0.27783251231527095,27
L48266,L,23.850000000000023,34.75,1455,49.0,204,0,0,0,0,0,0,1,9180,0.23902439024390243,294
H30501,H,23.75,34.650000000000034,1549,35.8,206,1,1,0,0,0,0,4,9270,0.17294685990338163,48
M15948,M,23.75,34.650000000000034,1392,43.9,0,0,0,0,0,0,0,1,0,43.9,344
M15949,M,23.75,34.55000000000001,2008,17.5,3,0,0,0,0,0,0,1,135,4.375,272
L48270,L,23.75,34.55000000000001,1464,41.4,6,0,0,0,0,0,0,0,270,5.914285714285714,159
L48271,L,23.850000000000023,34.55000000000001,1447,46.4,8,0,0,0,0,0,0,0,360,5.155555555555555,311
M15952,M,23.75,34.450000000000045,1685,32.0,10,0,0,0,0,0,0,0,450,2.909090909090909,363
M15953,M,23.650000000000034,34.35000000000002,1443,39.2,13,0,0,0,0,0,0,1,585,2.8000000000000003,153
L48274,L,23.75,34.35000000000002,1354,44.4,16,0,0,0,0,0,0,0,720,2.611764705882353,274
L48275,L,23.75,34.35000000000002,2721,9.3,18,1,0,0,1,0,0,3,810,0.48947368421052634,24
L48276,L,23.850000000000023,34.450000000000045,1680,35.8,20,0,0,0,0,0,0,0,900,1.7047619047619047,195
H30511,H,23.75,34.35000000000002,1397,48.3,22,0,0,0,0,0,0,1,990,2.1,352
M15958,M,23.75,34.25,1521,37.9,27,0,0,0,0,0,0,1,1215,1.3535714285714284,323
M15959,M,23.650000000000034,34.25,1472,43.9,30,0,0,0,0,0,0,1,1350,1.4161290322580644,226
H30514,H,23.650000000000034,34.35000000000002,1695,30.0,33,0,0,0,0,0,0,0,1485,0.8823529411764706,208
H30515,H,23.55000000000001,34.35000000000002,1607,33.6,38,0,0,0,0,0,0,0,1710,0.8615384615384616,338
L48282,L,23.650000000000034,34.35000000000002,1347,54.8,43,0,0,0,0,0,0,0,1935,1.2454545454545454,345
M15963,M,23.55000000000001,34.25,1540,38.7,45,0,0,0,0,0,0,0,2025,0.841304347826087,215
L48284,L,23.450000000000045,34.25,1389,42.7,48,0,0,0,0,0,0,1,2160,0.8714285714285714,311
M15965,M,23.450000000000045,34.35000000000002,1734,27.0,50,0,0,0,0,0,0,0,2250,0.5294117647058824,256
L48286,L,23.55000000000001,34.450000000000045,1540,38.6,53,0,0,0,0,0,0,1,2385,0.7148148148148148,235
M15967,M,23.55000000000001,34.35000000000002,1515,42.1,55,0,0,0,0,0,0,0,2475,0.7517857142857143,282
L48288,L,23.450000000000045,34.25,1504,45.8,58,0,0,0,0,0,0,1,2610,0.7762711864406779,158
L48289,L,23.450000000000045,34.35000000000002,1557,35.1,60,0,0,0,0,0,0,0,2700,0.5754098360655738,169
L48290,L,23.350000000000023,34.25,1292,52.5,62,0,0,0,0,0,0,0,2790,0.8333333333333334,298
H30525,H,23.350000000000023,34.25,1432,49.2,64,0,0,0,0,0,0,1,2880,0.7569230769230769,276
M15972,M,23.350000000000023,34.25,1350,55.6,69,0,0,0,0,0,0,1,3105,0.7942857142857143,166
M15973,M,23.450000000000045,34.25,1790,25.8,72,0,0,0,0,0,0,0,3240,0.35342465753424657,161
H30528,H,23.25,34.150000000000034,1540,37.4,75,0,0,0,0,0,0,0,3375,0.4921052631578947,231
M15975,M,23.25,34.150000000000034,2077,19.1,80,0,0,0,0,0,0,0,3600,0.2358024691358025,216
L48296,L,23.25,34.150000000000034,1487,37.5,83,0,0,0,0,0,0,1,3735,0.44642857142857145,282
L48297,L,23.350000000000023,34.25,1523,40.7,85,0,0,0,0,0,0,0,3825,0.4732558139534884,337
L48298,L,23.350000000000023,34.35000000000002,1443,41.8,87,0,0,0,0,0,0,1,3915,0.475,202
L48299,L,23.350000000000023,34.35000000000002,1340,59.1,89,0,0,0,0,0,0,0,4005,0.6566666666666667,329
H30534,H,23.450000000000045,34.55000000000001,1654,31.0,91,0,0,0,0,0,0,0,4095,0.33695652173913043,355
L48301,L,23.450000000000045,34.450000000000045,1459,40.2,96,0,0,0,0,0,0,0,4320,0.4144329896907217,325
L48302,L,23.350000000000023,34.450000000000045,1541,38.5,98,0,0,0,0,0,0,0,4410,0.3888888888888889,296
H30537,H,23.450000000000045,34.55000000000001,1386,62.3,100,1,0,0,1,0,0,4,4500,0.6168316831683168,55
M15984,M,23.55000000000001,34.650000000000034,1258,69.0,105,1,0,0,1,0,0,6,4725,0.6509433962264151,54
M15985,M,23.55000000000001,34.650000000000034,1375,51.4,108,0,0,0,0,0,0,0,4860,0.4715596330275229,217
L48306,L,23.650000000000034,34.75,1706,30.8,111,0,0,0,0,0,0,0,4995,0.275,184
M15987,M,23.55000000000001,34.650000000000034,1672,32.4,113,0,0,0,0,0,0,0,5085,0.28421052631578947,237
M15988,M,23.650000000000034,34.75,1843,25.2,116,0,0,0,0,0,0,1,5220,0.21538461538461537,318
L48309,L,23.55000000000001,34.75,1690,29.6,119,0,0,0,0,0,0,0,5355,0.24666666666666667,290
L48310,L,23.650000000000034,34.75,1413,46.5,121,0,0,0,0,0,0,1,5445,0.38114754098360654,310
L48311,L,23.650000000000034,34.75,1489,33.4,123,0,0,0,0,0,0,1,5535,0.2693548387096774,164
L48312,L,23.650000000000034,34.75,1271,61.4,125,0,0,0,0,0,0,1,5625,0.4873015873015873,340
M15993,M,23.650000000000034,34.75,1418,47.9,127,0,0,0,0,0,0,1,5715,0.37421875,164
M15994,M,23.75,34.650000000000034,1426,50.7,130,0,0,0,0,0,0,0,5850,0.3870229007633588,180
L48315,L,23.75,34.75,1535,39.2,133,0,0,0,0,0,0,0,5985,0.29253731343283584,256
L48316,L,23.75,34.650000000000034,1557,38.1,135,0,0,0,0,0,0,1,6075,0.2801470588235294,305
L48317,L,23.75,34.650000000000034,1653,29.7,137,0,0,0,0,0,0,0,6165,0.21521739130434783,159
L48318,L,23.75,34.75,1435,41.6,139,0,0,0,0,0,0,0,6255,0.29714285714285715,206
M15999,M,23.850000000000023,34.75,1569,33.3,141,0,0,0,0,0,0,0,6345,0.23450704225352112,348
M16000,M,23.75,34.75,1385,44.8,144,0,0,0,0,0,0,1,6480,0.3089655172413793,310
L48321,L,23.850000000000023,34.75,1635,31.6,147,0,0,0,0,0,0,0,6615,0.21351351351351353,156
L48322,L,23.75,34.75,1423,43.9,149,0,0,0,0,0,0,0,6705,0.29266666666666663,282
L48323,L,23.850000000000023,34.75,1479,39.2,151,0,0,0,0,0,0,0,6795,0.2578947368421053,274
L48324,L,23.850000000000023,34.75,1296,69.1,153,1,0,0,1,0,0,6,6885,0.44870129870129866,11
L48325,L,23.850000000000023,34.650000000000034,1553,33.3,155,0,0,0,0,0,0,0,6975,0.21346153846153845,229
L48326,L,23.850000000000023,34.75,1529,42.2,157,0,0,0,0,0,0,0,7065,0.26708860759493674,273
M16007,M,23.950000000000045,34.85000000000002,1690,25.6,159,0,0,0,0,0,0,0,7155,0.16,206
L48328,L,23.950000000000045,34.85000000000002,1348,58.0,162,0,0,0,0,0,0,0,7290,0.3558282208588957,221
L48329,L,24.05000000000001,34.950000000000045,1446,38.5,164,0,0,0,0,0,0,0,7380,0.23333333333333334,363
L48330,L,23.950000000000045,34.75,1456,50.0,166,0,0,0,0,0,0,0,7470,0.2994011976047904,317
L48331,L,23.850000000000023,34.75,1350,47.7,168,0,0,0,0,0,0,1,7560,0.2822485207100592,177
L48332,L,23.950000000000045,34.75,1507,38.3,170,0,0,0,0,0,0,0,7650,0.2239766081871345,185
H30567,H,23.850000000000023,34.75,1448,45.6,172,0,0,0,0,0,0,1,7740,0.26358381502890177,205
L48334,L,23.75,34.75,1626,29.9,177,0,0,0,0,0,0,0,7965,0.16797752808988764,324
H30569,H,23.850000000000023,34.75,1846,27.3,179,0,0,0,0,0,0,1,8055,0.15166666666666667,348
H30570,H,23.850000000000023,34.650000000000034,1404,40.7,184,0,0,0,0,0,0,1,8280,0.22000000000000003,265
L48337,L,23.850000000000023,34.650000000000034,1583,37.2,189,0,0,0,0,0,0,0,8505,0.19578947368421054,317
L48338,L,23.850000000000023,34.75,1436,47.7,191,0,0,0,0,0,0,1,8595,0.2484375,208
L48339,L,23.850000000000023,34.650000000000034,1609,35.6,193,0,0,0,0,0,0,1,8685,0.18350515463917527,320
H30574,H,23.850000000000023,34.55000000000001,1834,23.8,195,0,0,0,0,0,0,1,8775,0.12142857142857143,272
L48341,L,23.850000000000023,34.650000000000034,1316,61.2,200,1,0,0,0,1,0,2,9000,0.30447761194029854,51
L48342,L,23.75,34.650000000000034,1400,57.1,202,1,0,0,0,1,0,4,9090,0.2812807881773399,28
L48343,L,23.75,34.75,1367,47.1,204,0,0,0,0,0,0,1,9180,0.22975609756097562,283
L48344,L,23.950000000000045,34.950000000000045,1754,30.3,206,0,0,0,0,0,0,0,9270,0.1463768115942029,268
L48345,L,23.950000000000045,34.950000000000045,1487,34.6,208,0,0,0,0,0,0,1,9360,0.16555023923444978,271
M16026,M,23.950000000000045,34.950000000000045,1506,37.7,210,0,0,0,0,0,0,1,9450,0.17867298578199053,214
L48347,L,23.850000000000023,34.950000000000045,1362,52.5,213,1,0,0,0,1,0,6,9585,0.24532710280373832,47
L48348,L,23.950000000000045,34.950000000000045,1584,36.8,215,0,0,0,0,0,0,0,9675,0.17037037037037037,351
L48349,L,23.850000000000023,34.950000000000045,1355,43.7,217,0,0,0,0,0,0,1,9765,0.2004587155963303,314
M16030,M,23.950000000000045,34.950000000000045,1823,24.3,219,0,0,0,0,0,0,0,9855,0.11045454545454546,276
H30585,H,23.850000000000023,34.950000000000045,1517,41.4,222,0,0,0,0,0,0,1,9990,0.18565022421524663,236
L48352,L,23.950000000000045,34.950000000000045,1446,36.6,227,0,0,0,0,0,0,1,10215,0.16052631578947368,182
H30587,H,23.950000000000045,34.85000000000002,1559,38.8,229,0,0,0,0,0,0,1,10305,0.16869565217391302,286
M16034,M,23.950000000000045,34.950000000000045,1352,44.4,0,0,0,0,0,0,0,1,0,44.4,202
M16035,M,24.05000000000001,35.150000000000034,1578,37.8,3,0,0,0,0,0,0,0,135,9.45,354
M16036,M,24.05000000000001,35.150000000000034,1429,42.0,6,0,0,0,0,0,0,1,270,6.0,241
M16037,M,24.05000000000001,35.150000000000034,1604,39.4,9,0,0,0,0,0,0,0,405,3.94,200
L48358,L,24.150000000000034,35.35000000000002,1398,60.4,12,0,0,0,0,0,0,1,540,4.646153846153846,220
L48359,L,24.150000000000034,35.25,1441,43.4,14,0,0,0,0,0,0,0,630,2.893333333333333,303
H30594,H,24.150000000000034,35.25,1531,35.6,16,0,0,0,0,0,0,1,720,2.0941176470588236,293
L48361,L,24.05000000000001,35.150000000000034,1379,52.1,21,0,0,0,0,0,0,1,945,2.368181818181818,189
L48362,L,24.150000000000034,35.150000000000034,1410,48.1,23,0,0,0,0,0,0,0,1035,2.004166666666667,328
L48363,L,24.150000000000034,35.25,1513,40.5,25,0,0,0,0,0,0,0,1125,1.5576923076923077,188
L48364,L,24.150000000000034,35.35000000000002,1497,47.5,27,0,0,0,0,0,0,0,1215,1.6964285714285714,332
L48365,L,24.150000000000034,35.25,1491,46.5,29,0,0,0,0,0,0,0,1305,1.55,313
L48366,L,24.150000000000034,35.25,1417,47.8,31,0,0,0,0,0,0,1,1395,1.49375,270
M16047,M,24.25,35.450000000000045,1522,38.0,33,0,0,0,0,0,0,0,1485,1.1176470588235294,342
L48368,L,24.150000000000034,35.25,1339,52.1,36,0,0,0,0,0,0,0,1620,1.4081081081081082,234
M16049,M,24.05000000000001,35.150000000000034,1794,27.5,38,0,0,0,0,0,0,0,1710,0.7051282051282052,354
L48370,L,24.05000000000001,35.25,1460,42.1,41,0,0,0,0,0,0,1,1845,1.0023809523809524,322
M16051,M,24.05000000000001,35.150000000000034,1776,28.0,43,0,0,0,0,0,0,1,1935,0.6363636363636364,286
M16052,M,24.05000000000001,35.150000000000034,1431,43.7,46,0,0,0,0,0,0,1,2070,0.9297872340425533,186
L48373,L,23.950000000000045,35.05000000000001,1347,50.8,49,0,0,0,0,0,0,1,2205,1.016,236
M16054,M,23.850000000000023,34.950000000000045,1507,43.1,51,0,0,0,0,0,0,0,2295,0.8288461538461539,278
M16055,M,23.850000000000023,34.85000000000002,1408,47.9,54,0,0,0,0,0,0,1,2430,0.8709090909090909,343
M16056,M,23.850000000000023,34.75,1493,34.7,57,0,0,0,0,0,0,0,2565,0.5982758620689655,212
M16057,M,23.75,34.75,1441,47.6,60,0,0,0,0,0,0,1,2700,0.7803278688524591,192
H30612,H,23.75,34.75,1557,36.5,63,0,0,0,0,0,0,0,2835,0.5703125,305
M16059,M,23.75,34.75,1979,20.4,68,0,0,0,0,0,0,0,3060,0.29565217391304344,249
M16060,M,23.75,34.85000000000002,1430,55.9,71,0,0,0,0,0,0,0,3195,0.7763888888888889,308
L48381,L,23.75,34.85000000000002,1658,41.0,74,0,0,0,0,0,0,0,3330,0.5466666666666666,254
M16062,M,23.850000000000023,34.950000000000045,1355,51.4,76,0,0,0,0,0,0,0,3420,0.6675324675324675,346
H30617,H,23.850000000000023,34.950000000000045,1410,47.6,79,0,0,0,0,0,0,1,3555,0.595,157
L48384,L,23.75,34.85000000000002,1521,34.5,84,0,0,0,0,0,0,0,3780,0.40588235294117647,311
L48385,L,23.650000000000034,34.85000000000002,1371,54.5,86,0,0,0,0,0,0,0,3870,0.6264367816091954,198
H30620,H,23.75,34.85000000000002,1318,53.5,88,0,0,0,0,0,0,0,3960,0.601123595505618,245
M16067,M,23.850000000000023,34.950000000000045,1573,34.9,93,0,0,0,0,0,0,0,4185,0.37127659574468086,335
L48388,L,23.850000000000023,34.950000000000045,1489,44.1,96,0,0,0,0,0,0,1,4320,0.45463917525773195,272
H30623,H,23.850000000000023,34.950000000000045,2540,13.3,98,0,0,0,0,0,0,1,4410,0.13434343434343435,352
L48390,L,23.850000000000023,34.950000000000045,1537,39.0,103,0,0,0,0,0,0,0,4635,0.375,196
H30625,H,23.75,34.85000000000002,1416,46.9,105,0,0,0,0,0,0,0,4725,0.44245283018867926,174
L48392,L,23.75,34.75,1359,56.5,110,0,0,0,0,0,0,0,4950,0.509009009009009,280
M16073,M,23.650000000000034,34.650000000000034,1551,38.9,112,0,0,0,0,0,0,0,5040,0.34424778761061947,322
M16074,M,23.650000000000034,34.650000000000034,1694,33.0,115,0,0,0,0,0,0,1,5175,0.28448275862068967,263
L48395,L,23.650000000000034,34.75,1709,28.4,118,0,0,0,0,0,0,1,5310,0.23865546218487393,329
L48396,L,23.75,34.85000000000002,1514,41.0,120,0,0,0,0,0,0,0,5400,0.33884297520661155,248
L48397,L,23.850000000000023,34.950000000000045,1455,43.5,122,0,0,0,0,0,0,0,5490,0.35365853658536583,245
M16078,M,23.850000000000023,35.05000000000001,1702,30.7,124,0,0,0,0,0,0,0,5580,0.24559999999999998,183
M16079,M,23.75,34.950000000000045,1357,41.8,127,0,0,0,0,0,0,0,5715,0.3265625,346
L48400,L,23.850000000000023,35.05000000000001,1577,29.4,130,0,0,0,0,0,0,0,5850,0.22442748091603051,258
M16081,M,23.850000000000023,35.150000000000034,1399,46.4,132,0,0,0,0,0,1,1,5940,0.34887218045112783,241
L48402,L,23.850000000000023,35.150000000000034,1399,59.0,135,0,0,0,0,0,0,1,6075,0.4338235294117647,157
L48403,L,23.850000000000023,35.150000000000034,1492,48.1,137,0,0,0,0,0,0,0,6165,0.34855072463768116,304
L48404,L,23.950000000000045,35.150000000000034,1763,25.7,139,0,0,0,0,0,0,1,6255,0.18357142857142858,357
H30639,H,23.950000000000045,35.150000000000034,1492,41.5,141,0,0,0,0,0,0,1,6345,0.29225352112676056,212
L48406,L,23.950000000000045,35.25,1488,42.5,146,0,0,0,0,0,0,1,6570,0.2891156462585034,231
L48407,L,23.950000000000045,35.25,1422,42.1,148,0,0,0,0,0,0,0,6660,0.2825503355704698,174
M16088,M,23.950000000000045,35.25,1583,38.2,150,0,0,0,0,0,0,1,6750,0.25298013245033113,335
L48409,L,23.950000000000045,35.25,1304,53.5,153,0,0,0,0,0,0,1,6885,0.3474025974025974,325
M16090,M,23.950000000000045,35.25,1880,23.5,155,0,0,0,0,0,0,0,6975,0.15064102564102563,278
M16091,M,24.05000000000001,35.35000000000002,1604,40.7,158,0,0,0,0,0,0,1,7110,0.2559748427672956,157
L48412,L,24.05000000000001,35.450000000000045,1500,37.1,161,0,0,0,0,0,0,0,7245,0.22901234567901235,273
M16093,M,24.05000000000001,35.35000000000002,1364,55.6,163,0,0,0,0,0,0,1,7335,0.33902439024390246,298
H30648,H,24.05000000000001,35.35000000000002,2440,14.0,166,0,0,0,0,0,0,0,7470,0.08383233532934131,247
H30649,H,23.950000000000045,35.25,1654,31.4,171,0,0,0,0,0,0,0,7695,0.1825581395348837,250
H30650,H,23.950000000000045,35.25,1359,46.6,176,0,0,0,0,0,0,1,7920,0.2632768361581921,260
M16097,M,23.950000000000045,35.25,1502,37.3,181,0,0,0,0,0,0,1,8145,0.20494505494505494,355
M16098,M,23.950000000000045,35.25,1615,32.6,184,0,0,0,0,0,0,0,8280,0.17621621621621622,306
H30653,H,24.05000000000001,35.35000000000002,1482,39.3,187,0,0,0,0,0,0,0,8415,0.20904255319148934,307
L48420,L,24.05000000000001,35.450000000000045,1636,31.3,192,0,0,0,0,0,0,1,8640,0.1621761658031088,152
M16101,M,23.950000000000045,35.35000000000002,1621,32.4,194,0,0,0,0,0,0,1,8730,0.16615384615384615,284
L48422,L,23.950000000000045,35.25,1468,44.4,197,0,0,0,0,0,0,1,8865,0.22424242424242424,249
M16103,M,23.950000000000045,35.25,1432,53.4,199,0,0,0,0,0,0,1,8955,0.267,160
L48424,L,23.950000000000045,35.25,1726,28.4,202,0,0,0,0,0,0,0,9090,0.1399014778325123,309
M16105,M,23.950000000000045,35.25,1588,33.4,204,0,0,0,0,0,0,0,9180,0.1629268292682927,208
H30660,H,24.05000000000001,35.35000000000002,1653,33.3,207,0,0,0,0,0,0,0,9315,0.16009615384615383,289
L48427,L,24.05000000000001,35.35000000000002,1513,42.9,212,0,0,0,0,0,0,1,9540,0.20140845070422533,228
L48428,L,24.05000000000001,35.450000000000045,1489,40.2,214,0,0,0,0,0,0,1,9630,0.1869767441860465,187
L48429,L,24.150000000000034,35.55000000000001,1467,36.8,216,0,0,0,0,0,0,0,9720,0.1695852534562212,271
L48430,L,24.150000000000034,35.55000000000001,1549,36.1,218,0,0,0,0,0,0,0,9810,0.16484018264840183,301
M16111,M,24.25,35.650000000000034,1359,48.7,220,0,0,0,0,0,0,0,9900,0.22036199095022627,214
L48432,L,24.350000000000023,35.650000000000034,1533,41.5,223,0,0,0,0,0,0,0,10035,0.18526785714285715,295
L48433,L,24.350000000000023,35.650000000000034,1309,57.3,0,0,0,0,0,0,0,0,0,57.3,195
H30668,H,24.350000000000023,35.650000000000034,1430,49.4,2,0,0,0,0,0,0,0,90,16.466666666666665,274
H30669,H,24.350000000000023,35.75,1419,50.7,7,0,0,0,0,0,0,1,315,6.3375,205
M16116,M,24.350000000000023,35.75,1535,37.7,12,0,0,0,0,0,0,0,540,2.9000000000000004,340
L48437,L,24.350000000000023,35.75,1466,43.0,15,0,0,0,0,0,0,0,675,2.6875,156
L48438,L,24.350000000000023,35.75,1427,50.4,17,0,0,0,0,0,0,0,765,2.8,254
M16119,M,24.350000000000023,35.75,1280,48.5,19,0,0,0,0,0,0,0,855,2.425,343
L48440,L,24.450000000000045,35.85000000000002,1528,33.8,22,0,0,0,0,0,0,0,990,1.4695652173913043,189
H30675,H,24.450000000000045,35.85000000000002,1885,25.2,24,0,0,0,0,0,0,0,1080,1.008,331
H30676,H,24.650000000000034,36.05000000000001,1648,33.0,29,0,0,0,0,0,0,0,1305,1.1,308
L48443,L,24.650000000000034,36.05000000000001,1400,56.9,34,0,0,0,0,0,0,1,1530,1.6257142857142857,246
M16124,M,24.650000000000034,36.150000000000034,2243,15.7,36,0,0,0,0,0,0,0,1620,0.4243243243243243,201
L48445,L,24.75,36.25,1558,35.7,39,0,0,0,0,0,0,1,1755,0.8925000000000001,180
L48446,L,24.850000000000023,36.450000000000045,1633,34.8,41,0,0,0,0,0,0,1,1845,0.8285714285714285,311
M16127,M,24.950000000000045,36.450000000000045,1549,38.7,43,0,0,0,0,0,0,1,1935,0.8795454545454546,156
L48448,L,24.850000000000023,36.35000000000002,1496,45.8,46,0,0,0,0,0,0,0,2070,0.9744680851063829,293
L48449,L,24.950000000000045,36.35000000000002,1467,41.8,48,0,0,0,0,0,0,0,2160,0.8530612244897958,299
M16130,M,24.850000000000023,36.25,1276,65.9,50,0,0,0,0,0,0,0,2250,1.2921568627450981,330
H30685,H,24.850000000000023,36.25,1490,40.5,53,0,0,0,0,0,0,0,2385,0.75,240
H30686,H,24.850000000000023,36.25,1562,38.1,58,0,0,0,0,0,0,0,2610,0.6457627118644068,166
L48453,L,24.950000000000045,36.25,1397,48.2,63,0,0,0,0,0,0,0,2835,0.753125,274
H30688,H,24.950000000000045,36.35000000000002,1530,40.2,65,0,0,0,0,0,0,0,2925,0.6090909090909091,153
M16135,M,24.950000000000045,36.25,1362,47.6,70,0,0,0,0,0,0,0,3150,0.6704225352112676,338
M16136,M,25.05000000000001,36.25,1693,34.4,73,0,0,0,0,0,0,0,3285,0.46486486486486484,271
M16137,M,25.05000000000001,36.25,1408,46.5,76,0,0,0,0,0,0,0,3420,0.6038961038961039,248
L48458,L,25.05000000000001,36.25,1398,52.9,79,0,0,0,0,0,0,1,3555,0.66125,363
M16139,M,25.150000000000034,36.450000000000045,1531,40.1,81,0,0,0,0,0,0,0,3645,0.48902439024390243,329
H30694,H,25.150000000000034,36.35000000000002,1521,37.1,84,0,0,0,0,0,0,0,3780,0.4364705882352941,312
H30695,H,25.150000000000034,36.35000000000002,1427,54.3,89,0,0,0,0,0,0,0,4005,0.6033333333333333,321
L48462,L,25.150000000000034,36.25,1546,36.1,94,0,0,0,0,0,0,1,4230,0.38,292
L48463,L,25.150000000000034,36.25,1356,45.4,96,0,0,0,0,0,0,0,4320,0.46804123711340206,210
L48464,L,25.25,36.35000000000002,2153,15.3,98,1,0,0,1,0,0,6,4410,0.15454545454545454,27
M16145,M,25.350000000000023,36.450000000000045,1492,41.7,100,0,0,0,0,0,0,1,4500,0.4128712871287129,170
L48466,L,25.350000000000023,36.450000000000045,1582,40.3,103,0,0,0,0,0,0,0,4635,0.38749999999999996,226
L48467,L,25.350000000000023,36.450000000000045,1419,41.5,105,0,0,0,0,0,0,1,4725,0.3915094339622642,196
M16148,M,25.350000000000023,36.450000000000045,1441,48.2,107,0,0,0,0,0,0,1,4815,0.4462962962962963,224
M16149,M,25.450000000000045,36.55000000000001,1635,32.2,110,0,0,0,0,0,0,1,4950,0.2900900900900901,198
L48470,L,25.450000000000045,36.55000000000001,1429,45.8,113,0,0,0,0,0,0,1,5085,0.40175438596491225,330
M16151,M,25.450000000000045,36.55000000000001,1675,28.4,115,0,0,0,0,0,0,0,5175,0.24482758620689654,176
M16152,M,25.55000000000001,36.55000000000001,1868,23.8,118,0,0,0,0,0,0,1,5310,0.2,180
H30707,H,25.55000000000001,36.650000000000034,1582,33.4,121,0,0,0,0,0,0,1,5445,0.27377049180327867,321
L48474,L,25.650000000000034,36.75,1486,40.3,126,0,0,0,0,0,0,0,5670,0.3173228346456693,181
L48475,L,25.55000000000001,36.650000000000034,1402,54.3,128,0,0,0,0,0,0,0,5760,0.4209302325581395,307
L48476,L,25.55000000000001,36.75,1621,34.1,130,0,0,0,0,0,0,0,5850,0.2603053435114504,167
L48477,L,25.650000000000034,36.75,1428,42.4,132,0,0,0,0,0,0,1,5940,0.318796992481203,274
M16158,M,25.55000000000001,36.650000000000034,1343,53.6,134,0,0,0,0,0,0,0,6030,0.397037037037037,212
M16159,M,25.55000000000001,36.75,1458,40.2,137,0,0,0,0,0,0,1,6165,0.291304347826087,277
L48480,L,25.55000000000001,36.650000000000034,1322,57.0,140,0,0,0,0,0,0,1,6300,0.40425531914893614,165
L48481,L,25.55000000000001,36.75,1483,32.8,142,0,0,0,0,0,0,0,6390,0.22937062937062935,312
L48482,L,25.450000000000045,36.650000000000034,1505,45.7,144,0,0,0,0,0,1,0,6480,0.31517241379310346,339
L48483,L,25.55000000000001,36.75,1593,42.5,146,0,0,0,0,0,0,0,6570,0.2891156462585034,286
L48484,L,25.650000000000034,36.85000000000002,2098,19.6,148,0,0,0,0,0,0,0,6660,0.13154362416107385,211
L48485,L,25.650000000000034,36.85000000000002,1672,30.4,150,0,0,0,0,0,0,0,6750,0.20132450331125826,188
L48486,L,25.650000000000034,36.85000000000002,1487,41.4,152,0,0,0,0,0,0,0,6840,0.27058823529411763,328
L48487,L,25.650000000000034,36.85000000000002,1423,42.1,154,0,0,0,0,0,0,1,6930,0.27161290322580645,264
L48488,L,25.75,36.950000000000045,1750,25.0,156,0,0,0,0,0,0,1,7020,0.1592356687898089,287
L48489,L,25.75,37.05000000000001,1654,31.1,158,0,0,0,0,0,0,0,7110,0.19559748427672957,329
L48490,L,25.75,37.05000000000001,1498,50.2,160,0,0,0,0,0,0,1,7200,0.31180124223602484,289
L48491,L,25.75,36.950000000000045,1587,30.2,162,0,0,0,0,0,0,1,7290,0.1852760736196319,221
L48492,L,25.75,36.950000000000045,1473,42.6,164,0,0,0,0,0,0,1,7380,0.2581818181818182,211
L48493,L,25.75,37.05000000000001,1359,56.9,166,0,0,0,0,0,0,1,7470,0.3407185628742515,280
M16174,M,25.850000000000023,37.150000000000034,1635,34.5,168,0,0,0,0,0,0,1,7560,0.20414201183431951,232
L48495,L,25.850000000000023,37.150000000000034,1520,45.0,171,0,0,0,0,0,0,1,7695,0.2616279069767442,272
L48496,L,25.850000000000023,37.150000000000034,1507,36.7,173,0,0,0,0,0,0,0,7785,0.21091954022988507,288
L48497,L,25.850000000000023,37.150000000000034,1428,46.3,175,0,0,0,0,0,0,0,7875,0.2630681818181818,285
M16178,M,25.850000000000023,37.150000000000034,1582,33.3,177,0,0,0,0,0,0,0,7965,0.18707865168539325,258
L48499,L,25.850000000000023,37.150000000000034,1929,24.4,180,0,0,0,0,0,0,1,8100,0.13480662983425415,271
M16180,M,25.850000000000023,37.150000000000034,1540,38.1,182,0,0,0,0,0,0,0,8190,0.20819672131147543,300
L48501,L,25.75,37.05000000000001,1362,53.0,185,0,0,0,0,0,0,0,8325,0.2849462365591398,268
H30736,H,25.75,36.950000000000045,1452,49.9,187,0,0,0,0,0,0,0,8415,0.2654255319148936,287
L48503,L,25.75,36.950000000000045,1361,51.7,192,0,0,0,0,0,0,1,8640,0.2678756476683938,167
M16184,M,25.650000000000034,36.950000000000045,1243,74.5,194,1,0,0,1,1,0,3,8730,0.382051282051282,50
H30739,H,25.650000000000034,36.950000000000045,1567,36.8,197,0,0,0,0,0,0,1,8865,0.18585858585858583,316
L48506,L,25.75,37.05000000000001,1411,46.5,202,0,0,0,0,0,0,0,9090,0.229064039408867,303
L48507,L,25.650000000000034,37.05000000000001,1814,26.8,204,0,0,0,0,0,0,0,9180,0.13073170731707318,160
M16188,M,25.650000000000034,36.950000000000045,1719,28.8,206,0,0,0,0,0,0,0,9270,0.1391304347826087,287
H30743,H,25.650000000000034,37.05000000000001,1663,30.4,209,0,0,0,0,0,0,1,9405,0.14476190476190476,280
L48510,L,25.75,37.05000000000001,1696,30.2,214,0,0,0,0,0,0,1,9630,0.14046511627906977,211
H30745,H,25.75,37.05000000000001,1771,26.8,216,0,0,0,0,0,0,1,9720,0.12350230414746544,220
L48512,L,25.850000000000023,37.150000000000034,1868,24.0,221,0,0,0,0,0,0,1,9945,0.10810810810810811,210
M16193,M,25.850000000000023,37.150000000000034,1558,35.4,223,0,0,0,0,0,0,1,10035,0.15803571428571428,281
L48514,L,25.850000000000023,37.25,1365,49.1,226,1,0,0,0,1,0,5,10170,0.21629955947136564,49
L48515,L,25.850000000000023,37.25,1371,53.8,228,1,0,0,0,1,0,2,10260,0.23493449781659387,58
L48516,L,25.75,37.150000000000034,1583,32.6,230,0,0,0,0,0,0,1,10350,0.14112554112554113,251
H30751,H,25.55000000000001,37.05000000000001,1613,36.0,0,0,0,0,0,0,0,1,0,36.0,162
L48518,L,25.450000000000045,36.950000000000045,1721,27.2,5,0,0,0,0,0,0,0,225,4.533333333333333,161
M16199,M,25.450000000000045,37.05000000000001,1668,31.5,7,0,0,0,0,0,0,1,315,3.9375,184
L48520,L,25.450000000000045,37.05000000000001,1569,36.3,10,0,0,0,0,0,0,0,450,3.3,331
M16201,M,25.450000000000045,37.05000000000001,1328,50.5,12,0,0,0,0,0,0,1,540,3.8846153846153846,200
M16202,M,25.450000000000045,36.950000000000045,1596,33.0,15,0,0,0,0,0,0,0,675,2.0625,192
L48523,L,25.350000000000023,37.05000000000001,1676,32.7,18,0,0,0,0,0,0,1,810,1.7210526315789476,260
L48524,L,25.350000000000023,36.950000000000045,1809,28.9,20,0,0,0,0,0,0,1,900,1.3761904761904762,215
L48525,L,25.350000000000023,36.85000000000002,1804,26.1,22,0,0,0,0,0,0,0,990,1.1347826086956523,164
L48526,L,25.450000000000045,36.950000000000045,1533,33.9,24,0,0,0,0,0,0,0,1080,1.3559999999999999,326
L48527,L,25.55000000000001,37.05000000000001,1717,27.3,26,0,0,0,0,0,0,1,1170,1.011111111111111,311
L48528,L,25.55000000000001,37.05000000000001,1363,45.5,28,0,0,0,0,0,0,1,1260,1.5689655172413792,188
L48529,L,25.55000000000001,37.05000000000001,1402,45.9,30,0,0,0,0,0,0,0,1350,1.4806451612903226,175
L48530,L,25.55000000000001,37.05000000000001,1436,47.5,32,0,0,0,0,0,0,1,1440,1.4393939393939394,261
L48531,L,25.55000000000001,37.05000000000001,1525,43.7,34,0,0,0,0,0,0,0,1530,1.2485714285714287,346
M16212,M,25.55000000000001,37.05000000000001,1598,33.3,36,0,0,0,0,0,0,0,1620,0.8999999999999999,325
M16213,M,25.450000000000045,36.950000000000045,1444,48.1,39,0,0,0,0,0,0,1,1755,1.2025000000000001,200
L48534,L,25.450000000000045,36.85000000000002,1334,48.0,42,0,0,0,0,0,0,0,1890,1.1162790697674418,260
M16215,M,25.450000000000045,36.85000000000002,1681,35.5,44,0,0,0,0,0,0,0,1980,0.7888888888888889,281
L48536,L,25.450000000000045,36.75,1593,37.4,47,0,0,0,0,0,0,1,2115,0.7791666666666667,247
L48537,L,25.450000000000045,36.75,1461,45.7,49,0,0,0,0,0,0,0,2205,0.914,304
M16218,M,25.55000000000001,36.950000000000045,1693,31.9,51,0,0,0,0,0,0,0,2295,0.6134615384615384,268
L48539,L,25.55000000000001,37.05000000000001,1404,50.3,54,0,0,0,0,0,0,0,2430,0.9145454545454544,319
H30774,H,25.650000000000034,37.05000000000001,1707,27.6,56,0,0,0,0,0,0,0,2520,0.4842105263157895,205
M16221,M,25.450000000000045,36.950000000000045,1458,41.9,61,0,0,0,0,0,0,1,2745,0.6758064516129032,218
L48542,L,25.450000000000045,36.85000000000002,1517,41.2,64,0,0,0,0,0,0,0,2880,0.6338461538461538,295
L48543,L,25.55000000000001,36.950000000000045,1433,54.6,66,0,0,0,0,0,0,1,2970,0.8149253731343283,338
L48544,L,25.55000000000001,37.05000000000001,1566,33.1,68,0,0,0,0,0,0,0,3060,0.4797101449275363,153
L48545,L,25.55000000000001,36.950000000000045,1676,33.5,70,0,0,0,0,0,0,1,3150,0.47183098591549294,278
M16226,M,25.55000000000001,36.950000000000045,1368,56.8,72,0,0,0,0,0,0,0,3240,0.7780821917808218,199
M16227,M,25.650000000000034,37.05000000000001,1581,37.5,75,0,0,0,0,0,0,1,3375,0.4934210526315789,233
H30782,H,25.650000000000034,37.150000000000034,1708,27.1,78,0,0,0,0,0,0,0,3510,0.3430379746835443,219
M16229,M,25.55000000000001,37.150000000000034,1481,41.5,83,0,0,0,0,0,0,0,3735,0.49404761904761907,297
L48550,L,25.55000000000001,37.150000000000034,1451,40.0,86,0,0,0,0,0,0,0,3870,0.45977011494252873,169
M16231,M,25.55000000000001,37.150000000000034,1495,38.7,88,0,0,0,0,0,0,0,3960,0.43483146067415734,323
M16232,M,25.650000000000034,37.150000000000034,1573,41.8,91,0,0,0,0,0,0,1,4095,0.4543478260869565,176
M16233,M,25.650000000000034,37.150000000000034,1366,59.0,94,0,0,0,0,0,0,1,4230,0.6210526315789474,175
L48554,L,25.650000000000034,37.150000000000034,1553,36.8,97,0,0,0,0,0,0,0,4365,0.3755102040816326,309
M16235,M,25.650000000000034,37.150000000000034,1528,37.1,99,0,0,0,0,0,0,1,4455,0.371,159
M16236,M,25.650000000000034,37.05000000000001,1527,31.2,102,0,0,0,0,0,0,0,4590,0.3029126213592233,231
L48557,L,25.650000000000034,37.05000000000001,1461,46.7,105,0,0,0,0,0,0,0,4725,0.44056603773584907,254
H30792,H,25.650000000000034,37.05000000000001,1455,44.9,107,0,0,0,0,0,0,1,4815,0.41574074074074074,289
L48559,L,25.55000000000001,36.950000000000045,1620,34.8,112,0,0,0,0,0,0,1,5040,0.3079646017699115,351
L48560,L,25.55000000000001,36.950000000000045,1786,27.7,114,0,0,0,0,0,0,1,5130,0.2408695652173913,237
M16241,M,25.650000000000034,37.05000000000001,1583,35.7,116,0,0,0,0,0,0,0,5220,0.30512820512820515,173
L48562,L,25.650000000000034,36.950000000000045,1653,30.3,119,0,0,0,0,0,0,0,5355,0.2525,266
M16243,M,25.75,37.05000000000001,1331,49.0,121,0,0,0,0,0,0,1,5445,0.4016393442622951,328
L48564,L,25.75,37.150000000000034,1484,43.8,124,0,0,0,0,0,0,0,5580,0.3504,315
M16245,M,25.75,37.05000000000001,1603,36.1,126,0,0,0,0,0,0,1,5670,0.284251968503937,195
L48566,L,25.75,37.05000000000001,1445,40.0,129,0,0,0,0,0,0,1,5805,0.3076923076923077,285
L48567,L,25.75,36.950000000000045,1823,26.1,131,0,0,0,0,0,0,1,5895,0.19772727272727275,204
H30802,H,25.75,36.950000000000045,1491,45.3,133,0,0,0,0,0,0,1,5985,0.3380597014925373,227
L48569,L,25.75,37.05000000000001,1533,42.8,138,0,0,0,0,0,0,1,6210,0.3079136690647482,308
L48570,L,25.75,37.05000000000001,1409,54.8,140,0,0,0,0,0,0,1,6300,0.38865248226950355,237
L48571,L,25.75,37.05000000000001,2737,8.8,142,1,0,0,1,0,0,2,6390,0.06153846153846154,44
M16252,M,25.850000000000023,37.150000000000034,1494,46.6,144,0,0,0,0,0,0,0,6480,0.3213793103448276,297
L48573,L,25.950000000000045,37.25,1594,33.3,147,0,0,0,0,0,0,1,6615,0.22499999999999998,187
L48574,L,25.950000000000045,37.25,1527,44.0,149,0,0,0,0,0,0,1,6705,0.29333333333333333,260
L48575,L,25.950000000000045,37.25,1452,39.7,151,0,0,0,0,0,0,1,6795,0.2611842105263158,164
L48576,L,25.850000000000023,37.150000000000034,1483,39.2,153,0,0,0,0,0,0,0,6885,0.2545454545454546,227
L48577,L,25.950000000000045,37.05000000000001,1569,38.2,155,0,0,0,0,0,0,1,6975,0.2448717948717949,225
L48578,L,25.950000000000045,37.150000000000034,1472,46.6,157,0,0,0,0,0,0,1,7065,0.2949367088607595,311
L48579,L,25.850000000000023,37.05000000000001,1533,43.5,159,0,0,0,0,0,0,1,7155,0.271875,221
H30814,H,25.75,36.950000000000045,1366,62.7,161,0,0,0,0,0,0,0,7245,0.38703703703703707,168
H30815,H,25.75,37.05000000000001,1532,37.7,166,0,0,0,0,0,0,1,7470,0.225748502994012,346
M16262,M,25.75,36.950000000000045,1313,56.8,171,0,0,0,0,0,0,0,7695,0.3302325581395349,269
L48583,L,25.850000000000023,37.05000000000001,1372,48.0,174,0,0,0,0,0,0,0,7830,0.2742857142857143,212
M16264,M,25.75,36.950000000000045,1555,40.6,176,0,0,0,0,0,0,1,7920,0.22937853107344633,254
L48585,L,25.75,36.950000000000045,1394,42.7,179,0,0,0,0,0,0,0,8055,0.23722222222222225,354
L48586,L,25.75,36.950000000000045,1442,48.0,181,0,0,0,0,0,0,0,8145,0.26373626373626374,181
L48587,L,25.75,36.85000000000002,1564,33.8,183,0,0,0,0,0,0,0,8235,0.18369565217391304,259
L48588,L,25.75,36.85000000000002,1452,48.9,185,0,0,0,0,0,0,1,8325,0.2629032258064516,314
L48589,L,25.75,36.950000000000045,1466,42.5,187,0,0,0,0,0,0,0,8415,0.22606382978723405,343
M16270,M,25.75,36.950000000000045,1469,53.2,189,0,0,0,0,0,0,1,8505,0.28,156
L48591,L,25.75,36.950000000000045,1944,23.4,192,0,0,0,0,0,0,1,8640,0.12124352331606217,325
M16272,M,25.650000000000034,36.75,1415,53.2,194,0,0,0,0,0,0,1,8730,0.27282051282051284,288
M16273,M,25.55000000000001,36.650000000000034,1528,36.7,197,0,0,0,0,0,0,0,8865,0.18535353535353538,352
M16274,M,25.55000000000001,36.650000000000034,1570,42.1,200,0,0,0,0,0,0,1,9000,0.20945273631840797,236
L48595,L,25.55000000000001,36.75,1617,33.0,203,0,0,0,0,0,0,0,9135,0.16176470588235295,180
M16276,M,25.55000000000001,36.75,2083,18.2,205,0,0,0,0,0,0,0,9225,0.08834951456310679,321
L48597,L,25.55000000000001,36.75,1541,38.5,208,0,0,0,0,0,0,0,9360,0.18421052631578946,194
L48598,L,25.650000000000034,36.75,1320,47.4,210,0,0,0,0,0,0,0,9450,0.22464454976303316,349
L48599,L,25.55000000000001,36.650000000000034,1354,53.3,212,1,0,0,0,1,0,3,9540,0.25023474178403754,46
M16280,M,25.650000000000034,36.75,1495,35.2,214,0,0,0,0,0,0,1,9630,0.16372093023255815,309
L48601,L,25.55000000000001,36.650000000000034,1589,31.8,217,0,0,0,0,0,0,0,9765,0.14587155963302753,298
L48602,L,25.55000000000001,36.650000000000034,1530,35.5,0,0,0,0,0,0,0,1,0,35.5,180
L48603,L,25.55000000000001,36.650000000000034,1539,33.4,2,0,0,0,0,0,0,1,90,11.133333333333333,150
L48604,L,25.55000000000001,36.55000000000001,1462,46.8,4,0,0,0,0,0,0,1,180,9.36,354
L48605,L,25.450000000000045,36.55000000000001,1356,54.0,6,0,0,0,0,0,0,0,270,7.714285714285714,288
M16286,M,25.55000000000001,36.55000000000001,1622,34.6,8,0,0,0,0,0,0,1,360,3.8444444444444446,242
L48607,L,25.55000000000001,36.650000000000034,1394,40.3,11,0,0,0,0,0,0,0,495,3.358333333333333,217
L48608,L,25.650000000000034,36.75,1568,33.7,13,0,0,0,0,0,0,1,585,2.4071428571428575,185
M16289,M,25.75,36.85000000000002,1456,43.8,15,0,0,0,0,0,0,0,675,2.7375,228
L48610,L,25.75,36.85000000000002,1378,49.3,18,0,0,0,0,0,0,0,810,2.594736842105263,336
M16291,M,25.75,36.75,1404,41.4,20,0,0,0,0,0,0,0,900,1.9714285714285713,216
L48612,L,25.650000000000034,36.650000000000034,1437,42.8,23,0,0,0,0,0,0,1,1035,1.7833333333333332,333
L48613,L,25.650000000000034,36.650000000000034,1363,44.0,25,0,0,0,0,0,0,0,1125,1.6923076923076923,200
M16294,M,25.650000000000034,36.650000000000034,1377,49.6,27,0,0,0,0,0,0,1,1215,1.7714285714285716,306
H30849,H,25.650000000000034,36.75,1526,42.1,30,0,0,0,0,0,0,0,1350,1.3580645161290323,362
H30850,H,25.650000000000034,36.650000000000034,1510,44.2,35,0,0,0,0,0,0,1,1575,1.2277777777777779,279
H30851,H,25.650000000000034,36.75,1439,45.2,40,1,0,0,0,0,0,2,1800,1.102439024390244,35
L48618,L,25.650000000000034,36.75,1482,39.1,45,0,0,0,0,0,0,1,2025,0.85,308
M16299,M,25.650000000000034,36.650000000000034,1534,37.0,47,0,0,0,0,0,0,0,2115,0.7708333333333334,203
M16300,M,25.650000000000034,36.75,1741,27.7,50,0,0,0,0,0,0,0,2250,0.5431372549019607,237
L48621,L,25.650000000000034,36.75,1550,38.8,53,0,0,0,0,0,0,0,2385,0.7185185185185184,317
M16302,M,25.650000000000034,36.85000000000002,1486,38.5,55,0,0,0,0,0,0,1,2475,0.6875,294
L48623,L,25.75,36.950000000000045,1602,38.2,58,0,0,0,0,0,0,0,2610,0.6474576271186441,154
L48624,L,25.850000000000023,37.05000000000001,1477,37.9,60,0,0,0,0,0,0,0,2700,0.621311475409836,151
L48625,L,25.850000000000023,36.950000000000045,1618,29.2,62,0,0,0,0,0,0,0,2790,0.46349206349206346,207
M16306,M,25.850000000000023,37.05000000000001,1628,35.8,64,0,0,0,0,0,0,0,2880,0.5507692307692307,161
M16307,M,25.850000000000023,37.150000000000034,1662,33.6,67,0,0,0,0,0,0,1,3015,0.49411764705882355,154
M16308,M,25.850000000000023,37.150000000000034,1657,31.0,70,0,0,0,0,0,0,0,3150,0.43661971830985913,255
H30863,H,25.850000000000023,37.25,1677,30.8,73,0,0,0,0,0,0,0,3285,0.41621621621621624,337
M16310,M,25.850000000000023,37.150000000000034,1447,39.9,78,0,0,0,0,0,0,1,3510,0.5050632911392405,318
L48631,L,25.75,37.25,1831,25.4,81,0,0,0,0,0,0,1,3645,0.3097560975609756,297
L48632,L,25.850000000000023,37.150000000000034,1584,34.4,83,0,0,0,0,0,0,1,3735,0.4095238095238095,349
L48633,L,25.950000000000045,37.25,1450,40.9,85,0,0,0,0,0,0,0,3825,0.4755813953488372,278
L48634,L,25.950000000000045,37.25,1428,46.9,87,0,0,0,0,0,0,1,3915,0.5329545454545455,205
L48635,L,25.850000000000023,37.25,1382,53.0,89,0,0,0,0,0,0,1,4005,0.5888888888888889,219
L48636,L,25.850000000000023,37.150000000000034,1501,43.0,91,0,0,0,0,0,0,1,4095,0.4673913043478261,205
L48637,L,25.850000000000023,37.150000000000034,1475,42.4,93,0,0,0,0,0,0,0,4185,0.451063829787234,203
L48638,L,25.75,37.150000000000034,1364,54.0,95,0,0,0,0,0,0,0,4275,0.5625,288
L48639,L,25.850000000000023,37.150000000000034,1472,36.1,97,0,0,0,0,0,0,0,4365,0.36836734693877554,152
L48640,L,25.850000000000023,37.150000000000034,1437,47.8,99,0,0,0,0,0,0,1,4455,0.478,244
L48641,L,25.75,37.05000000000001,1491,45.1,101,0,0,0,0,0,0,0,4545,0.4421568627450981,177
L48642,L,25.75,37.05000000000001,1706,27.6,103,0,0,0,0,0,0,1,4635,0.2653846153846154,260
L48643,L,25.650000000000034,36.950000000000045,1607,39.5,105,0,0,0,0,0,0,1,4725,0.37264150943396224,256
L48644,L,25.650000000000034,36.85000000000002,1412,46.3,107,0,0,0,0,0,0,1,4815,0.4287037037037037,269
L48645,L,25.55000000000001,36.650000000000034,1546,40.9,109,0,0,0,0,0,0,0,4905,0.3718181818181818,282
L48646,L,25.55000000000001,36.650000000000034,1365,50.5,111,0,0,0,0,0,0,1,4995,0.45089285714285715,273
L48647,L,25.450000000000045,36.650000000000034,1544,30.2,113,0,0,0,0,0,0,1,5085,0.2649122807017544,239
M16328,M,25.450000000000045,36.650000000000034,1419,44.9,115,0,0,0,0,0,0,0,5175,0.38706896551724135,165
L48649,L,25.450000000000045,36.650000000000034,1497,41.6,118,0,0,0,0,0,0,1,5310,0.34957983193277314,180
L48650,L,25.350000000000023,36.55000000000001,1437,42.6,120,0,0,0,0,0,0,1,5400,0.35206611570247937,177
L48651,L,25.350000000000023,36.450000000000045,1421,53.6,122,0,0,0,0,0,0,1,5490,0.43577235772357725,284
M16332,M,25.350000000000023,36.450000000000045,1438,44.5,124,0,0,0,0,0,0,0,5580,0.356,286
M16333,M,25.350000000000023,36.35000000000002,1315,48.9,127,0,0,0,0,0,0,1,5715,0.38203125,188
M16334,M,25.350000000000023,36.35000000000002,1366,61.9,130,0,0,0,0,0,0,0,5850,0.4725190839694656,320
M16335,M,25.25,36.35000000000002,1519,35.4,133,0,0,0,0,0,0,0,5985,0.26417910447761195,176
L48656,L,25.25,36.35000000000002,1692,28.3,136,0,0,0,0,0,0,1,6120,0.20656934306569344,225
L48657,L,25.150000000000034,36.25,1570,35.6,138,0,0,0,0,0,0,1,6210,0.2561151079136691,266
L48658,L,25.150000000000034,36.25,1568,35.8,140,0,0,0,0,0,0,1,6300,0.25390070921985813,238
L48659,L,25.05000000000001,36.150000000000034,1355,43.8,142,0,0,0,0,0,0,1,6390,0.3062937062937063,256
M16340,M,25.05000000000001,36.150000000000034,2056,18.7,144,0,0,0,0,0,0,0,6480,0.1289655172413793,271
M16341,M,25.05000000000001,36.05000000000001,1332,60.2,147,0,0,0,0,0,0,0,6615,0.40675675675675677,275
M16342,M,24.950000000000045,35.950000000000045,1448,52.5,150,0,0,0,0,0,0,1,6750,0.347682119205298,247
L48663,L,24.850000000000023,35.75,1578,35.6,153,0,0,0,0,0,0,0,6885,0.2311688311688312,182
M16344,M,24.850000000000023,35.85000000000002,1562,39.2,155,0,0,0,0,0,0,1,6975,0.2512820512820513,240
M16345,M,24.950000000000045,35.85000000000002,1976,19.3,158,0,0,0,0,0,0,1,7110,0.12138364779874214,333
M16346,M,25.05000000000001,36.05000000000001,1524,34.6,161,0,0,0,0,0,0,1,7245,0.21358024691358027,269
L48667,L,25.05000000000001,35.950000000000045,1429,48.5,164,0,0,0,0,0,0,1,7380,0.29393939393939394,151
L48668,L,25.05000000000001,35.950000000000045,1568,36.3,166,0,0,0,0,0,0,0,7470,0.21736526946107781,291
M16349,M,25.05000000000001,35.85000000000002,1723,26.6,168,0,0,0,0,0,0,0,7560,0.15739644970414202,162
L48670,L,25.05000000000001,35.85000000000002,1341,43.8,171,0,0,0,0,0,0,1,7695,0.25465116279069766,173
M16351,M,24.950000000000045,35.75,1353,46.2,173,0,0,0,0,0,0,1,7785,0.2655172413793104,218
M16352,M,24.850000000000023,35.55000000000001,1479,58.5,176,1,0,0,1,0,0,2,7920,0.3305084745762712,40
L48673,L,24.850000000000023,35.650000000000034,1496,44.9,179,0,0,0,0,0,0,0,8055,0.24944444444444444,236
M16354,M,24.850000000000023,35.55000000000001,1377,48.5,181,0,0,0,0,0,0,0,8145,0.2664835164835165,168
H30909,H,24.75,35.35000000000002,1383,44.6,184,0,0,0,0,0,0,1,8280,0.2410810810810811,179
L48676,L,24.850000000000023,35.55000000000001,1268,69.4,189,1,0,0,1,1,0,6,8505,0.36526315789473685,25
L48677,L,24.850000000000023,35.55000000000001,1629,34.3,191,0,0,0,0,0,0,1,8595,0.1786458333333333,320
L48678,L,24.850000000000023,35.650000000000034,1790,27.2,193,0,0,0,0,0,0,1,8685,0.1402061855670103,293
M16359,M,24.950000000000045,35.650000000000034,2206,16.3,195,0,0,0,0,0,0,0,8775,0.08316326530612245,329
M16360,M,24.850000000000023,35.55000000000001,2101,17.4,198,0,0,0,0,0,0,1,8910,0.08743718592964823,263
M16361,M,24.850000000000023,35.55000000000001,1436,48.2,201,0,0,0,0,0,0,0,9045,0.23861386138613863,265
L48682,L,24.850000000000023,35.55000000000001,1462,48.2,204,0,0,0,0,0,0,1,9180,0.2351219512195122,326
L48683,L,24.850000000000023,35.55000000000001,1771,26.2,206,0,0,0,0,0,0,1,9270,0.12657004830917873,288
L48684,L,24.850000000000023,35.55000000000001,1506,47.0,208,0,0,0,0,0,0,1,9360,0.22488038277511962,227
L48685,L,24.850000000000023,35.55000000000001,1626,36.7,210,0,0,0,0,0,0,1,9450,0.17393364928909955,324
L48686,L,24.850000000000023,35.650000000000034,1610,33.7,212,0,0,0,0,0,0,1,9540,0.15821596244131456,356
M16367,M,24.850000000000023,35.450000000000045,1376,55.7,214,0,0,0,0,0,0,1,9630,0.2590697674418605,184
M16368,M,24.850000000000023,35.450000000000045,1507,37.3,217,0,0,0,0,0,0,0,9765,0.17110091743119266,220
L48689,L,24.850000000000023,35.35000000000002,1429,37.7,220,1,1,0,0,0,0,3,9900,0.17058823529411765,21
M16370,M,24.950000000000045,35.55000000000001,1547,38.9,0,0,0,0,0,0,0,1,0,38.9,257
L48691,L,24.950000000000045,35.55000000000001,1642,30.3,3,0,0,0,0,0,0,0,135,7.575,203
H30926,H,24.850000000000023,35.55000000000001,1503,36.3,5,0,0,0,0,0,0,1,225,6.05,363
L48693,L,24.950000000000045,35.55000000000001,1568,32.9,10,0,0,0,0,0,0,0,450,2.9909090909090907,172
M16374,M,24.950000000000045,35.650000000000034,1628,37.6,12,0,0,0,0,0,0,0,540,2.8923076923076922,301
M16375,M,25.05000000000001,35.75,1614,35.5,15,0,0,0,0,0,0,1,675,2.21875,159
L48696,L,25.05000000000001,35.75,1278,54.0,18,0,0,0,0,0,0,0,810,2.8421052631578947,210
M16377,M,25.05000000000001,35.75,1408,38.8,20,0,0,0,0,0,0,1,900,1.8476190476190475,285
H30932,H,25.05000000000001,35.85000000000002,1371,55.7,23,0,0,0,0,0,0,0,1035,2.3208333333333333,197
M16379,M,25.05000000000001,35.75,1512,38.5,28,0,0,0,0,0,0,1,1260,1.3275862068965518,261
L48700,L,25.150000000000034,35.950000000000045,1472,40.1,31,0,0,0,0,0,0,0,1395,1.253125,353
M16381,M,25.05000000000001,35.75,1585,34.3,33,0,0,0,0,0,0,1,1485,1.0088235294117647,275
H30936,H,25.05000000000001,35.85000000000002,1562,37.7,36,0,0,0,0,0,0,0,1620,1.018918918918919,306
L48703,L,25.150000000000034,35.85000000000002,1519,36.9,41,0,0,0,0,0,0,1,1845,0.8785714285714286,236
L48704,L,25.05000000000001,35.85000000000002,1601,35.8,43,0,0,0,0,0,0,0,1935,0.8136363636363636,175
L48705,L,25.05000000000001,35.85000000000002,2449,13.8,45,0,0,0,0,0,0,1,2025,0.3,314
L48706,L,24.950000000000045,35.85000000000002,1787,27.6,47,0,0,0,0,0,0,0,2115,0.5750000000000001,201
H30941,H,24.950000000000045,35.950000000000045,1425,44.5,49,0,0,0,0,0,0,1,2205,0.89,315
L48708,L,24.950000000000045,35.85000000000002,1559,34.0,54,0,0,0,0,0,0,0,2430,0.6181818181818182,155
L48709,L,24.950000000000045,35.85000000000002,1557,36.0,56,0,0,0,0,0,0,1,2520,0.631578947368421,157
L48710,L,24.950000000000045,35.85000000000002,1497,40.5,58,0,0,0,0,0,0,1,2610,0.6864406779661016,166
H30945,H,24.950000000000045,35.85000000000002,1438,41.4,60,0,0,0,0,0,0,1,2700,0.6786885245901639,225
M16392,M,24.950000000000045,35.75,1417,39.2,65,0,0,0,0,0,0,1,2925,0.593939393939394,339
M16393,M,24.850000000000023,35.75,1339,51.4,68,0,0,0,0,0,0,0,3060,0.744927536231884,363
L48714,L,24.850000000000023,35.650000000000034,1757,29.1,71,0,0,0,0,0,0,0,3195,0.4041666666666667,355
L48715,L,24.850000000000023,35.650000000000034,1581,36.1,73,0,0,0,0,0,0,0,3285,0.48783783783783785,183
M16396,M,25.05000000000001,35.75,1326,54.4,75,0,0,0,0,0,0,1,3375,0.7157894736842105,296
M16397,M,25.25,35.950000000000045,1467,39.6,78,0,0,0,0,0,0,1,3510,0.5012658227848101,219
L48718,L,25.25,35.950000000000045,1798,29.6,81,0,0,0,0,0,0,1,3645,0.3609756097560976,231
M16399,M,25.350000000000023,36.05000000000001,1449,46.4,83,0,0,0,0,0,0,1,3735,0.5523809523809524,267
M16400,M,25.25,35.950000000000045,1525,39.3,86,0,0,0,0,0,0,1,3870,0.45172413793103444,314
L48721,L,25.25,35.85000000000002,2304,15.1,89,0,0,0,0,0,0,0,4005,0.16777777777777778,187
L48722,L,25.150000000000034,35.75,1379,54.7,91,0,0,0,0,0,0,0,4095,0.5945652173913044,292
L48723,L,25.25,35.75,1628,34.9,93,0,0,0,0,0,0,0,4185,0.37127659574468086,251
L48724,L,25.25,35.85000000000002,1474,52.7,95,0,0,0,0,0,0,1,4275,0.5489583333333333,189
M16405,M,25.25,35.85000000000002,1544,38.8,97,0,0,0,0,0,0,1,4365,0.39591836734693875,286
L48726,L,25.25,35.75,1391,48.4,100,0,0,0,0,0,0,1,4500,0.4792079207920792,202
L48727,L,25.150000000000034,35.75,1348,55.5,102,0,0,0,0,0,0,1,4590,0.5388349514563107,347
M16408,M,25.150000000000034,35.650000000000034,1349,52.1,104,0,0,0,0,0,0,1,4680,0.4961904761904762,267
L48729,L,25.25,35.75,1706,29.5,107,0,0,0,0,0,0,1,4815,0.27314814814814814,215
L48730,L,25.25,35.75,1638,32.4,109,0,0,0,0,0,0,1,4905,0.29454545454545455,229
L48731,L,25.25,35.650000000000034,1458,40.1,111,0,0,0,0,0,0,0,4995,0.3580357142857143,201
L48732,L,25.350000000000023,35.75,1781,27.8,113,0,0,0,0,0,0,0,5085,0.24385964912280703,278
L48733,L,25.350000000000023,35.650000000000034,1332,59.1,115,0,0,0,0,0,0,1,5175,0.5094827586206897,307
M16414,M,25.25,35.55000000000001,1584,31.7,117,0,0,0,0,0,0,1,5265,0.26864406779661015,273
L48735,L,25.25,35.450000000000045,1491,42.0,120,0,0,0,0,0,0,1,5400,0.34710743801652894,261
H30970,H,25.25,35.35000000000002,1398,47.1,122,0,0,0,0,0,0,0,5490,0.3829268292682927,150
L48737,L,25.150000000000034,35.25,1585,30.6,127,0,0,0,0,0,0,0,5715,0.2390625,316
M16418,M,25.05000000000001,35.150000000000034,1476,43.5,129,0,0,0,0,0,0,1,5805,0.3346153846153846,165
L48739,L,25.05000000000001,35.150000000000034,1458,41.8,132,0,0,0,0,0,0,0,5940,0.3142857142857143,294
M16420,M,25.05000000000001,35.25,1510,39.9,134,0,0,0,0,0,0,0,6030,0.29555555555555557,261
L48741,L,25.05000000000001,35.25,1388,53.8,137,0,0,0,0,0,0,0,6165,0.3898550724637681,261
L48742,L,25.05000000000001,35.150000000000034,2216,16.8,139,0,0,0,0,0,0,1,6255,0.12000000000000001,251
L48743,L,25.05000000000001,35.150000000000034,1402,51.0,141,0,0,0,0,0,0,0,6345,0.3591549295774648,231
M16424,M,24.850000000000023,35.05000000000001,2090,19.0,143,0,0,0,0,0,0,0,6435,0.13194444444444445,299
L48745,L,24.850000000000023,35.05000000000001,1459,42.1,146,0,0,0,0,0,0,1,6570,0.2863945578231293,363
M16426,M,24.850000000000023,34.950000000000045,1403,44.8,148,0,0,0,0,0,0,1,6660,0.3006711409395973,248
L48747,L,24.950000000000045,35.05000000000001,1521,39.3,151,0,0,0,0,0,0,0,6795,0.25855263157894737,308
L48748,L,25.05000000000001,35.05000000000001,1407,47.1,153,0,0,0,0,0,0,1,6885,0.30584415584415586,189
M16429,M,24.950000000000045,35.05000000000001,1654,35.3,155,0,0,0,0,0,0,0,6975,0.22628205128205126,304
L48750,L,25.05000000000001,35.25,1452,43.5,158,0,0,0,0,0,0,0,7110,0.27358490566037735,185
L48751,L,25.150000000000034,35.25,1528,37.3,160,0,0,0,0,0,0,1,7200,0.23167701863354034,274
L48752,L,25.05000000000001,35.150000000000034,1230,59.6,162,0,0,0,0,0,0,1,7290,0.3656441717791411,153
L48753,L,25.05000000000001,35.05000000000001,1466,42.4,164,0,0,0,0,0,0,0,7380,0.25696969696969696,267
L48754,L,25.05000000000001,35.05000000000001,1478,50.1,166,0,0,0,0,0,0,1,7470,0.3,346
L48755,L,25.05000000000001,35.150000000000034,2057,18.0,168,0,0,0,0,0,0,1,7560,0.10650887573964497,174
L48756,L,25.150000000000034,35.25,1490,41.7,170,0,0,0,0,0,0,0,7650,0.24385964912280703,244
L48757,L,25.150000000000034,35.25,1484,43.4,172,0,0,0,0,0,0,0,7740,0.2508670520231214,227
L48758,L,25.150000000000034,35.25,1593,37.0,174,0,0,0,0,0,0,0,7830,0.21142857142857144,307
L48759,L,25.150000000000034,35.150000000000034,1444,43.8,176,0,0,0,0,0,0,0,7920,0.24745762711864405,324
M16440,M,25.150000000000034,35.25,1444,47.5,178,0,0,0,0,0,0,0,8010,0.26536312849162014,161
M16441,M,25.05000000000001,35.150000000000034,1560,33.0,181,0,0,0,0,0,0,0,8145,0.1813186813186813,176
H30996,H,24.950000000000045,35.150000000000034,1530,42.0,184,0,0,0,0,0,0,1,8280,0.22702702702702704,322
L48763,L,25.05000000000001,35.25,1310,61.0,189,1,0,0,0,1,0,3,8505,0.32105263157894737,55
M16444,M,25.05000000000001,35.150000000000034,1639,33.3,191,0,0,0,0,0,0,0,8595,0.1734375,204
L48765,L,25.05000000000001,35.150000000000034,1400,48.7,194,0,0,0,0,0,0,1,8730,0.24974358974358976,307
M16446,M,25.150000000000034,35.25,1486,44.2,196,0,0,0,0,0,0,1,8820,0.22436548223350256,231
M16447,M,25.05000000000001,35.150000000000034,1448,43.3,199,0,0,0,0,0,0,0,8955,0.2165,163
L48768,L,25.05000000000001,35.150000000000034,1688,32.0,202,0,0,0,0,0,0,1,9090,0.15763546798029557,205
M16449,M,24.950000000000045,35.150000000000034,1453,41.5,204,0,0,0,0,0,0,1,9180,0.20243902439024392,296
L48770,L,25.05000000000001,35.25,1497,37.7,207,0,0,0,0,0,0,0,9315,0.18125000000000002,235
L48771,L,25.05000000000001,35.25,1355,49.4,209,0,0,0,0,0,0,1,9405,0.23523809523809522,175
L48772,L,24.950000000000045,35.25,1592,38.2,211,0,0,0,0,0,0,1,9495,0.18018867924528303,348
L48773,L,24.850000000000023,35.150000000000034,1544,34.7,213,0,0,0,0,0,0,0,9585,0.16214953271028038,241
M16454,M,24.850000000000023,35.05000000000001,1373,51.2,215,0,0,0,0,0,0,1,9675,0.23703703703703705,315
L48775,L,24.850000000000023,35.05000000000001,1365,52.9,218,1,0,0,0,1,0,6,9810,0.2415525114155251,21
L48776,L,24.850000000000023,34.950000000000045,1877,24.3,0,0,0,0,0,0,0,1,0,24.3,185
L48777,L,24.75,34.950000000000045,1531,40.8,2,0,0,0,0,0,0,0,90,13.6,295
L48778,L,24.75,34.85000000000002,1501,36.7,4,0,0,0,0,0,0,0,180,7.340000000000001,334
L48779,L,24.75,34.85000000000002,1490,46.2,6,0,0,0,0,0,0,1,270,6.6000000000000005,227
M16460,M,24.650000000000034,34.650000000000034,1543,43.7,8,0,0,0,0,0,0,1,360,4.855555555555556,261
L48781,L,24.650000000000034,34.650000000000034,1597,38.2,11,0,0,0,0,0,0,0,495,3.1833333333333336,172
H31016,H,24.650000000000034,34.75,1600,33.5,13,0,0,0,0,0,0,0,585,2.392857142857143,268
M16463,M,24.650000000000034,34.650000000000034,1622,32.1,18,0,0,0,0,0,0,1,810,1.6894736842105265,265
L48784,L,24.650000000000034,34.650000000000034,1452,39.8,21,0,0,0,0,0,0,0,945,1.8090909090909089,291
L48785,L,24.650000000000034,34.650000000000034,1396,42.5,23,0,0,0,0,0,0,1,1035,1.7708333333333333,346
L48786,L,24.650000000000034,34.55000000000001,1505,39.7,25,0,0,0,0,0,0,1,1125,1.526923076923077,171
L48787,L,24.650000000000034,34.650000000000034,1412,48.3,27,0,0,0,0,0,0,0,1215,1.7249999999999999,177
L48788,L,24.650000000000034,34.55000000000001,1393,38.0,29,0,0,0,0,0,0,0,1305,1.2666666666666666,192
L48789,L,24.55000000000001,34.55000000000001,1581,34.9,31,0,0,0,0,0,0,1,1395,1.090625,225
L48790,L,24.650000000000034,34.650000000000034,1573,37.9,33,0,0,0,0,0,0,1,1485,1.1147058823529412,167
M16471,M,24.650000000000034,34.75,1726,27.3,35,0,0,0,0,0,0,0,1575,0.7583333333333333,249
M16472,M,24.75,34.75,1540,39.8,38,0,0,0,0,0,0,1,1710,1.0205128205128204,354
L48793,L,24.75,34.85000000000002,1296,62.9,41,0,0,0,0,0,0,0,1845,1.4976190476190476,361
M16474,M,24.650000000000034,34.75,1802,25.8,43,0,0,0,0,0,0,0,1935,0.5863636363636364,273
L48795,L,24.650000000000034,34.75,1447,48.6,46,0,0,0,0,0,0,0,2070,1.0340425531914894,258
H31030,H,24.650000000000034,34.650000000000034,1662,30.7,48,0,0,0,0,0,0,0,2160,0.6265306122448979,185
L48797,L,24.650000000000034,34.650000000000034,1563,34.3,53,0,0,0,0,0,0,0,2385,0.6351851851851852,274
L48798,L,24.75,34.650000000000034,1286,59.5,55,0,0,0,0,0,0,1,2475,1.0625,156
L48799,L,24.75,34.55000000000001,1590,34.6,57,0,0,0,0,0,0,0,2565,0.596551724137931,172
L48800,L,24.75,34.55000000000001,1492,43.7,59,0,0,0,0,0,0,0,2655,0.7283333333333334,311
L48801,L,24.55000000000001,34.450000000000045,1844,21.9,61,0,0,0,0,0,0,0,2745,0.3532258064516129,266
H31036,H,24.55000000000001,34.450000000000045,1538,38.3,63,0,0,0,0,0,0,0,2835,0.5984375,263
L48803,L,24.55000000000001,34.450000000000045,1921,22.9,68,0,0,0,0,0,0,0,3060,0.33188405797101445,245
M16484,M,24.650000000000034,34.650000000000034,1310,57.9,70,0,0,0,0,0,0,0,3150,0.8154929577464789,170
L48805,L,24.75,34.650000000000034,1365,46.9,73,0,0,0,0,0,0,0,3285,0.6337837837837837,219
M16486,M,24.75,34.650000000000034,1303,59.3,75,0,0,0,0,0,0,1,3375,0.7802631578947368,357
L48807,L,24.75,34.650000000000034,1499,37.5,78,0,0,0,0,0,0,1,3510,0.47468354430379744,324
L48808,L,24.75,34.650000000000034,1451,38.2,80,0,0,0,0,0,0,1,3600,0.471604938271605,202
M16489,M,24.75,34.75,1336,54.4,82,0,0,0,0,0,0,1,3690,0.655421686746988,233
L48810,L,24.75,34.75,1412,44.5,85,0,0,0,0,0,0,0,3825,0.5174418604651163,255
L48811,L,24.850000000000023,34.85000000000002,1433,39.2,87,0,0,0,0,0,0,1,3915,0.4454545454545455,190
L48812,L,24.75,34.75,1426,43.6,89,0,0,0,0,0,0,0,4005,0.48444444444444446,352
L48813,L,24.75,34.75,1476,45.2,91,0,0,0,0,0,0,1,4095,0.491304347826087,309
H31048,H,24.75,34.75,1406,58.5,93,0,0,0,0,0,0,1,4185,0.6223404255319149,277
L48815,L,24.650000000000034,34.650000000000034,1383,56.5,98,0,0,0,0,0,0,0,4410,0.5707070707070707,291
L48816,L,24.75,34.650000000000034,1505,37.3,100,0,0,0,0,0,0,0,4500,0.3693069306930693,237
L48817,L,24.75,34.650000000000034,1665,33.9,102,0,0,0,0,0,0,1,4590,0.329126213592233,252
L48818,L,24.75,34.650000000000034,1397,45.0,104,0,0,0,0,0,0,1,4680,0.42857142857142855,256
M16499,M,24.75,34.650000000000034,1450,43.5,106,0,0,0,0,0,0,1,4770,0.40654205607476634,166
L48820,L,24.850000000000023,34.650000000000034,1567,36.4,109,0,0,0,0,0,0,1,4905,0.3309090909090909,174
M16501,M,24.850000000000023,34.85000000000002,1555,37.0,111,0,0,0,0,0,0,0,4995,0.33035714285714285,213
H31056,H,24.850000000000023,34.650000000000034,1588,35.4,114,0,0,0,0,0,0,1,5130,0.30782608695652175,350
L48823,L,24.850000000000023,34.650000000000034,1453,37.7,119,0,0,0,0,0,0,1,5355,0.3141666666666667,235
L48824,L,24.850000000000023,34.650000000000034,1622,33.3,121,0,0,0,0,0,0,1,5445,0.27295081967213114,268
L48825,L,24.75,34.650000000000034,1538,38.5,123,0,0,0,0,0,0,1,5535,0.31048387096774194,325
M16506,M,24.75,34.55000000000001,1527,42.8,125,0,0,0,0,0,0,1,5625,0.33968253968253964,184
L48827,L,24.650000000000034,34.650000000000034,1761,28.9,128,0,0,0,0,0,0,0,5760,0.22403100775193796,186
L48828,L,24.75,34.650000000000034,1373,50.2,130,0,0,0,0,0,0,0,5850,0.38320610687022905,204
H31063,H,24.850000000000023,34.75,1482,37.8,132,0,0,0,0,0,0,0,5940,0.28421052631578947,294
M16510,M,24.850000000000023,34.75,1417,51.0,137,0,0,0,0,0,0,0,6165,0.3695652173913043,305
L48831,L,24.850000000000023,34.650000000000034,1414,51.7,140,0,0,0,0,0,0,0,6300,0.3666666666666667,278
H31066,H,24.75,34.650000000000034,1635,34.0,142,0,0,0,0,0,0,1,6390,0.23776223776223776,202
L48833,L,24.850000000000023,34.650000000000034,1386,57.3,147,0,0,0,0,0,0,0,6615,0.38716216216216215,222
L48834,L,25.05000000000001,34.950000000000045,1379,62.3,149,0,0,0,0,0,0,0,6705,0.41533333333333333,332
M16515,M,25.05000000000001,34.85000000000002,1577,35.9,151,0,0,0,0,0,0,1,6795,0.23618421052631577,262
L48836,L,25.05000000000001,34.950000000000045,1532,42.5,154,0,0,0,0,0,0,0,6930,0.27419354838709675,338
M16517,M,24.950000000000045,34.85000000000002,1374,48.8,156,0,0,0,0,0,0,0,7020,0.310828025477707,162
H31072,H,24.950000000000045,34.85000000000002,1570,35.3,159,0,0,0,0,0,0,0,7155,0.220625,196
L48839,L,24.950000000000045,34.85000000000002,1697,31.0,164,0,0,0,0,0,0,0,7380,0.18787878787878787,341
L48840,L,25.05000000000001,34.85000000000002,1499,44.1,166,0,0,0,0,0,0,1,7470,0.26407185628742513,309
M16521,M,25.05000000000001,34.85000000000002,1411,47.2,168,0,0,0,0,0,0,1,7560,0.27928994082840236,177
H31076,H,25.05000000000001,34.75,1462,45.5,171,0,0,0,0,0,0,0,7695,0.26453488372093026,202
M16523,M,24.950000000000045,34.75,1759,28.6,176,0,0,0,0,0,0,1,7920,0.16158192090395482,180
L48844,L,25.05000000000001,34.85000000000002,1535,38.0,179,0,0,0,0,0,0,0,8055,0.2111111111111111,157
H31079,H,25.05000000000001,34.75,1491,39.7,181,0,0,0,0,0,0,1,8145,0.21813186813186813,221
L48846,L,25.05000000000001,34.75,1551,36.0,186,0,0,0,0,0,0,1,8370,0.1925133689839572,273
L48847,L,25.05000000000001,34.75,1769,27.2,188,0,0,0,0,0,0,1,8460,0.1439153439153439,247
L48848,L,25.05000000000001,34.75,1551,34.1,190,0,0,0,0,0,0,1,8550,0.17853403141361257,236
L48849,L,25.05000000000001,34.75,1544,31.4,192,0,0,0,0,0,0,1,8640,0.16269430051813472,223
L48850,L,25.05000000000001,34.650000000000034,1528,31.1,194,0,0,0,0,0,0,1,8730,0.1594871794871795,250
L48851,L,24.950000000000045,34.75,1614,35.8,196,0,0,0,0,0,0,1,8820,0.18172588832487307,174
L48852,L,24.950000000000045,34.650000000000034,1432,49.8,198,0,0,0,0,0,0,1,8910,0.25025125628140704,264
M16533,M,24.950000000000045,34.650000000000034,1384,43.7,200,0,0,0,0,0,0,1,9000,0.2174129353233831,182
L48854,L,24.950000000000045,34.650000000000034,1540,37.8,203,0,0,0,0,0,0,1,9135,0.1852941176470588,345
L48855,L,24.850000000000023,34.55000000000001,1407,43.9,205,0,0,0,0,0,0,1,9225,0.21310679611650485,284
H31090,H,24.75,34.450000000000045,1418,43.0,207,0,0,0,0,0,0,0,9315,0.20673076923076922,246
M16537,M,24.75,34.35000000000002,1647,30.8,212,0,0,0,0,0,0,1,9540,0.14460093896713616,343
L48858,L,24.850000000000023,34.35000000000002,1644,32.8,215,0,0,0,0,0,0,0,9675,0.15185185185185185,261
L48859,L,24.850000000000023,34.35000000000002,1792,27.9,217,0,0,0,0,0,0,1,9765,0.12798165137614678,323
M16540,M,24.75,34.25,1610,34.6,219,0,0,0,0,0,0,0,9855,0.1572727272727273,245
M16541,M,24.650000000000034,34.150000000000034,1804,26.0,222,0,0,0,0,0,0,0,9990,0.11659192825112108,154
H31096,H,24.75,34.25,1604,36.1,225,1,1,0,0,0,0,4,10125,0.1597345132743363,44
M16543,M,24.75,34.25,1403,52.8,0,0,0,0,0,0,0,1,0,52.8,259
L48864,L,24.650000000000034,34.150000000000034,1438,44.5,3,0,0,0,0,0,0,1,135,11.125,166
L48865,L,24.75,34.150000000000034,1824,26.3,5,0,0,0,0,0,0,1,225,4.383333333333334,225
H31100,H,24.75,34.150000000000034,1663,28.7,7,0,0,0,0,0,0,1,315,3.5875,201
L48867,L,24.75,34.150000000000034,1502,36.7,12,0,0,0,0,0,0,0,540,2.8230769230769233,289
L48868,L,24.75,34.25,1606,35.5,14,0,0,0,0,0,0,1,630,2.3666666666666667,211
L48869,L,24.75,34.35000000000002,1561,37.7,16,0,0,0,0,0,0,1,720,2.2176470588235295,312
M16550,M,24.75,34.25,1435,42.9,18,0,0,0,0,0,0,1,810,2.2578947368421054,339
L48871,L,24.75,34.35000000000002,1602,38.3,21,0,0,0,0,0,0,1,945,1.7409090909090907,170
M16552,M,24.950000000000045,34.450000000000045,1764,27.7,23,0,0,0,0,0,0,1,1035,1.1541666666666666,234
H31107,H,24.850000000000023,34.35000000000002,1683,27.8,26,0,0,0,0,0,0,1,1170,1.0296296296296297,343
L48874,L,24.850000000000023,34.35000000000002,1618,35.2,31,0,0,0,0,0,0,1,1395,1.1,330
L48875,L,24.850000000000023,34.450000000000045,1509,41.6,33,0,0,0,0,0,0,1,1485,1.223529411764706,170
L48876,L,24.75,34.450000000000045,1550,39.0,35,0,0,0,0,0,0,0,1575,1.0833333333333333,292
M16557,M,24.75,34.450000000000045,1519,44.0,37,0,0,0,0,0,0,0,1665,1.1578947368421053,352
L48878,L,24.75,34.450000000000045,1481,38.0,40,0,0,0,0,0,0,1,1800,0.926829268292683,351
L48879,L,24.950000000000045,34.55000000000001,1289,48.3,42,0,0,0,0,0,0,1,1890,1.1232558139534883,359
M16560,M,24.850000000000023,34.450000000000045,1844,23.8,44,0,0,0,0,0,0,1,1980,0.5288888888888889,300
L48881,L,24.850000000000023,34.55000000000001,1479,42.5,47,0,0,0,0,0,0,1,2115,0.8854166666666666,277
L48882,L,24.850000000000023,34.55000000000001,1430,47.3,49,0,0,0,0,0,0,0,2205,0.946,308
M16563,M,24.950000000000045,34.650000000000034,1636,36.7,51,0,0,0,0,0,0,0,2295,0.7057692307692308,203
M16564,M,24.950000000000045,34.650000000000034,1503,44.7,54,0,0,0,0,0,0,1,2430,0.8127272727272727,332
M16565,M,24.950000000000045,34.650000000000034,1608,32.6,57,0,0,0,0,0,0,0,2565,0.5620689655172414,175
L48886,L,25.05000000000001,34.650000000000034,1521,42.9,60,0,0,0,0,0,0,0,2700,0.7032786885245902,202
L48887,L,25.05000000000001,34.650000000000034,1439,41.6,62,0,0,0,0,0,0,1,2790,0.6603174603174603,215
L48888,L,25.05000000000001,34.650000000000034,1627,31.5,64,0,0,0,0,0,0,1,2880,0.4846153846153846,316
L48889,L,25.05000000000001,34.650000000000034,1749,26.1,66,0,0,0,0,0,0,1,2970,0.3895522388059702,156
L48890,L,25.05000000000001,34.650000000000034,1530,35.9,68,0,0,0,0,0,0,0,3060,0.5202898550724637,316
L48891,L,25.05000000000001,34.650000000000034,1355,51.3,70,0,0,0,0,0,0,0,3150,0.7225352112676056,181
L48892,L,25.150000000000034,34.75,1551,33.8,72,0,0,0,0,0,0,1,3240,0.46301369863013697,303
L48893,L,25.05000000000001,34.650000000000034,1515,46.7,74,0,0,0,0,0,0,1,3330,0.6226666666666667,236
L48894,L,25.05000000000001,34.650000000000034,1388,48.6,76,0,0,0,0,0,0,0,3420,0.6311688311688312,355
L48895,L,25.05000000000001,34.650000000000034,1585,34.6,78,0,0,0,0,0,0,0,3510,0.4379746835443038,306
L48896,L,24.950000000000045,34.55000000000001,1523,37.7,80,0,0,0,0,0,0,1,3600,0.4654320987654321,302
L48897,L,25.05000000000001,34.450000000000045,1369,54.5,82,0,0,0,0,0,0,0,3690,0.6566265060240963,333
M16578,M,25.05000000000001,34.55000000000001,1681,31.0,84,0,0,0,0,0,0,1,3780,0.36470588235294116,308
L48899,L,25.05000000000001,34.55000000000001,1503,38.3,87,0,0,0,0,0,0,1,3915,0.4352272727272727,343
L48900,L,25.05000000000001,34.55000000000001,1459,44.5,89,0,0,0,0,0,0,0,4005,0.49444444444444446,151
L48901,L,25.05000000000001,34.55000000000001,1688,32.4,91,0,0,0,0,0,0,0,4095,0.3521739130434782,364
M16582,M,25.05000000000001,34.55000000000001,1952,21.6,93,0,0,0,0,0,0,0,4185,0.22978723404255322,324
L48903,L,25.05000000000001,34.650000000000034,2029,19.9,96,0,0,0,0,0,0,1,4320,0.20515463917525772,224
M16584,M,25.150000000000034,34.650000000000034,1457,52.5,98,0,0,0,0,0,0,1,4410,0.5303030303030303,178
M16585,M,25.150000000000034,34.650000000000034,1392,50.4,101,0,0,0,0,0,0,1,4545,0.4941176470588235,276
L48906,L,25.150000000000034,34.650000000000034,1906,22.1,104,0,0,0,0,0,0,1,4680,0.21047619047619048,198
M16587,M,25.150000000000034,34.55000000000001,1602,33.4,106,0,0,0,0,0,0,1,4770,0.31214953271028034,350
L48908,L,25.150000000000034,34.55000000000001,1465,49.4,109,0,0,0,0,0,0,1,4905,0.4490909090909091,181
M16589,M,25.150000000000034,34.55000000000001,1439,43.8,111,0,0,0,0,0,0,0,4995,0.39107142857142857,307
M16590,M,25.150000000000034,34.650000000000034,1330,55.4,114,0,0,0,0,0,0,1,5130,0.4817391304347826,164
M16591,M,25.150000000000034,34.75,1485,42.0,117,0,0,0,0,0,0,1,5265,0.3559322033898305,211
H31146,H,25.25,34.75,1700,28.2,120,0,0,0,0,0,0,1,5400,0.2330578512396694,227
L48913,L,25.25,34.85000000000002,1515,42.8,125,0,0,0,0,0,0,1,5625,0.33968253968253964,166
M16594,M,25.350000000000023,34.950000000000045,1501,39.2,127,0,0,0,0,0,0,0,5715,0.30625,171
L48915,L,25.25,34.85000000000002,1380,47.6,130,0,0,0,0,0,0,1,5850,0.3633587786259542,307
L48916,L,25.25,34.75,1544,35.9,132,0,0,0,0,0,0,0,5940,0.2699248120300752,230
L48917,L,25.25,34.75,1743,27.3,134,0,0,0,0,0,0,0,6030,0.20222222222222222,293
H31152,H,25.25,34.75,1948,21.4,136,0,0,0,0,0,0,1,6120,0.15620437956204378,329
H31153,H,25.350000000000023,34.75,1260,54.2,141,0,0,0,0,0,0,1,6345,0.38169014084507047,157
M16600,M,25.350000000000023,34.75,1640,33.1,146,0,0,0,0,0,0,0,6570,0.2251700680272109,341
M16601,M,25.350000000000023,34.85000000000002,1363,49.2,149,0,0,0,0,0,0,0,6705,0.328,316
L48922,L,25.350000000000023,34.85000000000002,1379,49.6,152,0,0,0,0,0,0,1,6840,0.3241830065359477,180
M16603,M,25.350000000000023,34.85000000000002,1713,25.8,154,0,0,0,0,0,0,0,6930,0.1664516129032258,161
M16604,M,25.350000000000023,34.85000000000002,1461,51.9,157,0,0,0,0,0,0,1,7065,0.3284810126582278,182
L48925,L,25.350000000000023,34.85000000000002,1624,29.8,160,0,0,0,0,0,0,1,7200,0.18509316770186335,335
L48926,L,25.25,34.85000000000002,1526,41.1,162,0,0,0,0,0,0,0,7290,0.25214723926380367,161
L48927,L,25.25,34.75,2381,14.2,164,0,0,0,0,0,0,1,7380,0.08606060606060606,174
H31162,H,25.25,34.55000000000001,1626,31.1,166,0,0,0,0,0,1,1,7470,0.18622754491017965,315
L48929,L,25.150000000000034,34.55000000000001,1576,33.8,171,0,0,0,0,0,0,1,7695,0.19651162790697674,197
M16610,M,25.25,34.650000000000034,1617,31.6,173,0,0,0,0,0,0,0,7785,0.18160919540229886,359
L48931,L,25.150000000000034,34.450000000000045,1942,20.6,176,0,0,0,0,0,0,0,7920,0.11638418079096045,232
L48932,L,25.05000000000001,34.450000000000045,1492,37.2,178,0,0,0,0,0,0,0,8010,0.20782122905027933,204
L48933,L,25.05000000000001,34.35000000000002,1470,51.3,180,0,0,0,0,0,0,1,8100,0.28342541436464086,280
M16614,M,24.850000000000023,34.25,1463,46.5,182,0,0,0,0,0,0,0,8190,0.2540983606557377,274
L48935,L,24.850000000000023,34.150000000000034,1424,46.5,185,0,0,0,0,0,0,0,8325,0.25,218
M16616,M,24.950000000000045,34.25,1363,60.1,187,0,0,0,0,0,0,0,8415,0.3196808510638298,312
M16617,M,24.950000000000045,34.25,1335,56.2,190,0,0,0,0,0,0,1,8550,0.2942408376963351,200
L48938,L,24.950000000000045,34.25,1608,33.9,193,0,0,0,0,0,0,1,8685,0.1747422680412371,176
H31173,H,24.850000000000023,34.25,1606,35.2,195,0,0,0,0,0,0,0,8775,0.1795918367346939,314
L48940,L,24.950000000000045,34.35000000000002,1684,33.1,200,0,0,0,0,0,0,0,9000,0.1646766169154229,362
L48941,L,24.950000000000045,34.450000000000045,1950,20.3,202,0,0,0,0,0,0,0,9090,0.1,293
H31176,H,25.05000000000001,34.450000000000045,1460,48.6,204,0,0,0,0,0,0,1,9180,0.23707317073170733,174
L48943,L,25.05000000000001,34.450000000000045,1511,31.0,209,1,1,0,0,0,0,6,9405,0.14761904761904762,25
H31178,H,25.05000000000001,34.450000000000045,1318,55.7,0,0,0,0,0,0,0,1,0,55.7,211
L48945,L,25.05000000000001,34.450000000000045,1368,51.8,5,0,0,0,0,0,0,1,225,8.633333333333333,294
M16626,M,25.150000000000034,34.55000000000001,1717,27.1,7,0,0,0,0,0,0,1,315,3.3875,320
M16627,M,25.150000000000034,34.55000000000001,1520,41.4,10,0,0,0,0,0,0,0,450,3.7636363636363637,179
M16628,M,25.150000000000034,34.650000000000034,1485,42.0,13,0,0,0,0,0,0,0,585,3.0,190
L48949,L,25.25,34.75,1981,23.2,16,0,0,0,0,0,0,1,720,1.3647058823529412,266
H31184,H,25.25,34.75,1605,31.0,18,0,0,0,0,0,0,1,810,1.631578947368421,153
L48951,L,25.25,34.75,1446,45.3,23,0,0,0,0,0,0,1,1035,1.8875,215
L48952,L,25.25,34.85000000000002,1508,47.9,25,0,0,0,0,0,0,1,1125,1.8423076923076922,209
L48953,L,25.350000000000023,34.85000000000002,1384,59.5,27,0,0,0,0,0,0,0,1215,2.125,286
M16634,M,25.350000000000023,34.85000000000002,1519,37.3,29,0,0,0,0,0,0,0,1305,1.2433333333333332,180
L48955,L,25.350000000000023,34.85000000000002,1404,48.1,32,0,0,0,0,0,0,1,1440,1.4575757575757575,238
L48956,L,25.350000000000023,34.950000000000045,1564,31.1,34,0,0,0,0,0,0,1,1530,0.8885714285714286,249
H31191,H,25.450000000000045,35.05000000000001,1555,36.8,36,0,0,0,0,0,0,1,1620,0.9945945945945945,268
L48958,L,25.450000000000045,35.05000000000001,1325,54.0,41,0,0,0,0,0,0,0,1845,1.2857142857142858,218
M16639,M,25.450000000000045,35.05000000000001,1488,44.0,43,0,0,0,0,0,0,1,1935,1.0,301
L48960,L,25.350000000000023,35.05000000000001,1595,32.3,46,0,0,0,0,0,0,0,2070,0.6872340425531914,173
L48961,L,25.350000000000023,34.950000000000045,1662,28.6,48,0,0,0,0,0,0,1,2160,0.5836734693877551,322
L48962,L,25.25,34.85000000000002,1571,37.4,50,0,0,0,0,0,0,0,2250,0.7333333333333333,314
H31197,H,25.150000000000034,34.85000000000002,1553,41.0,52,0,0,0,0,0,0,0,2340,0.7735849056603774,335
L48964,L,25.150000000000034,34.85000000000002,2886,3.8,57,1,0,0,1,0,0,5,2565,0.06551724137931034,19
L48965,L,25.05000000000001,34.85000000000002,1538,38.2,59,0,0,0,0,0,0,0,2655,0.6366666666666667,172
L48966,L,25.25,35.05000000000001,1618,33.0,61,0,0,0,0,0,0,0,2745,0.532258064516129,312
L48967,L,25.25,35.05000000000001,1364,45.9,63,0,0,0,0,0,0,0,2835,0.7171875,212
L48968,L,25.150000000000034,34.85000000000002,1442,47.3,65,0,0,0,0,0,0,0,2925,0.7166666666666667,267
L48969,L,25.05000000000001,34.75,1313,67.3,67,1,0,0,1,0,0,5,3015,0.9897058823529411,9
L48970,L,25.05000000000001,34.75,1847,23.6,69,0,0,0,0,0,0,1,3105,0.3371428571428572,155
L48971,L,24.950000000000045,34.650000000000034,1524,40.8,71,0,0,0,0,0,0,1,3195,0.5666666666666667,155
M16652,M,24.950000000000045,34.55000000000001,1445,48.0,73,0,0,0,0,0,0,1,3285,0.6486486486486487,179
L48973,L,24.950000000000045,34.650000000000034,1761,28.2,76,0,0,0,0,0,0,1,3420,0.36623376623376624,150
M16654,M,24.950000000000045,34.650000000000034,1514,43.5,78,0,0,0,0,0,0,0,3510,0.5506329113924051,212
M16655,M,24.950000000000045,34.55000000000001,1498,38.3,81,0,0,0,0,0,0,0,3645,0.4670731707317073,285
H31210,H,24.950000000000045,34.450000000000045,1542,37.1,84,0,0,0,0,0,0,0,3780,0.4364705882352941,177
M16657,M,24.850000000000023,34.450000000000045,1508,41.8,89,0,0,0,0,0,0,0,4005,0.46444444444444444,238
M16658,M,24.850000000000023,34.35000000000002,1431,52.9,92,0,0,0,0,0,0,1,4140,0.5688172043010753,310
M16659,M,24.850000000000023,34.35000000000002,1427,45.1,95,0,0,0,0,0,0,1,4275,0.46979166666666666,202
M16660,M,24.850000000000023,34.35000000000002,1524,36.3,98,0,0,0,0,0,0,0,4410,0.36666666666666664,187
M16661,M,24.850000000000023,34.35000000000002,1427,43.6,101,0,0,0,0,0,0,1,4545,0.4274509803921569,201
H31216,H,24.950000000000045,34.450000000000045,1496,44.1,104,0,0,0,0,0,0,0,4680,0.42000000000000004,227
L48983,L,24.950000000000045,34.55000000000001,1388,40.3,109,0,0,0,0,0,0,0,4905,0.36636363636363634,288
L48984,L,24.950000000000045,34.55000000000001,1495,48.1,111,0,0,0,0,0,0,1,4995,0.42946428571428574,279
H31219,H,24.950000000000045,34.55000000000001,1376,56.2,113,0,0,0,0,0,0,1,5085,0.4929824561403509,202
H31220,H,24.850000000000023,34.450000000000045,1593,32.2,118,0,0,0,0,0,0,1,5310,0.2705882352941177,243
L48987,L,24.850000000000023,34.450000000000045,1654,28.9,123,0,0,0,0,0,0,1,5535,0.23306451612903226,243
L48988,L,24.950000000000045,34.55000000000001,2567,12.8,125,1,0,0,1,0,0,3,5625,0.10158730158730159,16
L48989,L,24.950000000000045,34.55000000000001,1767,27.0,127,0,0,0,0,0,0,1,5715,0.2109375,354
L48990,L,24.950000000000045,34.450000000000045,1364,53.8,129,0,0,0,0,0,0,1,5805,0.4138461538461538,156
M16671,M,24.950000000000045,34.650000000000034,1569,31.2,131,0,0,0,0,0,0,0,5895,0.23636363636363636,216
L48992,L,25.05000000000001,34.650000000000034,1476,36.8,134,0,0,0,0,0,0,1,6030,0.27259259259259255,286
L48993,L,24.950000000000045,34.55000000000001,1479,45.0,136,0,0,0,0,0,0,0,6120,0.3284671532846715,355
L48994,L,24.950000000000045,34.55000000000001,1650,34.1,138,0,0,0,0,0,0,0,6210,0.24532374100719426,265
M16675,M,24.950000000000045,34.450000000000045,1565,36.3,140,0,0,0,0,0,0,1,6300,0.2574468085106383,340
L48996,L,24.950000000000045,34.450000000000045,1460,46.5,143,0,0,0,0,0,0,0,6435,0.3229166666666667,288
L48997,L,24.950000000000045,34.55000000000001,1664,27.6,145,0,0,0,0,0,0,1,6525,0.18904109589041096,186
M16678,M,24.950000000000045,34.55000000000001,1435,40.9,147,0,0,0,0,0,0,0,6615,0.27635135135135136,291
M16679,M,24.950000000000045,34.450000000000045,2066,19.2,150,0,0,0,0,0,0,0,6750,0.1271523178807947,296
L49000,L,24.950000000000045,34.35000000000002,1493,43.7,153,0,0,0,0,0,0,0,6885,0.2837662337662338,157
L49001,L,24.950000000000045,34.450000000000045,1354,43.3,155,0,0,0,0,0,0,1,6975,0.2775641025641025,284
L49002,L,24.950000000000045,34.450000000000045,1488,39.4,157,0,0,0,0,0,0,0,7065,0.24936708860759493,208
L49003,L,24.950000000000045,34.55000000000001,1414,48.7,159,0,0,0,0,0,0,0,7155,0.304375,272
L49004,L,24.950000000000045,34.35000000000002,1391,57.4,161,0,0,0,0,0,0,0,7245,0.35432098765432096,340
M16685,M,24.850000000000023,34.35000000000002,1784,27.8,163,0,0,0,0,0,0,1,7335,0.16951219512195123,156
H31240,H,24.650000000000034,34.150000000000034,1516,40.1,166,0,0,0,0,0,0,0,7470,0.24011976047904193,269
M16687,M,24.75,34.150000000000034,1420,47.8,171,0,0,0,0,0,0,1,7695,0.277906976744186,332
L49008,L,24.650000000000034,34.05000000000001,1351,56.3,174,0,0,0,0,0,0,0,7830,0.3217142857142857,152
L49009,L,24.650000000000034,34.05000000000001,1880,23.0,176,0,0,0,0,0,0,0,7920,0.12994350282485875,216
L49010,L,24.650000000000034,34.150000000000034,1859,24.0,178,0,0,0,0,0,0,0,8010,0.1340782122905028,167
M16691,M,24.650000000000034,34.150000000000034,1315,54.0,180,0,0,0,0,0,0,1,8100,0.2983425414364641,194
M16692,M,24.650000000000034,34.25,1330,51.7,183,0,0,0,0,0,0,0,8235,0.28097826086956523,246
L49013,L,24.650000000000034,34.150000000000034,1327,61.0,186,1,0,0,0,1,0,3,8370,0.32620320855614976,9
L49014,L,24.650000000000034,34.05000000000001,1498,38.1,188,0,0,0,0,0,0,0,8460,0.2015873015873016,313
H31249,H,24.650000000000034,34.150000000000034,1555,35.8,190,0,0,0,0,0,0,0,8550,0.18743455497382197,293
L49016,L,24.55000000000001,34.05000000000001,1518,35.8,195,0,0,0,0,0,0,1,8775,0.1826530612244898,228
L49017,L,24.55000000000001,34.05000000000001,1392,43.0,197,0,0,0,0,0,0,0,8865,0.21717171717171718,306
M16698,M,24.650000000000034,34.05000000000001,1456,39.6,199,0,0,0,0,0,0,0,8955,0.198,208
L49019,L,24.55000000000001,33.950000000000045,1715,30.2,0,0,0,0,0,0,0,0,0,30.2,295
M16700,M,24.55000000000001,34.05000000000001,1405,43.7,2,0,0,0,0,0,0,0,90,14.566666666666668,326
L49021,L,24.55000000000001,34.05000000000001,1668,37.8,5,0,0,0,0,0,0,1,225,6.3,323
H31256,H,24.55000000000001,33.950000000000045,1855,22.5,7,0,0,0,0,0,0,0,315,2.8125,232
L49023,L,24.450000000000045,33.950000000000045,1496,39.2,12,0,0,0,0,0,0,0,540,3.0153846153846158,306
M16704,M,24.450000000000045,33.950000000000045,1471,44.9,14,0,0,0,0,0,0,1,630,2.993333333333333,347
L49025,L,24.55000000000001,34.05000000000001,1444,40.0,17,0,0,0,0,0,0,0,765,2.2222222222222223,258
H31260,H,24.55000000000001,34.150000000000034,1514,38.6,19,0,0,0,0,0,0,0,855,1.9300000000000002,327
L49027,L,24.650000000000034,34.150000000000034,1412,50.7,24,0,0,0,0,0,0,0,1080,2.028,204
H31262,H,24.55000000000001,34.05000000000001,1429,44.1,26,0,0,0,0,0,0,1,1170,1.6333333333333333,304
L49029,L,24.55000000000001,34.05000000000001,1668,32.7,31,0,0,0,0,0,0,0,1395,1.021875,284
M16710,M,24.55000000000001,34.05000000000001,1372,52.8,33,0,0,0,0,0,0,1,1485,1.552941176470588,240
M16711,M,24.55000000000001,34.150000000000034,1365,49.2,36,0,0,0,0,0,0,1,1620,1.32972972972973,232
M16712,M,24.450000000000045,33.950000000000045,1526,39.1,39,0,0,0,0,0,0,1,1755,0.9775,275
L49033,L,24.450000000000045,34.05000000000001,1486,40.6,42,0,0,0,0,0,0,1,1890,0.944186046511628,230
M16714,M,24.450000000000045,34.05000000000001,1470,42.6,44,0,0,0,0,0,0,1,1980,0.9466666666666667,318
H31269,H,24.55000000000001,34.150000000000034,1249,62.8,47,0,0,0,0,0,0,1,2115,1.3083333333333333,288
M16716,M,24.650000000000034,34.25,1752,26.1,52,0,0,0,0,0,0,1,2340,0.49245283018867925,154
L49037,L,24.55000000000001,34.25,1643,36.5,55,0,0,0,0,0,0,0,2475,0.6517857142857143,215
M16718,M,24.650000000000034,34.25,1488,36.1,57,0,0,0,0,0,0,0,2565,0.6224137931034484,260
L49039,L,24.650000000000034,34.25,1355,45.8,60,0,0,0,0,0,0,1,2700,0.7508196721311475,333
L49040,L,24.650000000000034,34.450000000000045,1607,30.3,62,0,0,0,0,0,0,1,2790,0.48095238095238096,161
M16721,M,24.75,34.450000000000045,1609,30.3,64,0,0,0,0,0,0,1,2880,0.46615384615384614,319
L49042,L,24.75,34.55000000000001,1517,44.4,67,0,0,0,0,0,0,1,3015,0.6529411764705882,255
M16723,M,24.75,34.55000000000001,1517,39.5,69,0,0,0,0,0,0,1,3105,0.5642857142857143,224
L49044,L,24.75,34.55000000000001,1546,37.6,72,0,0,0,0,0,0,1,3240,0.5150684931506849,287
L49045,L,24.75,34.55000000000001,1567,34.7,74,0,0,0,0,0,0,0,3330,0.4626666666666667,177
M16726,M,24.950000000000045,34.75,1662,28.9,76,0,0,0,0,0,0,0,3420,0.3753246753246753,156
L49047,L,24.950000000000045,34.75,1502,41.8,79,0,0,0,0,0,0,1,3555,0.5225,291
L49048,L,25.150000000000034,34.85000000000002,1361,56.9,81,0,0,0,0,0,0,1,3645,0.6939024390243902,226
M16729,M,25.150000000000034,34.950000000000045,1630,32.7,83,0,0,0,0,0,0,1,3735,0.38928571428571435,346
L49050,L,25.150000000000034,34.85000000000002,1486,42.3,86,0,0,0,0,0,0,0,3870,0.4862068965517241,210
L49051,L,25.150000000000034,34.950000000000045,1840,21.5,88,0,0,0,0,0,0,1,3960,0.24157303370786518,200
L49052,L,25.150000000000034,34.950000000000045,1326,58.4,90,0,0,0,0,0,0,0,4050,0.6417582417582417,319
L49053,L,25.25,34.950000000000045,1367,57.8,92,0,0,0,0,0,0,0,4140,0.621505376344086,285
L49054,L,25.25,34.950000000000045,1598,32.7,94,0,0,0,0,0,0,0,4230,0.3442105263157895,327
L49055,L,25.150000000000034,34.85000000000002,1363,50.1,96,0,0,0,0,0,0,1,4320,0.5164948453608248,278
L49056,L,25.150000000000034,34.85000000000002,1242,62.0,98,0,0,0,0,0,0,1,4410,0.6262626262626263,346
M16737,M,25.05000000000001,34.650000000000034,1566,33.8,100,0,0,0,0,0,0,0,4500,0.3346534653465346,160
M16738,M,24.950000000000045,34.55000000000001,1424,47.7,103,0,0,0,0,0,0,0,4635,0.4586538461538462,256
M16739,M,25.05000000000001,34.55000000000001,1608,33.8,106,0,0,0,0,0,0,0,4770,0.3158878504672897,197
L49060,L,24.950000000000045,34.55000000000001,1705,29.1,109,0,0,0,0,0,0,0,4905,0.2645454545454546,287
L49061,L,24.850000000000023,34.450000000000045,1548,45.8,111,0,0,0,0,0,0,1,4995,0.4089285714285714,292
M16742,M,24.850000000000023,34.450000000000045,1581,43.4,113,0,0,0,0,0,0,0,5085,0.3807017543859649,252
M16743,M,24.850000000000023,34.450000000000045,1472,46.7,116,0,0,0,0,0,0,1,5220,0.39914529914529917,196
M16744,M,24.850000000000023,34.450000000000045,1792,26.0,119,0,0,0,0,0,0,0,5355,0.21666666666666667,302
L49065,L,24.850000000000023,34.450000000000045,1683,32.8,122,0,0,0,0,0,0,1,5490,0.26666666666666666,261
L49066,L,24.75,34.450000000000045,1503,40.7,124,0,0,0,0,0,0,0,5580,0.3256,155
M16747,M,24.75,34.35000000000002,1642,32.4,126,0,0,0,0,0,0,1,5670,0.25511811023622044,160
M16748,M,24.650000000000034,34.25,1902,24.3,129,0,0,0,0,0,0,1,5805,0.18692307692307694,166
H31303,H,24.55000000000001,34.25,1432,40.2,132,0,0,0,0,0,0,1,5940,0.3022556390977444,292
L49070,L,24.650000000000034,34.25,1512,40.8,137,0,0,0,0,0,0,0,6165,0.29565217391304344,165
L49071,L,24.55000000000001,34.25,1764,29.0,139,0,0,0,0,0,0,1,6255,0.20714285714285716,205
M16752,M,24.650000000000034,34.25,1438,43.6,141,0,0,0,0,0,0,0,6345,0.3070422535211268,215
L49073,L,24.650000000000034,34.35000000000002,1631,29.9,144,0,0,0,0,0,0,1,6480,0.20620689655172414,313
H31308,H,24.75,34.35000000000002,1880,23.3,146,0,0,0,0,0,0,1,6570,0.15850340136054422,232
L49075,L,24.75,34.450000000000045,1344,54.3,151,0,0,0,0,0,0,0,6795,0.35723684210526313,315
L49076,L,24.75,34.35000000000002,1574,35.8,153,0,0,0,0,0,0,1,6885,0.23246753246753246,362
L49077,L,24.650000000000034,34.25,1418,41.2,155,0,0,0,0,0,0,1,6975,0.2641025641025641,224
L49078,L,24.650000000000034,34.35000000000002,1372,54.1,157,0,0,0,0,0,0,0,7065,0.34240506329113923,276
L49079,L,24.650000000000034,34.35000000000002,1388,40.0,159,0,0,0,0,0,0,1,7155,0.25,280
H31314,H,24.75,34.450000000000045,1493,36.0,161,0,0,0,0,0,0,1,7245,0.2222222222222222,167
M16761,M,24.75,34.450000000000045,1505,40.1,166,0,0,0,0,0,0,1,7470,0.24011976047904193,356
L49082,L,24.850000000000023,34.450000000000045,1694,29.1,169,0,0,0,0,0,0,1,7605,0.1711764705882353,238
L49083,L,24.75,34.450000000000045,1968,20.4,171,0,0,0,0,0,0,0,7695,0.11860465116279069,331
M16764,M,24.850000000000023,34.450000000000045,1569,35.6,173,0,0,0,0,0,0,1,7785,0.2045977011494253,356
L49085,L,24.75,34.450000000000045,1687,29.1,176,0,0,0,0,0,0,1,7920,0.16440677966101697,243
L49086,L,24.75,34.450000000000045,1430,52.4,178,0,0,0,0,0,0,1,8010,0.29273743016759773,166
L49087,L,24.75,34.450000000000045,1504,42.4,180,0,0,0,0,0,0,1,8100,0.23425414364640884,359
L49088,L,24.75,34.450000000000045,1977,20.2,182,0,0,0,0,0,0,1,8190,0.11038251366120218,263
L49089,L,24.850000000000023,34.55000000000001,1435,45.6,184,0,0,0,0,0,0,1,8280,0.2464864864864865,256
H31324,H,24.850000000000023,34.55000000000001,1547,36.8,186,0,0,0,0,0,0,1,8370,0.19679144385026737,359
M16771,M,24.950000000000045,34.650000000000034,1316,57.2,191,0,0,0,0,0,0,1,8595,0.29791666666666666,248
M16772,M,24.850000000000023,34.55000000000001,1621,34.9,194,0,0,0,0,0,0,0,8730,0.17897435897435895,162
M16773,M,24.850000000000023,34.650000000000034,1492,40.2,197,0,0,0,0,0,0,0,8865,0.20303030303030303,212
L49094,L,24.850000000000023,34.55000000000001,1643,32.3,200,0,0,0,0,0,0,0,9000,0.1606965174129353,163
L49095,L,24.850000000000023,34.55000000000001,1492,38.7,202,0,0,0,0,0,0,0,9090,0.19064039408866995,336
L49096,L,24.850000000000023,34.55000000000001,1387,50.8,204,0,0,0,0,0,0,1,9180,0.24780487804878049,313
M16777,M,24.950000000000045,34.75,1463,47.3,206,0,0,0,0,0,0,1,9270,0.22850241545893718,167
M16778,M,24.950000000000045,34.75,1496,40.0,0,0,0,0,0,0,0,0,0,40.0,282
L49099,L,25.05000000000001,34.85000000000002,1658,30.0,3,0,0,0,0,0,0,0,135,7.5,163
L49100,L,24.950000000000045,34.75,2161,17.5,5,0,0,0,0,0,0,0,225,2.9166666666666665,174
L49101,L,24.950000000000045,34.75,1665,32.0,7,0,0,0,0,0,0,1,315,4.0,193
L49102,L,24.850000000000023,34.650000000000034,1716,26.6,9,0,0,0,0,0,0,1,405,2.66,270
L49103,L,24.850000000000023,34.55000000000001,1529,34.1,11,0,0,0,0,0,0,0,495,2.841666666666667,188
L49104,L,24.75,34.55000000000001,1353,50.7,13,0,0,0,0,0,0,0,585,3.6214285714285714,289
L49105,L,24.75,34.55000000000001,1537,37.7,15,0,0,0,0,0,0,0,675,2.35625,253
L49106,L,24.850000000000023,34.55000000000001,1606,30.8,17,0,0,0,0,0,0,0,765,1.7111111111111112,338
H31341,H,24.850000000000023,34.650000000000034,1314,47.8,19,0,0,0,0,0,0,0,855,2.3899999999999997,211
L49108,L,24.850000000000023,34.650000000000034,1623,29.9,24,0,0,0,0,0,0,1,1080,1.196,202
M16789,M,24.850000000000023,34.650000000000034,1483,50.9,26,0,0,0,0,0,0,0,1170,1.885185185185185,202
M16790,M,24.950000000000045,34.75,1569,37.0,29,0,0,0,0,0,0,1,1305,1.2333333333333334,305
M16791,M,25.05000000000001,34.85000000000002,1969,21.7,32,0,0,0,0,0,0,0,1440,0.6575757575757576,312
M16792,M,24.950000000000045,34.85000000000002,1686,29.3,35,0,0,0,0,0,0,0,1575,0.8138888888888889,267
L49113,L,24.950000000000045,34.85000000000002,1638,35.1,38,0,0,0,0,0,0,1,1710,0.9,214
L49114,L,24.950000000000045,34.75,1698,33.3,40,0,0,0,0,0,0,0,1800,0.8121951219512195,280
M16795,M,24.950000000000045,34.75,1377,55.1,42,0,0,0,0,0,0,1,1890,1.2813953488372094,192
M16796,M,24.950000000000045,34.85000000000002,2129,18.4,45,0,0,0,0,0,0,1,2025,0.39999999999999997,199
L49117,L,25.05000000000001,34.85000000000002,1411,42.4,48,0,0,0,0,0,0,0,2160,0.8653061224489795,348
L49118,L,24.950000000000045,34.75,1517,40.8,50,0,0,0,0,0,0,0,2250,0.7999999999999999,286
M16799,M,24.950000000000045,34.75,1303,53.9,52,0,0,0,0,0,0,1,2340,1.0169811320754716,185
L49120,L,24.950000000000045,34.75,1578,35.6,55,0,0,0,0,0,0,1,2475,0.6357142857142858,172
L49121,L,24.950000000000045,34.75,1425,58.2,57,0,0,0,0,0,0,0,2565,1.003448275862069,223
L49122,L,24.950000000000045,34.85000000000002,1456,42.4,59,0,0,0,0,0,0,1,2655,0.7066666666666667,199
L49123,L,24.950000000000045,34.85000000000002,1704,30.9,61,0,0,0,0,0,0,0,2745,0.4983870967741935,204
L49124,L,24.950000000000045,34.950000000000045,1791,27.3,63,0,0,0,0,0,0,1,2835,0.4265625,274
L49125,L,24.950000000000045,34.950000000000045,1616,32.8,65,0,0,0,0,0,0,0,2925,0.49696969696969695,161
L49126,L,25.05000000000001,34.950000000000045,1622,34.9,67,0,0,0,0,0,0,1,3015,0.513235294117647,232
L49127,L,25.05000000000001,34.950000000000045,1462,49.9,69,0,0,0,0,0,0,1,3105,0.7128571428571429,181
L49128,L,24.950000000000045,34.950000000000045,1410,45.8,71,0,0,0,0,0,0,0,3195,0.6361111111111111,301
M16809,M,24.950000000000045,34.85000000000002,1543,41.9,73,0,0,0,0,0,0,1,3285,0.5662162162162162,235
M16810,M,24.850000000000023,34.75,1479,47.6,76,0,0,0,0,0,0,1,3420,0.6181818181818182,344
L49131,L,24.850000000000023,34.650000000000034,1839,22.7,79,0,0,0,0,0,0,1,3555,0.28375,304
L49132,L,24.850000000000023,34.650000000000034,1266,60.5,81,0,0,0,0,0,0,1,3645,0.7378048780487805,338
L49133,L,24.75,34.55000000000001,1593,34.9,83,0,0,0,0,0,0,1,3735,0.41547619047619044,168
L49134,L,24.75,34.650000000000034,1459,46.9,85,0,0,0,0,0,0,1,3825,0.5453488372093023,350
L49135,L,24.75,34.55000000000001,1308,55.2,87,0,0,0,0,0,0,1,3915,0.6272727272727273,200
M16816,M,24.75,34.55000000000001,1364,46.8,89,0,0,0,0,0,0,0,4005,0.52,213
H31371,H,24.75,34.55000000000001,1618,35.9,92,0,0,0,0,0,0,1,4140,0.38602150537634405,354
H31372,H,24.75,34.55000000000001,1464,43.2,97,0,0,0,0,0,0,1,4365,0.44081632653061226,279
M16819,M,24.650000000000034,34.450000000000045,1352,49.4,102,0,0,0,0,0,0,0,4590,0.47961165048543686,313
L49140,L,24.650000000000034,34.450000000000045,1446,51.4,105,0,0,0,0,0,0,1,4725,0.4849056603773585,277
L49141,L,24.650000000000034,34.35000000000002,1448,51.2,107,0,0,0,0,0,0,1,4815,0.4740740740740741,288
L49142,L,24.650000000000034,34.35000000000002,1391,48.6,109,0,0,0,0,0,0,0,4905,0.44181818181818183,345
L49143,L,24.55000000000001,34.35000000000002,1379,43.3,111,0,0,0,0,0,0,1,4995,0.3866071428571428,345
M16824,M,24.650000000000034,34.35000000000002,1405,46.9,113,0,0,0,0,0,0,1,5085,0.4114035087719298,213
L49145,L,24.650000000000034,34.35000000000002,1581,33.1,116,0,0,0,0,0,0,0,5220,0.2829059829059829,150
L49146,L,24.75,34.450000000000045,1515,40.5,118,0,0,0,0,0,0,0,5310,0.3403361344537815,238
L49147,L,24.75,34.450000000000045,1589,37.8,120,0,0,0,0,0,0,1,5400,0.31239669421487604,175
L49148,L,24.850000000000023,34.450000000000045,1281,50.8,122,0,0,0,0,0,0,1,5490,0.4130081300813008,288
H31383,H,24.650000000000034,34.35000000000002,1631,31.3,124,0,0,0,0,0,0,0,5580,0.2504,236
M16830,M,24.75,34.450000000000045,1202,67.0,129,0,0,0,0,0,0,1,5805,0.5153846153846153,151
L49151,L,24.75,34.450000000000045,1298,52.7,132,0,0,0,0,0,0,0,5940,0.3962406015037594,360
L49152,L,24.75,34.450000000000045,1612,30.7,134,0,0,0,0,0,0,0,6030,0.2274074074074074,242
L49153,L,24.75,34.450000000000045,1747,25.3,136,0,0,0,0,0,0,0,6120,0.18467153284671534,317
L49154,L,24.850000000000023,34.450000000000045,1450,48.7,138,0,0,0,0,0,0,1,6210,0.35035971223021584,268
L49155,L,24.850000000000023,34.55000000000001,1422,45.6,140,0,0,0,0,0,0,0,6300,0.32340425531914896,281
M16836,M,24.950000000000045,34.55000000000001,1419,47.4,142,0,0,0,0,0,0,0,6390,0.33146853146853145,229
M16837,M,24.950000000000045,34.55000000000001,1633,30.7,145,0,0,0,0,0,0,0,6525,0.21027397260273972,260
L49158,L,24.850000000000023,34.55000000000001,1442,43.6,148,0,0,0,0,0,0,1,6660,0.29261744966442954,314
H31393,H,24.850000000000023,34.450000000000045,1420,45.8,150,0,0,0,0,0,0,1,6750,0.3033112582781457,275
M16840,M,24.850000000000023,34.450000000000045,1301,58.5,155,0,0,0,0,0,0,1,6975,0.375,338
L49161,L,24.850000000000023,34.450000000000045,1385,45.0,158,0,0,0,0,0,0,0,7110,0.2830188679245283,154
M16842,M,24.850000000000023,34.55000000000001,1487,41.3,160,0,0,0,0,0,0,1,7200,0.25652173913043474,292
M16843,M,24.850000000000023,34.450000000000045,1459,44.4,163,0,0,0,0,0,0,1,7335,0.2707317073170732,364
M16844,M,24.850000000000023,34.35000000000002,1387,45.5,166,0,0,0,0,0,0,0,7470,0.27245508982035926,344
L49165,L,24.950000000000045,34.55000000000001,1537,40.8,169,0,0,0,0,0,0,0,7605,0.24,359
L49166,L,24.950000000000045,34.450000000000045,1498,42.9,171,0,0,0,0,0,0,1,7695,0.24941860465116278,175
M16847,M,25.05000000000001,34.650000000000034,1599,31.2,173,0,0,0,0,0,0,1,7785,0.1793103448275862,155
H31402,H,25.150000000000034,34.75,1420,39.2,176,0,0,0,0,0,0,0,7920,0.22146892655367234,272
L49169,L,25.05000000000001,34.75,1785,23.4,181,0,0,0,0,0,0,1,8145,0.12857142857142856,193
L49170,L,25.05000000000001,34.650000000000034,1423,48.1,183,0,0,0,0,0,0,0,8235,0.2614130434782609,207
M16851,M,25.05000000000001,34.650000000000034,1583,36.6,185,0,0,0,0,0,0,0,8325,0.1967741935483871,230
L49172,L,25.05000000000001,34.650000000000034,1375,46.6,188,0,0,0,0,0,0,1,8460,0.24656084656084656,195
M16853,M,25.150000000000034,34.85000000000002,1463,42.5,190,0,0,0,0,0,0,1,8550,0.22251308900523561,251
M16854,M,25.05000000000001,34.75,1403,45.1,193,0,0,0,0,0,0,1,8685,0.23247422680412372,319
L49175,L,25.150000000000034,34.85000000000002,1451,47.1,196,0,0,0,0,0,0,1,8820,0.23908629441624366,197
M16856,M,25.25,34.85000000000002,1416,38.2,198,1,1,0,0,0,0,6,8910,0.1919597989949749,15
L49177,L,25.150000000000034,34.950000000000045,1672,41.3,0,0,0,0,0,0,0,1,0,41.3,304
H31412,H,25.150000000000034,34.85000000000002,1637,30.8,2,0,0,0,0,0,0,1,90,10.266666666666667,169
L49179,L,25.25,34.85000000000002,1540,37.8,7,0,0,0,0,0,0,1,315,4.725,347
L49180,L,25.25,34.950000000000045,1279,53.1,9,0,0,0,0,0,0,0,405,5.3100000000000005,264
L49181,L,25.25,35.05000000000001,1604,34.9,11,0,0,0,0,0,0,1,495,2.908333333333333,312
L49182,L,25.350000000000023,35.05000000000001,1654,27.1,13,0,0,0,0,0,0,1,585,1.9357142857142857,225
M16863,M,25.350000000000023,35.05000000000001,1564,37.5,15,0,0,0,0,0,0,0,675,2.34375,325
L49184,L,25.350000000000023,35.05000000000001,1451,47.5,18,0,0,0,0,0,0,0,810,2.5,344
L49185,L,25.350000000000023,35.150000000000034,1504,38.0,20,0,0,0,0,0,0,0,900,1.8095238095238095,345
M16866,M,25.350000000000023,35.150000000000034,1381,50.5,22,0,0,0,0,0,0,0,990,2.1956521739130435,270
L49187,L,25.450000000000045,35.25,1562,34.4,25,0,0,0,0,0,0,0,1125,1.323076923076923,329
L49188,L,25.350000000000023,35.150000000000034,1811,24.7,27,0,0,0,0,0,0,1,1215,0.8821428571428571,258
M16869,M,25.450000000000045,35.150000000000034,1717,28.7,29,0,0,0,0,0,0,0,1305,0.9566666666666667,217
L49190,L,25.450000000000045,35.150000000000034,1278,60.5,32,0,0,0,0,0,0,0,1440,1.8333333333333333,281
L49191,L,25.55000000000001,35.35000000000002,1616,30.2,34,0,0,0,0,0,0,0,1530,0.8628571428571429,316
L49192,L,25.450000000000045,35.25,1397,46.4,36,0,0,0,0,0,0,0,1620,1.2540540540540541,298
L49193,L,25.450000000000045,35.25,1485,42.9,38,0,0,0,0,0,0,0,1710,1.0999999999999999,215
L49194,L,25.450000000000045,35.25,1310,59.7,40,0,0,0,0,0,0,0,1800,1.4560975609756097,293
L49195,L,25.350000000000023,35.05000000000001,1301,66.3,42,1,0,0,1,0,0,2,1890,1.541860465116279,19
L49196,L,25.350000000000023,35.150000000000034,1458,44.0,44,0,0,0,0,0,0,0,1980,0.9777777777777777,232
L49197,L,25.55000000000001,35.35000000000002,1483,42.5,46,0,0,0,0,0,0,1,2070,0.9042553191489362,158
L49198,L,25.55000000000001,35.35000000000002,1375,46.4,48,0,0,0,0,0,0,1,2160,0.946938775510204,166
M16879,M,25.55000000000001,35.35000000000002,1660,27.0,50,0,0,0,0,0,0,1,2250,0.5294117647058824,262
H31434,H,25.55000000000001,35.25,1560,33.3,53,0,0,0,0,0,0,0,2385,0.6166666666666666,289
L49201,L,25.55000000000001,35.35000000000002,1480,42.2,58,0,0,0,0,0,0,0,2610,0.7152542372881356,334
L49202,L,25.55000000000001,35.25,1373,46.9,60,0,0,0,0,0,0,0,2700,0.7688524590163934,322
L49203,L,25.55000000000001,35.35000000000002,1444,54.2,62,0,0,0,0,0,0,1,2790,0.8603174603174604,269
M16884,M,25.55000000000001,35.450000000000045,1722,24.7,64,0,0,0,0,0,0,0,2880,0.38,160
L49205,L,25.55000000000001,35.35000000000002,1469,39.9,67,0,0,0,0,0,0,0,3015,0.586764705882353,290
M16886,M,25.55000000000001,35.35000000000002,1360,52.9,69,0,0,0,0,0,0,0,3105,0.7557142857142857,308
L49207,L,25.55000000000001,35.25,1750,25.8,72,0,0,0,0,0,0,1,3240,0.35342465753424657,354
M16888,M,25.55000000000001,35.150000000000034,1349,46.6,74,0,0,0,0,0,0,1,3330,0.6213333333333334,175
L49209,L,25.55000000000001,35.35000000000002,1668,35.2,77,0,0,0,0,0,0,0,3465,0.45128205128205134,212
L49210,L,25.75,35.450000000000045,1400,49.5,79,0,0,0,0,0,0,1,3555,0.61875,308
L49211,L,25.650000000000034,35.450000000000045,1331,62.8,81,0,0,0,0,0,0,0,3645,0.7658536585365854,171
L49212,L,25.650000000000034,35.35000000000002,1444,42.2,83,0,0,0,0,0,0,0,3735,0.5023809523809524,283
H31447,H,25.650000000000034,35.35000000000002,1359,47.6,85,0,0,0,0,0,0,1,3825,0.5534883720930233,297
M16894,M,25.650000000000034,35.35000000000002,1425,47.4,90,0,0,0,0,0,0,1,4050,0.5208791208791209,362
M16895,M,25.75,35.450000000000045,1469,34.2,93,0,0,0,0,0,0,1,4185,0.3638297872340426,159
L49216,L,25.850000000000023,35.55000000000001,1892,22.8,96,0,0,0,0,0,0,1,4320,0.23505154639175257,232
H31451,H,25.850000000000023,35.55000000000001,1940,19.9,98,0,0,0,0,0,0,0,4410,0.201010101010101,312
L49218,L,25.850000000000023,35.650000000000034,1405,55.2,103,0,0,0,0,0,0,0,4635,0.5307692307692308,175
M16899,M,25.850000000000023,35.75,1449,39.6,105,0,0,0,0,0,0,1,4725,0.3735849056603774,220
L49220,L,25.950000000000045,35.75,1686,29.6,108,0,0,0,0,0,0,1,4860,0.27155963302752295,186
L49221,L,25.950000000000045,35.75,1680,27.2,110,0,0,0,0,0,0,0,4950,0.24504504504504504,285
M16902,M,25.950000000000045,35.75,1397,52.4,112,0,0,0,0,0,0,0,5040,0.463716814159292,282
M16903,M,26.05000000000001,35.85000000000002,1597,30.3,115,0,0,0,0,0,0,0,5175,0.26120689655172413,321
L49224,L,26.150000000000034,35.950000000000045,1470,41.1,118,0,0,0,0,0,0,0,5310,0.3453781512605042,275
M16905,M,26.150000000000034,35.950000000000045,1703,31.3,120,0,0,0,0,0,0,1,5400,0.25867768595041324,264
L49226,L,26.150000000000034,35.950000000000045,1388,45.5,123,0,0,0,0,0,0,1,5535,0.36693548387096775,241
L49227,L,26.150000000000034,36.05000000000001,1775,24.2,125,0,0,0,0,0,0,1,5625,0.19206349206349205,344
L49228,L,26.150000000000034,36.05000000000001,1465,41.5,127,0,0,0,0,0,0,0,5715,0.32421875,349
M16909,M,26.150000000000034,36.05000000000001,1586,37.9,129,0,0,0,0,0,0,0,5805,0.2915384615384615,356
M16910,M,26.350000000000023,36.150000000000034,1675,29.2,132,0,0,0,0,0,0,1,5940,0.21954887218045113,266
M16911,M,26.25,36.05000000000001,1470,44.4,135,0,0,0,0,0,0,1,6075,0.3264705882352941,198
L49232,L,26.350000000000023,36.150000000000034,1477,40.4,138,0,0,0,0,0,0,1,6210,0.2906474820143885,185
L49233,L,26.350000000000023,36.150000000000034,1382,61.0,140,0,0,0,0,0,0,0,6300,0.4326241134751773,357
M16914,M,26.450000000000045,36.25,1605,29.8,142,0,0,0,0,0,0,1,6390,0.2083916083916084,175
L49235,L,26.450000000000045,36.25,1643,32.9,145,0,0,0,0,0,0,0,6525,0.22534246575342465,194
L49236,L,26.350000000000023,36.150000000000034,1333,54.1,147,0,0,0,0,0,0,1,6615,0.3655405405405405,210
L49237,L,26.350000000000023,36.150000000000034,1520,42.3,149,0,0,0,0,0,0,1,6705,0.282,321
M16918,M,26.350000000000023,36.150000000000034,1902,24.0,151,0,0,0,0,0,0,1,6795,0.15789473684210525,281
H31473,H,26.350000000000023,36.25,1386,44.4,154,0,0,0,0,0,0,0,6930,0.2864516129032258,225
L49240,L,26.450000000000045,36.35000000000002,1803,27.7,159,0,0,0,0,0,0,0,7155,0.173125,358
L49241,L,26.55000000000001,36.450000000000045,1359,50.7,161,0,0,0,0,0,0,0,7245,0.312962962962963,207
M16922,M,26.55000000000001,36.450000000000045,1477,42.7,163,0,0,0,0,0,0,0,7335,0.2603658536585366,254
L49243,L,26.55000000000001,36.450000000000045,1321,53.4,166,0,0,0,0,0,0,0,7470,0.3197604790419162,175
L49244,L,26.450000000000045,36.35000000000002,1453,41.4,168,0,0,0,0,0,0,0,7560,0.24497041420118343,244
L49245,L,26.55000000000001,36.450000000000045,1419,45.1,170,0,0,0,0,0,0,1,7650,0.26374269005847956,228
L49246,L,26.55000000000001,36.450000000000045,1512,36.2,172,0,0,0,0,0,0,0,7740,0.2092485549132948,277
L49247,L,26.55000000000001,36.450000000000045,1553,36.8,174,0,0,0,0,0,0,1,7830,0.21028571428571427,306
M16928,M,26.55000000000001,36.450000000000045,1534,39.1,176,0,0,0,0,0,0,0,7920,0.22090395480225988,286
H31483,H,26.55000000000001,36.450000000000045,1553,41.0,179,0,0,0,0,0,0,1,8055,0.22777777777777777,227
L49250,L,26.55000000000001,36.35000000000002,1352,49.7,184,0,0,0,0,0,0,1,8280,0.2686486486486487,185
M16931,M,26.55000000000001,36.450000000000045,1313,60.0,186,0,0,0,0,0,0,0,8370,0.32085561497326204,281
L49252,L,26.450000000000045,36.35000000000002,1570,35.5,189,0,0,0,0,0,1,1,8505,0.1868421052631579,208
L49253,L,26.450000000000045,36.25,1677,31.1,191,0,0,0,0,0,0,0,8595,0.16197916666666667,314
L49254,L,26.350000000000023,36.25,1602,31.5,193,0,0,0,0,0,0,0,8685,0.16237113402061856,273
L49255,L,26.350000000000023,36.25,1390,58.8,195,1,0,0,0,1,0,5,8775,0.3,38
L49256,L,26.25,36.150000000000034,1544,36.0,197,0,0,0,0,0,0,0,8865,0.18181818181818182,230
L49257,L,26.25,36.25,1701,31.2,199,0,0,0,0,0,0,1,8955,0.156,290
M16938,M,26.25,36.150000000000034,1692,28.4,201,0,0,0,0,0,0,0,9045,0.14059405940594058,297
M16939,M,26.150000000000034,36.150000000000034,1523,37.9,204,0,0,0,0,0,0,1,9180,0.1848780487804878,166
L49260,L,26.150000000000034,36.05000000000001,2280,15.4,207,0,0,0,0,0,0,1,9315,0.07403846153846154,200
M16941,M,26.25,36.150000000000034,1485,47.1,209,0,0,0,0,0,0,1,9405,0.22428571428571428,204
H31496,H,26.25,36.05000000000001,1513,36.1,212,0,0,0,0,0,0,0,9540,0.16948356807511739,310
H31497,H,26.25,36.150000000000034,1743,28.2,0,0,0,0,0,0,0,1,0,28.2,298
L49264,L,26.350000000000023,36.150000000000034,1442,46.2,5,0,0,0,0,0,0,0,225,7.7,230
L49265,L,26.350000000000023,36.150000000000034,1462,46.7,7,0,0,0,0,0,0,1,315,5.8375,299
H31500,H,26.25,36.150000000000034,1439,49.7,9,0,0,0,0,0,0,0,405,4.970000000000001,302
L49267,L,26.350000000000023,36.150000000000034,1577,36.6,14,0,0,0,0,0,0,0,630,2.44,344
L49268,L,26.450000000000045,36.25,1331,46.4,16,0,0,0,0,0,0,0,720,2.7294117647058824,259
L49269,L,26.350000000000023,36.150000000000034,1941,22.5,18,0,0,0,0,0,0,0,810,1.1842105263157894,289
L49270,L,26.350000000000023,36.05000000000001,1393,47.3,20,0,0,0,0,0,0,1,900,2.2523809523809524,292
L49271,L,26.25,36.05000000000001,1433,42.1,22,0,0,0,0,0,0,1,990,1.8304347826086957,361
L49272,L,26.25,36.05000000000001,1444,48.2,24,0,0,0,0,0,0,0,1080,1.9280000000000002,235
L49273,L,26.25,36.05000000000001,1564,39.0,26,0,0,0,0,0,0,1,1170,1.4444444444444444,151
L49274,L,26.25,36.150000000000034,1377,43.6,28,0,0,0,0,0,0,0,1260,1.503448275862069,281
L49275,L,26.25,36.150000000000034,1525,41.5,30,0,0,0,0,0,0,0,1350,1.3387096774193548,194
M16956,M,26.350000000000023,36.25,1387,56.2,32,0,0,0,0,0,0,1,1440,1.7030303030303031,162
M16957,M,26.25,36.25,1326,47.5,35,0,0,0,0,0,0,0,1575,1.3194444444444444,204
L49278,L,26.25,36.150000000000034,1401,59.0,38,0,0,0,0,0,0,0,1710,1.5128205128205128,309
L49279,L,26.25,36.150000000000034,1596,31.8,40,0,0,0,0,0,0,0,1800,0.775609756097561,171
M16960,M,26.150000000000034,36.150000000000034,1471,46.0,42,0,0,0,0,0,0,0,1890,1.069767441860465,238
L49281,L,26.150000000000034,36.150000000000034,1528,37.8,45,0,0,0,0,0,0,0,2025,0.8217391304347825,204
L49282,L,26.150000000000034,36.150000000000034,1325,62.0,47,0,0,0,0,0,0,1,2115,1.2916666666666667,294
M16963,M,26.150000000000034,35.950000000000045,1376,46.7,49,0,0,0,0,0,0,1,2205,0.934,347
M16964,M,26.150000000000034,35.950000000000045,1600,35.3,52,0,0,0,0,0,0,1,2340,0.6660377358490566,328
L49285,L,26.150000000000034,35.950000000000045,1495,44.0,55,0,0,0,0,0,0,0,2475,0.7857142857142857,357
L49286,L,26.25,35.950000000000045,1645,28.6,57,0,0,0,0,0,0,0,2565,0.4931034482758621,285
M16967,M,26.25,35.950000000000045,1417,47.3,59,0,0,0,0,0,0,0,2655,0.7883333333333333,338
H31522,H,26.25,35.85000000000002,1415,51.7,62,0,0,0,0,0,0,0,2790,0.8206349206349207,246
M16969,M,26.150000000000034,35.85000000000002,1496,43.4,67,0,0,0,0,0,0,0,3015,0.638235294117647,287
H31524,H,26.150000000000034,35.85000000000002,1508,35.0,70,0,0,0,0,0,0,0,3150,0.49295774647887325,168
L49291,L,26.25,35.85000000000002,1436,47.9,75,0,0,0,0,0,0,1,3375,0.6302631578947369,277
L49292,L,26.350000000000023,35.950000000000045,1852,22.6,77,0,0,0,0,0,0,0,3465,0.28974358974358977,291
L49293,L,26.350000000000023,35.950000000000045,1863,22.5,79,0,0,0,0,0,0,1,3555,0.28125,216
H31528,H,26.25,35.950000000000045,1373,44.1,81,0,0,0,0,0,0,0,3645,0.5378048780487805,332
L49295,L,26.25,35.85000000000002,1404,47.3,86,0,0,0,0,0,0,1,3870,0.5436781609195402,210
M16976,M,26.25,35.85000000000002,1381,44.9,88,0,0,0,0,0,0,0,3960,0.5044943820224719,333
H31531,H,26.25,35.75,1762,29.3,91,0,0,0,0,0,0,1,4095,0.3184782608695652,212
H31532,H,26.150000000000034,35.75,1429,43.0,96,0,0,0,0,0,0,1,4320,0.44329896907216493,254
M16979,M,26.150000000000034,35.75,1858,24.7,101,0,0,0,0,0,0,0,4545,0.24215686274509804,364
H31534,H,26.05000000000001,35.650000000000034,1908,21.3,104,0,0,0,0,0,0,0,4680,0.20285714285714287,253
M16981,M,26.05000000000001,35.650000000000034,1503,37.4,109,0,0,0,0,0,0,1,4905,0.33999999999999997,288
M16982,M,26.05000000000001,35.650000000000034,1523,38.9,112,0,0,0,0,0,0,0,5040,0.34424778761061947,324
L49303,L,26.150000000000034,35.85000000000002,1491,38.4,115,0,0,0,0,0,0,0,5175,0.3310344827586207,283
L49304,L,26.05000000000001,35.75,1430,39.1,117,0,0,0,0,0,0,0,5265,0.3313559322033898,183
L49305,L,26.150000000000034,35.75,1258,69.4,119,1,0,0,1,0,0,3,5355,0.5783333333333334,43
L49306,L,26.150000000000034,35.85000000000002,1449,46.5,121,0,0,0,0,0,0,0,5445,0.38114754098360654,248
H31541,H,26.150000000000034,35.85000000000002,1425,40.6,123,0,0,0,0,0,0,1,5535,0.3274193548387097,213
L49308,L,26.25,35.85000000000002,1800,24.3,128,0,0,0,0,0,0,1,5760,0.18837209302325583,236
H31543,H,26.25,35.85000000000002,1607,33.7,130,0,0,0,0,0,0,0,5850,0.25725190839694656,359
L49310,L,26.25,35.85000000000002,1391,58.2,135,0,0,0,0,0,0,1,6075,0.42794117647058827,355
L49311,L,26.25,35.950000000000045,1432,45.4,137,0,0,0,0,0,0,0,6165,0.3289855072463768,230
L49312,L,26.25,35.85000000000002,1660,28.4,139,0,0,0,0,0,0,0,6255,0.20285714285714285,215
H31547,H,26.150000000000034,35.85000000000002,1732,29.7,141,0,0,0,0,0,0,1,6345,0.2091549295774648,308
L49314,L,26.150000000000034,35.85000000000002,1473,46.3,146,0,0,0,0,0,0,1,6570,0.3149659863945578,232
L49315,L,26.150000000000034,35.85000000000002,1511,47.8,148,0,0,0,0,0,0,1,6660,0.3208053691275168,339
L49316,L,26.05000000000001,35.75,1588,41.5,150,0,0,0,0,0,0,1,6750,0.27483443708609273,331
L49317,L,26.150000000000034,35.75,1623,31.1,152,0,0,0,0,0,0,1,6840,0.20326797385620915,241
L49318,L,26.150000000000034,35.85000000000002,1734,30.6,154,0,0,0,0,0,0,0,6930,0.19741935483870968,285
L49319,L,26.150000000000034,35.85000000000002,1415,47.6,156,0,0,0,0,0,0,1,7020,0.30318471337579617,319
L49320,L,26.150000000000034,35.85000000000002,1419,46.6,158,0,0,0,0,0,0,0,7110,0.2930817610062893,318
M17001,M,26.150000000000034,35.75,1577,34.9,160,0,0,0,0,0,0,0,7200,0.2167701863354037,336
L49322,L,26.150000000000034,35.75,1376,60.3,163,0,0,0,0,0,0,1,7335,0.3676829268292683,317
M17003,M,26.150000000000034,35.650000000000034,1442,49.0,165,0,0,0,0,0,0,1,7425,0.29518072289156627,299
L49324,L,26.25,35.75,1451,40.5,168,0,0,0,0,0,0,1,7560,0.23964497041420119,301
L49325,L,26.150000000000034,35.650000000000034,1550,45.8,170,0,0,0,0,0,0,1,7650,0.2678362573099415,187
L49326,L,26.150000000000034,35.650000000000034,1647,32.9,172,0,0,0,0,0,0,1,7740,0.19017341040462427,279
L49327,L,26.25,35.75,1550,33.7,174,0,0,0,0,0,0,0,7830,0.1925714285714286,274
L49328,L,26.25,35.75,1583,34.1,176,0,0,0,0,0,0,0,7920,0.19265536723163842,190
L49329,L,26.25,35.85000000000002,1613,32.2,178,0,0,0,0,0,0,0,8010,0.17988826815642459,168
H31564,H,26.150000000000034,35.650000000000034,1636,35.5,180,0,0,0,0,0,0,1,8100,0.19613259668508287,254
M17011,M,26.150000000000034,35.55000000000001,1289,51.5,185,0,0,0,0,0,0,1,8325,0.2768817204301075,279
M17012,M,26.150000000000034,35.650000000000034,1648,28.4,188,0,0,0,0,0,0,0,8460,0.15026455026455027,241
H31567,H,26.150000000000034,35.650000000000034,1397,45.4,191,0,0,0,0,0,0,1,8595,0.23645833333333333,245
M17014,M,26.150000000000034,35.75,1767,24.8,196,0,0,0,0,0,0,1,8820,0.12588832487309645,211
L49335,L,26.150000000000034,35.650000000000034,1341,47.7,199,0,0,0,0,0,0,1,8955,0.23850000000000002,360
M17016,M,26.25,35.75,1457,41.5,201,0,0,0,0,0,0,0,9045,0.20544554455445543,165
M17017,M,26.25,35.85000000000002,1939,19.8,204,0,0,0,0,0,0,1,9180,0.09658536585365854,243
M17018,M,26.350000000000023,35.85000000000002,1399,49.7,207,0,0,0,0,0,0,0,9315,0.2389423076923077,299
M17019,M,26.350000000000023,35.85000000000002,1602,31.3,210,0,0,0,0,0,0,1,9450,0.14834123222748816,291
L49340,L,26.25,35.85000000000002,1507,41.0,213,0,0,0,0,0,0,1,9585,0.19158878504672897,265
L49341,L,26.25,35.950000000000045,1464,40.5,215,0,0,0,0,0,0,0,9675,0.1875,205
L49342,L,26.350000000000023,35.950000000000045,1336,42.1,217,0,0,0,0,0,0,1,9765,0.19311926605504587,214
L49343,L,26.450000000000045,36.05000000000001,1422,39.8,219,0,0,0,0,0,0,1,9855,0.1809090909090909,322
L49344,L,26.450000000000045,36.05000000000001,1540,36.7,221,0,0,0,0,0,0,1,9945,0.16531531531531532,203
L49345,L,26.350000000000023,35.950000000000045,1476,47.8,223,0,0,0,0,0,0,0,10035,0.21339285714285713,343
M17026,M,26.450000000000045,36.05000000000001,1867,23.4,225,1,1,0,0,0,0,4,10125,0.10353982300884955,51
H31581,H,26.450000000000045,35.950000000000045,1588,41.3,0,0,0,0,0,0,0,1,0,41.3,323
M17028,M,26.350000000000023,35.950000000000045,1420,49.5,5,0,0,0,0,0,0,1,225,8.25,310
L49349,L,26.350000000000023,35.950000000000045,1415,49.2,8,0,0,0,0,0,0,1,360,5.466666666666667,356
M17030,M,26.25,35.950000000000045,1500,43.3,10,0,0,0,0,0,0,1,450,3.936363636363636,199
L49351,L,26.350000000000023,35.950000000000045,1502,44.6,13,0,0,0,0,0,0,0,585,3.185714285714286,254
L49352,L,26.350000000000023,36.05000000000001,1816,23.0,15,0,0,0,0,0,0,0,675,1.4375,171
M17033,M,26.350000000000023,36.05000000000001,1495,41.6,17,0,0,0,0,0,0,1,765,2.3111111111111113,189
L49354,L,26.450000000000045,36.05000000000001,1572,33.4,20,0,0,0,0,0,0,1,900,1.5904761904761904,188
M17035,M,26.350000000000023,36.05000000000001,1590,35.9,22,0,0,0,0,0,0,0,990,1.5608695652173912,254
M17036,M,26.450000000000045,36.150000000000034,1387,48.3,25,0,0,0,0,0,0,1,1125,1.8576923076923075,318
M17037,M,26.450000000000045,36.05000000000001,1393,47.7,28,0,0,0,0,0,0,1,1260,1.6448275862068966,352
L49358,L,26.450000000000045,36.05000000000001,1602,37.3,31,0,0,0,0,0,0,1,1395,1.165625,217
L49359,L,26.450000000000045,36.05000000000001,1601,33.3,33,0,0,0,0,0,0,1,1485,0.9794117647058823,156
H31594,H,26.450000000000045,36.05000000000001,1597,36.3,35,0,0,0,0,0,0,1,1575,1.0083333333333333,234
H31595,H,26.350000000000023,35.950000000000045,1548,44.3,40,0,0,0,0,0,0,1,1800,1.0804878048780486,348
M17042,M,26.350000000000023,36.05000000000001,1314,61.8,45,0,0,0,0,0,0,1,2025,1.3434782608695652,281
M17043,M,26.450000000000045,36.150000000000034,1577,39.8,48,0,0,0,0,0,0,1,2160,0.8122448979591836,225
L49364,L,26.650000000000034,36.25,1475,43.4,51,0,0,0,0,0,0,0,2295,0.8346153846153845,240
L49365,L,26.650000000000034,36.25,1630,32.4,53,0,0,0,0,0,0,0,2385,0.6,336
L49366,L,26.55000000000001,36.25,1445,42.9,55,0,0,0,0,0,0,1,2475,0.7660714285714285,358
M17047,M,26.650000000000034,36.25,1439,47.4,57,0,0,0,0,0,0,1,2565,0.8172413793103448,233
L49368,L,26.55000000000001,36.150000000000034,1420,44.1,60,0,0,0,0,0,0,1,2700,0.7229508196721312,303
H31603,H,26.55000000000001,36.05000000000001,1554,41.6,62,0,0,0,0,0,0,1,2790,0.6603174603174603,180
M17050,M,26.450000000000045,35.950000000000045,1471,44.3,67,0,0,0,0,0,0,0,3015,0.651470588235294,248
L49371,L,26.450000000000045,35.85000000000002,1648,33.6,70,0,0,0,0,0,0,0,3150,0.47323943661971835,350
L49372,L,26.450000000000045,35.85000000000002,1472,48.8,72,0,0,0,0,0,0,0,3240,0.6684931506849314,346
M17053,M,26.350000000000023,35.75,1448,42.9,74,0,0,0,0,0,0,0,3330,0.572,201
M17054,M,26.450000000000045,35.75,1568,35.3,77,0,0,0,0,0,0,1,3465,0.4525641025641025,261
L49375,L,26.450000000000045,35.75,1613,30.8,80,0,0,0,0,0,0,1,3600,0.3802469135802469,221
M17056,M,26.55000000000001,35.75,1551,35.4,82,0,0,0,0,0,0,1,3690,0.42650602409638555,170
L49377,L,26.55000000000001,35.85000000000002,1412,49.2,85,0,0,0,0,0,0,0,3825,0.572093023255814,165
M17058,M,26.55000000000001,35.75,1478,41.0,87,0,0,0,0,0,0,1,3915,0.4659090909090909,328
M17059,M,26.650000000000034,35.950000000000045,1268,58.0,90,0,0,0,0,0,0,1,4050,0.6373626373626373,165
L49380,L,26.650000000000034,35.950000000000045,1546,35.6,93,0,0,0,0,0,0,0,4185,0.37872340425531914,295
L49381,L,26.650000000000034,35.85000000000002,1567,36.1,95,0,0,0,0,0,0,0,4275,0.37604166666666666,324
M17062,M,26.75,36.05000000000001,1548,35.7,97,0,0,0,0,0,0,0,4365,0.3642857142857143,205
L49383,L,26.650000000000034,35.85000000000002,1614,30.8,100,0,0,0,0,0,0,0,4500,0.30495049504950494,305
M17064,M,26.55000000000001,35.950000000000045,1352,46.1,102,0,0,0,0,0,0,0,4590,0.4475728155339806,231
L49385,L,26.75,36.05000000000001,1624,34.6,105,0,0,0,0,0,0,1,4725,0.3264150943396227,227
L49386,L,26.75,36.05000000000001,1436,52.0,107,0,0,0,0,0,0,1,4815,0.48148148148148145,333
L49387,L,26.650000000000034,36.05000000000001,1591,37.5,109,0,0,0,0,0,0,0,4905,0.3409090909090909,186
H31622,H,26.650000000000034,36.05000000000001,1435,42.6,111,0,0,0,0,0,0,1,4995,0.3803571428571429,293
L49389,L,26.650000000000034,36.150000000000034,1386,49.4,116,0,0,0,0,0,0,1,5220,0.4222222222222222,362
L49390,L,26.55000000000001,36.05000000000001,1401,54.1,118,0,0,0,0,0,0,1,5310,0.4546218487394958,342
M17071,M,26.450000000000045,35.85000000000002,1245,64.0,120,0,0,0,0,0,0,1,5400,0.5289256198347108,209
L49392,L,26.55000000000001,35.950000000000045,1475,40.0,123,0,0,0,0,0,0,0,5535,0.3225806451612903,338
L49393,L,26.55000000000001,35.950000000000045,1473,39.4,125,0,0,0,0,0,0,1,5625,0.3126984126984127,160
H31628,H,26.55000000000001,36.05000000000001,1355,44.8,127,0,0,0,0,0,0,1,5715,0.35,275
H31629,H,26.55000000000001,36.05000000000001,1468,49.6,132,0,0,0,0,0,0,1,5940,0.37293233082706767,352
L49396,L,26.55000000000001,36.05000000000001,1645,30.8,137,0,0,0,0,0,0,0,6165,0.22318840579710145,215
L49397,L,26.55000000000001,35.950000000000045,1347,55.3,139,0,0,0,0,0,0,1,6255,0.39499999999999996,275
L49398,L,26.55000000000001,35.950000000000045,1713,33.5,141,0,0,0,0,0,0,0,6345,0.23591549295774647,181
M17079,M,26.450000000000045,35.950000000000045,1435,48.4,143,0,0,0,0,0,0,0,6435,0.3361111111111111,296
M17080,M,26.450000000000045,35.85000000000002,1736,26.1,146,0,0,0,0,0,0,0,6570,0.17755102040816328,205
L49401,L,26.450000000000045,35.85000000000002,1372,60.4,149,0,0,0,0,0,0,0,6705,0.4026666666666667,154
L49402,L,26.55000000000001,35.85000000000002,1605,33.0,151,0,0,0,0,0,0,1,6795,0.21710526315789475,280
L49403,L,26.450000000000045,35.85000000000002,1413,48.5,153,0,0,0,0,0,0,0,6885,0.31493506493506496,305
M17084,M,26.55000000000001,35.85000000000002,1645,31.9,155,0,0,0,0,0,0,0,6975,0.20448717948717948,239
M17085,M,26.55000000000001,35.85000000000002,1465,49.0,158,0,0,0,0,0,0,0,7110,0.3081761006289308,364
M17086,M,26.450000000000045,35.75,1685,27.8,161,0,0,0,0,0,0,0,7245,0.17160493827160495,243
L49407,L,26.350000000000023,35.650000000000034,1965,20.4,164,0,0,0,0,0,0,0,7380,0.12363636363636363,221
H31642,H,26.25,35.450000000000045,1542,41.8,166,0,0,0,0,0,0,1,7470,0.2502994011976048,249
L49409,L,26.25,35.55000000000001,1681,30.8,171,0,0,0,0,0,0,0,7695,0.17906976744186046,178
L49410,L,26.350000000000023,35.55000000000001,1446,45.7,173,0,0,0,0,0,0,1,7785,0.26264367816091955,354
L49411,L,26.25,35.450000000000045,1415,56.4,175,0,0,0,0,0,0,1,7875,0.32045454545454544,208
L49412,L,26.350000000000023,35.450000000000045,1672,30.5,177,0,0,0,0,0,0,0,7965,0.17134831460674158,174
L49413,L,26.350000000000023,35.55000000000001,2549,13.0,179,1,0,0,1,0,0,3,8055,0.07222222222222222,14
L49414,L,26.25,35.450000000000045,1492,40.5,181,0,0,0,0,0,0,1,8145,0.22252747252747251,246
M17095,M,26.25,35.450000000000045,1455,42.7,183,0,0,0,0,0,0,1,8235,0.23206521739130437,250
M17096,M,26.150000000000034,35.35000000000002,1422,43.1,186,0,0,0,0,0,0,0,8370,0.2304812834224599,266
L49417,L,26.150000000000034,35.450000000000045,1403,50.6,189,0,0,0,0,0,0,0,8505,0.26631578947368423,348
L49418,L,26.150000000000034,35.450000000000045,1474,49.6,191,0,0,0,0,0,0,0,8595,0.25833333333333336,172
L49419,L,26.05000000000001,35.450000000000045,1381,50.0,193,0,0,0,0,0,0,0,8685,0.25773195876288657,219
L49420,L,26.05000000000001,35.35000000000002,1457,44.7,195,0,0,0,0,0,0,0,8775,0.22806122448979593,228
L49421,L,26.05000000000001,35.25,1711,28.9,197,0,0,0,0,0,0,0,8865,0.14595959595959596,228
L49422,L,26.05000000000001,35.25,1667,29.0,199,0,0,0,0,0,0,0,8955,0.145,317
L49423,L,26.05000000000001,35.25,1465,35.0,201,0,0,0,0,0,0,1,9045,0.17326732673267325,247
M17104,M,26.150000000000034,35.25,1542,37.5,203,1,1,0,0,0,0,3,9135,0.18382352941176472,52
M17105,M,26.150000000000034,35.25,1438,42.3,0,0,0,0,0,0,0,0,0,42.3,178
L49426,L,26.150000000000034,35.25,1406,47.4,3,0,0,0,0,0,0,1,135,11.85,293
M17107,M,26.05000000000001,35.25,1396,48.5,5,0,0,0,0,0,0,0,225,8.083333333333334,236
M17108,M,26.150000000000034,35.35000000000002,1304,60.6,8,0,0,0,0,0,0,0,360,6.733333333333333,159
L49429,L,26.05000000000001,35.35000000000002,1442,46.5,11,0,0,0,0,0,0,0,495,3.875,196
M17110,M,26.05000000000001,35.25,1396,48.7,13,0,0,0,0,0,0,1,585,3.4785714285714286,153
H31665,H,25.950000000000045,35.150000000000034,1424,43.4,16,0,0,0,0,0,0,0,720,2.552941176470588,161
H31666,H,25.950000000000045,35.150000000000034,1451,42.8,21,0,0,0,0,0,0,0,945,1.9454545454545453,191
L49433,L,26.05000000000001,35.25,1386,54.1,26,0,0,0,0,0,0,0,1170,2.0037037037037035,153
L49434,L,25.950000000000045,35.150000000000034,1325,46.9,28,0,0,0,0,0,0,0,1260,1.6172413793103448,233
L49435,L,25.950000000000045,35.150000000000034,1559,33.7,30,0,0,0,0,0,0,1,1350,1.0870967741935484,241
L49436,L,25.950000000000045,35.150000000000034,1489,38.1,32,0,0,0,0,0,0,0,1440,1.1545454545454545,241
L49437,L,25.950000000000045,35.150000000000034,1892,25.2,34,0,0,0,0,0,0,1,1530,0.72,155
L49438,L,25.950000000000045,35.05000000000001,1319,60.3,36,0,0,0,0,0,0,1,1620,1.6297297297297297,291
L49439,L,25.950000000000045,35.150000000000034,1431,52.3,38,0,0,0,0,0,0,0,1710,1.341025641025641,184
H31674,H,25.950000000000045,35.150000000000034,1521,36.5,40,0,0,0,0,0,0,0,1800,0.8902439024390244,324
M17121,M,25.950000000000045,35.05000000000001,1435,45.2,45,0,0,0,0,0,0,1,2025,0.982608695652174,335
L49442,L,25.950000000000045,35.150000000000034,1533,42.4,48,0,0,0,0,0,0,1,2160,0.8653061224489795,214
M17123,M,26.05000000000001,35.25,1529,43.0,50,0,0,0,0,0,0,1,2250,0.8431372549019608,296
M17124,M,26.05000000000001,35.25,1415,43.5,53,0,0,0,0,0,0,1,2385,0.8055555555555556,206
M17125,M,26.05000000000001,35.25,1330,51.2,56,0,0,0,0,0,0,0,2520,0.8982456140350877,342
L49446,L,26.05000000000001,35.35000000000002,1381,60.6,59,0,0,0,0,0,0,1,2655,1.01,162
L49447,L,26.05000000000001,35.35000000000002,1370,52.4,61,0,0,0,0,0,0,1,2745,0.8451612903225806,285
L49448,L,26.05000000000001,35.35000000000002,1438,46.6,63,0,0,0,0,0,0,1,2835,0.728125,167
L49449,L,26.150000000000034,35.450000000000045,1314,48.2,65,0,0,0,0,0,0,1,2925,0.7303030303030303,312
L49450,L,26.150000000000034,35.450000000000045,1437,48.1,67,0,0,0,0,0,0,0,3015,0.7073529411764706,236
L49451,L,26.05000000000001,35.35000000000002,1821,26.1,69,0,0,0,0,0,0,0,3105,0.3728571428571429,263
M17132,M,26.150000000000034,35.450000000000045,1448,52.1,71,0,0,0,0,0,0,0,3195,0.7236111111111111,175
L49453,L,26.150000000000034,35.35000000000002,1589,32.7,74,0,0,0,0,0,0,1,3330,0.43600000000000005,315
L49454,L,26.150000000000034,35.450000000000045,1520,33.7,76,0,0,0,0,0,0,1,3420,0.4376623376623377,361
L49455,L,26.150000000000034,35.450000000000045,1605,37.0,78,0,0,0,0,0,0,0,3510,0.46835443037974683,215
L49456,L,26.150000000000034,35.55000000000001,1393,54.2,80,0,0,0,0,0,0,0,3600,0.6691358024691358,175
H31691,H,26.150000000000034,35.55000000000001,1408,44.4,82,0,0,0,0,0,0,1,3690,0.5349397590361445,275
M17138,M,26.150000000000034,35.55000000000001,1459,35.6,87,0,0,0,0,0,0,0,3915,0.40454545454545454,206
L49459,L,26.25,35.55000000000001,1525,39.0,90,0,0,0,0,0,0,1,4050,0.42857142857142855,174
L49460,L,26.25,35.650000000000034,1390,57.0,92,0,0,0,0,0,0,1,4140,0.6129032258064516,179
L49461,L,26.150000000000034,35.55000000000001,1536,38.9,94,0,0,0,0,0,0,1,4230,0.4094736842105263,359
L49462,L,26.25,35.55000000000001,1459,47.6,96,0,0,0,0,0,0,1,4320,0.4907216494845361,284
L49463,L,26.05000000000001,35.35000000000002,1387,51.1,98,0,0,0,0,0,0,1,4410,0.5161616161616162,176
L49464,L,26.05000000000001,35.35000000000002,1378,53.4,100,0,0,0,0,0,0,1,4500,0.5287128712871287,288
L49465,L,26.25,35.55000000000001,1381,56.7,102,0,0,0,0,0,0,0,4590,0.550485436893204,250
M17146,M,26.25,35.55000000000001,1289,60.5,104,0,0,0,0,0,0,0,4680,0.5761904761904761,285
L49467,L,26.25,35.450000000000045,1746,26.8,107,0,0,0,0,0,0,0,4815,0.24814814814814815,160
M17148,M,26.25,35.450000000000045,1541,39.1,109,0,0,0,0,0,0,1,4905,0.35545454545454547,275
L49469,L,26.25,35.55000000000001,1504,37.8,112,0,0,0,0,0,0,0,5040,0.33451327433628314,179
M17150,M,26.350000000000023,35.55000000000001,1321,51.9,114,0,0,0,0,0,0,1,5130,0.45130434782608697,243
M17151,M,26.350000000000023,35.650000000000034,1886,20.9,117,0,0,0,0,0,0,1,5265,0.1771186440677966,265
L49472,L,26.450000000000045,35.75,1422,53.2,120,0,0,0,0,0,0,1,5400,0.43966942148760335,164
L49473,L,26.350000000000023,35.75,1520,38.3,122,0,0,0,0,0,0,1,5490,0.3113821138211382,333
L49474,L,26.25,35.650000000000034,1627,32.6,124,0,0,0,0,0,0,0,5580,0.26080000000000003,184
L49475,L,26.25,35.55000000000001,1512,37.2,126,0,0,0,0,0,0,0,5670,0.2929133858267717,188
L49476,L,26.25,35.55000000000001,1553,42.7,128,0,0,0,0,0,0,0,5760,0.33100775193798454,173
L49477,L,26.150000000000034,35.55000000000001,1802,26.0,130,0,0,0,0,0,0,1,5850,0.1984732824427481,157
L49478,L,26.150000000000034,35.450000000000045,1482,37.6,132,0,0,0,0,0,0,0,5940,0.28270676691729324,192
L49479,L,26.25,35.55000000000001,1446,62.9,134,1,0,0,1,0,0,3,6030,0.4659259259259259,9
L49480,L,26.150000000000034,35.450000000000045,1371,50.5,136,0,0,0,0,0,0,0,6120,0.3686131386861314,233
M17161,M,26.05000000000001,35.450000000000045,1586,35.7,138,0,0,0,0,0,0,1,6210,0.25683453237410075,318
L49482,L,26.05000000000001,35.35000000000002,1515,39.8,141,0,0,0,0,0,0,0,6345,0.28028169014084503,196
L49483,L,26.05000000000001,35.35000000000002,1374,53.6,143,0,0,0,0,0,0,1,6435,0.37222222222222223,175
L49484,L,25.950000000000045,35.35000000000002,1455,39.8,145,0,0,0,0,0,0,0,6525,0.2726027397260274,329
H31719,H,26.05000000000001,35.35000000000002,1342,47.5,147,0,0,0,0,0,0,1,6615,0.32094594594594594,299
L49486,L,25.950000000000045,35.450000000000045,1260,57.8,152,0,0,0,0,0,0,0,6840,0.37777777777777777,282
H31721,H,25.850000000000023,35.35000000000002,1623,33.5,154,0,0,0,0,0,0,0,6930,0.2161290322580645,292
L49488,L,25.950000000000045,35.35000000000002,1371,55.5,159,0,0,0,0,0,0,0,7155,0.346875,313
L49489,L,25.950000000000045,35.450000000000045,1611,31.4,161,0,0,0,0,0,0,1,7245,0.19382716049382714,250
M17170,M,25.850000000000023,35.25,1535,47.5,163,0,0,0,0,0,0,0,7335,0.2896341463414634,212
M17171,M,25.950000000000045,35.450000000000045,1491,38.5,166,0,0,0,0,0,0,0,7470,0.23053892215568864,242
M17172,M,25.950000000000045,35.450000000000045,1441,36.2,169,0,0,0,0,0,0,1,7605,0.21294117647058824,356
M17173,M,25.950000000000045,35.650000000000034,1725,26.6,172,0,0,0,0,0,0,1,7740,0.15375722543352602,326
L49494,L,26.05000000000001,35.75,1368,47.2,175,0,0,0,0,0,0,1,7875,0.2681818181818182,204
L49495,L,26.05000000000001,35.75,1526,37.9,177,0,0,0,0,0,0,1,7965,0.21292134831460674,221
L49496,L,26.05000000000001,35.650000000000034,1542,39.2,179,0,0,0,0,0,0,0,8055,0.2177777777777778,209
L49497,L,26.05000000000001,35.650000000000034,1605,31.1,181,0,0,0,0,0,0,0,8145,0.17087912087912088,334
L49498,L,26.05000000000001,35.650000000000034,1405,51.4,183,0,0,0,0,0,0,1,8235,0.2793478260869565,178
M17179,M,26.05000000000001,35.650000000000034,1700,33.5,185,0,0,0,0,0,0,0,8325,0.18010752688172044,168
H31734,H,26.05000000000001,35.650000000000034,1440,39.1,188,0,0,0,0,0,0,1,8460,0.20687830687830688,222
M17181,M,26.05000000000001,35.650000000000034,1314,52.5,193,0,0,0,0,0,0,0,8685,0.2706185567010309,287
L49502,L,26.05000000000001,35.55000000000001,1514,41.9,196,0,0,0,0,0,0,1,8820,0.21269035532994923,250
M17183,M,26.05000000000001,35.55000000000001,1401,47.0,198,0,0,0,0,0,0,0,8910,0.23618090452261306,287
L49504,L,26.150000000000034,35.650000000000034,1636,29.9,201,0,0,0,0,0,0,1,9045,0.148019801980198,206
L49505,L,26.150000000000034,35.650000000000034,1603,33.9,203,0,0,0,0,0,0,1,9135,0.1661764705882353,331
M17186,M,26.25,35.55000000000001,1487,52.6,205,0,0,0,0,0,0,0,9225,0.25533980582524274,333
M17187,M,26.150000000000034,35.55000000000001,1420,50.3,208,0,0,0,0,0,0,0,9360,0.24066985645933012,217
L49508,L,26.150000000000034,35.55000000000001,1579,36.3,211,0,0,0,0,0,0,0,9495,0.1712264150943396,346
L49509,L,26.150000000000034,35.55000000000001,1484,40.5,213,0,0,0,0,0,0,1,9585,0.18925233644859812,236
M17190,M,26.150000000000034,35.55000000000001,1390,49.3,215,0,0,0,0,0,0,0,9675,0.22824074074074072,252
L49511,L,26.150000000000034,35.450000000000045,1384,53.6,218,1,0,0,0,1,0,4,9810,0.2447488584474886,44
L49512,L,26.05000000000001,35.35000000000002,1378,50.4,220,1,0,0,0,1,0,5,9900,0.22805429864253393,27
L49513,L,26.05000000000001,35.35000000000002,1445,45.2,222,0,0,0,0,0,0,0,9990,0.20269058295964126,221
L49514,L,26.05000000000001,35.25,1445,43.5,224,0,0,0,0,0,0,1,10080,0.19333333333333333,358
L49515,L,26.05000000000001,35.25,1509,39.4,0,0,0,0,0,0,0,1,0,39.4,278
L49516,L,26.05000000000001,35.25,1434,46.8,2,0,0,0,0,0,0,0,90,15.6,267
L49517,L,26.05000000000001,35.25,1877,23.9,4,0,0,0,0,0,0,1,180,4.779999999999999,289
L49518,L,26.150000000000034,35.150000000000034,1651,28.0,6,0,0,0,0,0,0,1,270,4.0,312
L49519,L,26.05000000000001,35.05000000000001,1466,41.3,8,0,0,0,0,0,0,0,360,4.588888888888889,265
L49520,L,25.950000000000045,34.950000000000045,1479,40.7,10,0,0,0,0,0,0,1,450,3.7,355
L49521,L,25.950000000000045,35.05000000000001,1409,46.4,12,0,0,0,0,0,0,0,540,3.569230769230769,231
M17202,M,26.05000000000001,35.05000000000001,1674,28.2,14,0,0,0,0,0,0,0,630,1.88,351
L49523,L,25.950000000000045,35.150000000000034,1305,61.4,17,0,0,0,0,0,0,1,765,3.411111111111111,356
M17204,M,26.05000000000001,35.150000000000034,1755,26.4,19,0,0,0,0,0,0,0,855,1.3199999999999998,310
L49525,L,26.05000000000001,35.25,1475,38.7,22,0,0,0,0,0,0,1,990,1.682608695652174,360
L49526,L,26.05000000000001,35.25,1402,47.7,24,0,0,0,0,0,0,0,1080,1.9080000000000001,258
L49527,L,26.05000000000001,35.150000000000034,1410,43.0,26,0,0,0,0,0,0,1,1170,1.5925925925925926,302
L49528,L,26.05000000000001,35.25,1436,41.8,28,0,0,0,0,0,0,1,1260,1.4413793103448276,165
M17209,M,26.150000000000034,35.35000000000002,1386,42.2,30,0,0,0,0,0,0,1,1350,1.3612903225806452,285
L49530,L,26.150000000000034,35.450000000000045,1744,26.4,33,0,0,0,0,0,0,1,1485,0.776470588235294,184
L49531,L,26.05000000000001,35.25,1393,48.4,35,0,0,0,0,0,0,1,1575,1.3444444444444443,362
M17212,M,26.150000000000034,35.35000000000002,1422,45.4,37,0,0,0,0,0,0,0,1665,1.194736842105263,360
L49533,L,26.05000000000001,35.25,1841,22.8,40,0,0,0,0,0,0,0,1800,0.5560975609756098,323
L49534,L,26.150000000000034,35.450000000000045,1433,37.7,42,0,0,0,0,0,0,1,1890,0.8767441860465117,288
M17215,M,26.150000000000034,35.35000000000002,1305,60.6,44,0,0,0,0,0,0,0,1980,1.3466666666666667,338
H31770,H,26.150000000000034,35.450000000000045,1498,39.5,47,0,0,0,0,0,0,1,2115,0.8229166666666666,193
L49537,L,26.150000000000034,35.35000000000002,1772,26.1,52,0,0,0,0,0,0,1,2340,0.49245283018867925,288
M17218,M,26.05000000000001,35.25,1381,42.5,54,0,0,0,0,0,0,0,2430,0.7727272727272727,288
L49539,L,26.150000000000034,35.35000000000002,1413,38.5,57,0,0,0,0,0,0,0,2565,0.6637931034482759,299
H31774,H,26.05000000000001,35.25,1388,53.2,59,0,0,0,0,0,0,1,2655,0.8866666666666667,234
M17221,M,26.05000000000001,35.450000000000045,1631,35.4,64,0,0,0,0,0,0,1,2880,0.5446153846153846,231
H31776,H,26.150000000000034,35.450000000000045,1520,41.4,67,0,0,0,0,0,0,1,3015,0.6088235294117647,339
L49543,L,26.150000000000034,35.35000000000002,1510,45.4,72,0,0,0,0,0,0,1,3240,0.6219178082191781,325
L49544,L,26.05000000000001,35.35000000000002,1366,49.7,74,0,0,0,0,0,0,1,3330,0.6626666666666667,251
L49545,L,26.25,35.35000000000002,1845,22.9,76,0,0,0,0,0,0,1,3420,0.2974025974025974,212
L49546,L,26.150000000000034,35.35000000000002,1485,44.7,78,0,0,0,0,0,0,0,3510,0.5658227848101266,328
M17227,M,26.150000000000034,35.35000000000002,1496,39.4,80,0,0,0,0,0,0,1,3600,0.4864197530864197,322
M17228,M,26.150000000000034,35.25,1468,42.2,83,0,0,0,0,0,0,1,3735,0.5023809523809524,182
M17229,M,26.05000000000001,35.25,1856,22.7,86,0,0,0,0,0,0,0,3870,0.26091954022988506,362
L49550,L,26.05000000000001,35.25,1620,34.1,89,0,0,0,0,0,0,1,4005,0.3788888888888889,209
L49551,L,26.150000000000034,35.35000000000002,1409,44.8,91,0,0,0,0,0,0,1,4095,0.4869565217391304,272
M17232,M,26.150000000000034,35.35000000000002,1404,49.4,93,0,0,0,0,0,0,0,4185,0.5255319148936171,151
L49553,L,26.05000000000001,35.25,1350,51.3,96,0,0,0,0,0,0,1,4320,0.5288659793814433,290
M17234,M,26.05000000000001,35.25,1538,38.0,98,0,0,0,0,0,0,0,4410,0.3838383838383838,343
M17235,M,26.05000000000001,35.25,1476,32.7,101,0,0,0,0,0,0,1,4545,0.3205882352941177,206
M17236,M,26.05000000000001,35.150000000000034,1364,51.8,104,0,0,0,0,0,0,0,4680,0.4933333333333333,320
M17237,M,26.05000000000001,35.150000000000034,1582,45.5,107,0,0,0,0,0,0,0,4815,0.4212962962962963,194
L49558,L,25.950000000000045,35.05000000000001,1348,56.1,110,0,0,0,0,0,0,0,4950,0.5054054054054055,180
H31793,H,25.950000000000045,35.05000000000001,1450,46.1,112,0,0,0,0,0,0,1,5040,0.4079646017699115,287
L49560,L,25.850000000000023,34.950000000000045,1242,60.9,117,0,0,0,0,0,0,1,5265,0.5161016949152543,172
L49561,L,25.950000000000045,35.05000000000001,1493,34.9,119,0,0,0,0,0,0,0,5355,0.29083333333333333,363
L49562,L,25.950000000000045,35.150000000000034,1601,31.4,121,0,0,0,0,0,0,0,5445,0.25737704918032783,178
L49563,L,25.950000000000045,35.05000000000001,1568,33.3,123,0,0,0,0,0,0,1,5535,0.26854838709677414,180
M17244,M,25.950000000000045,35.150000000000034,1506,38.0,125,0,0,0,0,0,0,1,5625,0.30158730158730157,355
L49565,L,25.950000000000045,35.150000000000034,1524,34.1,128,0,0,0,0,0,0,1,5760,0.26434108527131783,351
L49566,L,25.950000000000045,35.25,1543,37.9,130,0,0,0,0,0,0,1,5850,0.28931297709923665,167
M17247,M,26.05000000000001,35.35000000000002,1474,47.2,132,0,0,0,0,0,0,1,5940,0.3548872180451128,160
M17248,M,26.05000000000001,35.35000000000002,1526,37.3,135,0,0,0,0,0,0,0,6075,0.2742647058823529,252
L49569,L,26.05000000000001,35.35000000000002,1867,27.0,138,0,0,0,0,0,0,1,6210,0.19424460431654678,196
L49570,L,26.05000000000001,35.35000000000002,1487,41.2,140,0,0,0,0,0,0,0,6300,0.2921985815602837,152
L49571,L,26.05000000000001,35.25,1580,32.6,142,0,0,0,0,0,0,1,6390,0.22797202797202798,279
L49572,L,26.05000000000001,35.35000000000002,1340,50.0,144,0,0,0,0,0,0,0,6480,0.3448275862068966,331
L49573,L,26.05000000000001,35.35000000000002,1544,41.6,146,0,0,0,0,0,0,0,6570,0.2829931972789116,221
L49574,L,26.05000000000001,35.35000000000002,1488,40.3,148,0,0,0,0,0,0,1,6660,0.2704697986577181,308
M17255,M,26.05000000000001,35.35000000000002,1742,28.9,150,0,0,0,0,0,0,0,6750,0.19139072847682118,285
M17256,M,25.950000000000045,35.35000000000002,1592,34.2,153,0,0,0,0,0,0,0,6885,0.2220779220779221,320
L49577,L,26.05000000000001,35.450000000000045,1582,38.8,156,0,0,0,0,0,0,0,7020,0.2471337579617834,325
L49578,L,26.05000000000001,35.35000000000002,1490,43.2,158,0,0,0,0,0,0,0,7110,0.27169811320754716,279
M17259,M,26.05000000000001,35.35000000000002,1594,35.8,160,0,0,0,0,0,0,1,7200,0.22236024844720495,171
H31814,H,26.05000000000001,35.450000000000045,1462,55.0,163,0,0,0,0,0,0,0,7335,0.3353658536585366,273
M17261,M,26.05000000000001,35.450000000000045,1367,47.6,168,0,0,0,0,0,0,1,7560,0.28165680473372784,282
L49582,L,26.05000000000001,35.55000000000001,1325,51.0,171,0,0,0,0,0,0,0,7695,0.29651162790697677,284
H31817,H,26.05000000000001,35.55000000000001,1448,51.4,173,0,0,0,0,0,0,1,7785,0.29540229885057473,169
M17264,M,25.950000000000045,35.55000000000001,2008,20.3,178,0,0,0,0,0,0,1,8010,0.11340782122905028,226
L49585,L,25.950000000000045,35.55000000000001,1498,38.9,181,0,0,0,0,0,0,1,8145,0.21373626373626373,279
L49586,L,25.950000000000045,35.450000000000045,1437,41.6,183,0,0,0,0,0,0,0,8235,0.22608695652173913,181
M17267,M,25.950000000000045,35.450000000000045,1499,45.1,185,0,0,0,0,0,0,1,8325,0.2424731182795699,239
L49588,L,25.850000000000023,35.25,1356,52.6,188,0,0,0,0,0,0,1,8460,0.27830687830687834,152
L49589,L,25.950000000000045,35.35000000000002,1539,46.8,190,0,0,0,0,0,0,0,8550,0.2450261780104712,318
L49590,L,25.950000000000045,35.35000000000002,1689,32.1,192,0,0,0,0,0,0,1,8640,0.16632124352331606,191
L49591,L,25.850000000000023,35.35000000000002,1559,38.1,194,0,0,0,0,0,0,0,8730,0.19538461538461538,226
L49592,L,25.950000000000045,35.450000000000045,1408,46.7,196,0,0,0,0,0,0,0,8820,0.2370558375634518,362
L49593,L,25.850000000000023,35.35000000000002,1886,23.0,198,0,0,0,0,0,0,1,8910,0.11557788944723618,322
L49594,L,25.950000000000045,35.35000000000002,1415,43.4,0,0,0,0,0,0,0,0,0,43.4,250
M17275,M,25.950000000000045,35.35000000000002,1587,35.6,2,0,0,0,0,0,0,0,90,11.866666666666667,364
L49596,L,25.850000000000023,35.25,1571,38.6,5,0,0,0,0,0,0,0,225,6.433333333333334,348
L49597,L,25.75,35.150000000000034,1576,36.6,7,0,0,0,0,0,0,1,315,4.575,294
L49598,L,25.75,35.150000000000034,1660,34.4,9,0,0,0,0,0,0,0,405,3.44,277
M17279,M,25.75,35.05000000000001,1328,49.2,11,0,0,0,0,0,0,0,495,4.1000000000000005,196
H31834,H,25.650000000000034,35.05000000000001,1450,44.7,14,0,0,0,0,0,0,0,630,2.98,346
L49601,L,25.75,35.05000000000001,2384,15.0,19,0,0,0,0,0,0,1,855,0.75,301
L49602,L,25.650000000000034,35.05000000000001,1443,53.4,21,0,0,0,0,0,0,0,945,2.4272727272727272,348
M17283,M,25.75,35.05000000000001,2022,20.0,23,0,0,0,0,0,0,1,1035,0.8333333333333334,272
L49604,L,25.75,35.05000000000001,1828,23.8,26,0,0,0,0,0,0,0,1170,0.8814814814814815,183
L49605,L,25.650000000000034,34.950000000000045,1472,53.5,28,0,0,0,0,0,0,1,1260,1.8448275862068966,327
M17286,M,25.75,35.05000000000001,1372,63.6,30,1,0,0,1,0,0,6,1350,2.0516129032258066,36
L49607,L,25.75,35.150000000000034,1855,23.8,33,0,0,0,0,0,0,1,1485,0.7000000000000001,182
M17288,M,25.850000000000023,35.150000000000034,1377,47.2,35,0,0,0,0,0,0,0,1575,1.3111111111111111,272
L49609,L,25.75,35.150000000000034,1432,48.9,38,0,0,0,0,0,0,0,1710,1.2538461538461538,176
M17290,M,25.75,35.05000000000001,1335,47.8,40,0,0,0,0,0,0,0,1800,1.1658536585365853,355
M17291,M,25.75,35.05000000000001,1411,51.3,43,0,0,0,0,0,0,1,1935,1.1659090909090908,208
L49612,L,25.75,35.05000000000001,1510,43.5,46,0,0,0,0,0,0,0,2070,0.925531914893617,296
L49613,L,25.850000000000023,35.150000000000034,1441,44.0,48,0,0,0,0,0,0,0,2160,0.8979591836734694,264
M17294,M,25.850000000000023,35.05000000000001,1358,42.7,50,0,0,0,0,0,0,1,2250,0.8372549019607843,353
L49615,L,25.75,35.05000000000001,1686,30.4,53,0,0,0,0,0,0,0,2385,0.5629629629629629,280
H31850,H,25.850000000000023,35.05000000000001,1662,30.4,55,0,0,0,0,0,0,0,2475,0.5428571428571428,348
L49617,L,25.950000000000045,35.150000000000034,1426,40.1,60,0,0,0,0,0,0,1,2700,0.6573770491803279,277
M17298,M,25.950000000000045,35.25,1330,53.6,62,0,0,0,0,0,0,1,2790,0.8507936507936508,269
L49619,L,25.950000000000045,35.25,1693,31.6,65,0,0,0,0,0,0,0,2925,0.4787878787878788,302
L49620,L,25.950000000000045,35.25,1426,47.9,67,0,0,0,0,0,0,1,3015,0.7044117647058823,262
L49621,L,25.950000000000045,35.35000000000002,1676,31.0,69,0,0,0,0,0,0,0,3105,0.44285714285714284,164
M17302,M,25.950000000000045,35.25,1332,51.7,71,0,0,0,0,0,0,0,3195,0.7180555555555556,232
L49623,L,25.950000000000045,35.35000000000002,1647,35.0,74,0,0,0,0,0,0,0,3330,0.4666666666666667,337
L49624,L,26.05000000000001,35.450000000000045,1267,68.2,76,1,0,0,1,0,0,5,3420,0.8857142857142858,44
H31859,H,26.05000000000001,35.55000000000001,1375,55.1,78,0,0,0,0,0,0,0,3510,0.6974683544303798,172
L49626,L,26.150000000000034,35.450000000000045,1422,48.9,83,0,0,0,0,0,0,1,3735,0.5821428571428571,160
L49627,L,26.150000000000034,35.55000000000001,1408,48.7,85,0,0,0,0,0,0,1,3825,0.5662790697674419,336
L49628,L,26.25,35.75,1440,42.5,87,0,0,0,0,0,0,0,3915,0.48295454545454547,362
L49629,L,26.150000000000034,35.650000000000034,1772,25.2,89,0,0,0,0,0,0,1,4005,0.27999999999999997,265
L49630,L,26.05000000000001,35.55000000000001,1492,37.8,91,0,0,0,0,0,0,1,4095,0.41086956521739126,311
L49631,L,26.05000000000001,35.55000000000001,1650,30.5,93,0,0,0,0,0,0,0,4185,0.324468085106383,252
M17312,M,25.950000000000045,35.450000000000045,2329,14.6,95,0,0,0,0,0,0,1,4275,0.15208333333333332,156
L49633,L,25.850000000000023,35.450000000000045,1648,30.8,98,0,0,0,0,0,0,1,4410,0.3111111111111111,255
L49634,L,25.850000000000023,35.450000000000045,1653,31.7,100,0,0,0,0,0,0,0,4500,0.31386138613861386,321
L49635,L,25.850000000000023,35.450000000000045,1946,22.3,102,0,0,0,0,0,0,0,4590,0.21650485436893205,341
L49636,L,25.950000000000045,35.450000000000045,1555,36.6,104,0,0,0,0,0,0,0,4680,0.3485714285714286,263
L49637,L,25.850000000000023,35.450000000000045,1661,32.2,106,0,0,0,0,0,0,0,4770,0.30093457943925234,172
L49638,L,25.850000000000023,35.450000000000045,1434,45.9,108,0,0,0,0,0,0,0,4860,0.42110091743119266,251
L49639,L,25.850000000000023,35.450000000000045,1297,54.2,110,0,0,0,0,0,0,0,4950,0.4882882882882883,207
L49640,L,25.850000000000023,35.450000000000045,1466,46.4,112,0,0,0,0,0,0,0,5040,0.41061946902654867,169
M17321,M,25.75,35.450000000000045,1517,39.8,114,0,0,0,0,0,0,1,5130,0.3460869565217391,304
L49642,L,25.75,35.35000000000002,1742,34.5,117,0,0,0,0,0,0,0,5265,0.2923728813559322,266
L49643,L,25.75,35.35000000000002,1580,39.1,119,0,0,0,0,0,0,1,5355,0.32583333333333336,337
M17324,M,25.75,35.35000000000002,1534,42.9,121,0,0,0,0,0,0,1,5445,0.3516393442622951,285
L49645,L,25.75,35.450000000000045,1481,40.7,124,0,0,0,0,0,0,0,5580,0.3256,250
L49646,L,25.850000000000023,35.450000000000045,1429,37.7,126,0,0,0,0,0,0,1,5670,0.2968503937007874,344
M17327,M,25.75,35.450000000000045,1574,33.5,128,0,0,0,0,0,0,1,5760,0.2596899224806202,151
M17328,M,25.75,35.450000000000045,1524,40.4,131,0,0,0,0,0,0,1,5895,0.30606060606060603,171
L49649,L,25.850000000000023,35.55000000000001,1507,37.5,134,0,0,0,0,0,0,0,6030,0.2777777777777778,219
L49650,L,25.75,35.35000000000002,1467,44.7,136,0,0,0,0,0,0,1,6120,0.32627737226277376,252
L49651,L,25.75,35.25,1301,51.1,138,0,0,0,0,0,0,1,6210,0.36762589928057554,253
L49652,L,25.75,35.35000000000002,1429,55.1,140,0,0,0,0,0,0,0,6300,0.39078014184397164,185
M17333,M,25.75,35.35000000000002,1555,37.6,142,0,0,0,0,0,0,1,6390,0.2629370629370629,257
L49654,L,25.75,35.35000000000002,1503,40.6,145,0,0,0,0,0,0,1,6525,0.27808219178082194,173
L49655,L,25.75,35.35000000000002,1459,43.1,147,0,0,0,0,0,0,1,6615,0.29121621621621624,289
H31890,H,25.75,35.25,1449,42.4,149,0,0,0,0,0,0,1,6705,0.2826666666666667,358
L49657,L,25.75,35.35000000000002,1387,57.3,154,0,0,0,0,0,0,1,6930,0.36967741935483867,171
M17338,M,25.75,35.35000000000002,1456,50.0,156,0,0,0,0,0,0,0,7020,0.3184713375796178,232
L49659,L,25.850000000000023,35.35000000000002,1604,34.7,159,0,0,0,0,0,0,1,7155,0.216875,222
L49660,L,25.850000000000023,35.450000000000045,1734,32.4,161,0,0,0,0,0,0,0,7245,0.19999999999999998,353
L49661,L,25.850000000000023,35.450000000000045,1378,47.8,163,0,0,0,0,0,0,1,7335,0.2914634146341463,273
L49662,L,25.75,35.55000000000001,1504,41.8,165,0,0,0,0,0,0,0,7425,0.25180722891566265,230
M17343,M,25.75,35.55000000000001,1402,49.8,167,0,0,0,0,0,0,0,7515,0.29642857142857143,300
H31898,H,25.650000000000034,35.450000000000045,1524,37.7,170,0,0,0,0,0,0,0,7650,0.22046783625730995,223
L49665,L,25.650000000000034,35.450000000000045,1593,35.5,175,0,0,0,0,0,0,1,7875,0.20170454545454544,340
M17346,M,25.75,35.55000000000001,1772,28.4,177,0,0,0,0,0,0,1,7965,0.1595505617977528,179
H31901,H,25.75,35.450000000000045,1623,31.0,180,0,0,0,0,0,0,1,8100,0.1712707182320442,296
L49668,L,25.75,35.55000000000001,1356,50.7,185,0,0,0,0,0,0,1,8325,0.2725806451612903,175
H31903,H,25.75,35.55000000000001,1500,41.6,187,0,0,0,0,0,0,1,8415,0.22127659574468087,277
H31904,H,25.950000000000045,35.650000000000034,1566,46.6,192,0,0,0,0,0,0,0,8640,0.24145077720207256,160
L49671,L,25.950000000000045,35.75,1445,43.4,197,0,0,0,0,0,0,0,8865,0.2191919191919192,169
H31906,H,25.850000000000023,35.650000000000034,1382,58.5,199,0,0,0,0,0,0,0,8955,0.2925,267
M17353,M,25.850000000000023,35.650000000000034,1418,45.7,204,0,0,0,0,0,0,1,9180,0.2229268292682927,205
L49674,L,25.950000000000045,35.650000000000034,1329,53.6,207,1,0,0,0,1,0,4,9315,0.2576923076923077,50
M17355,M,25.950000000000045,35.650000000000034,1491,41.0,209,0,0,0,0,0,0,0,9405,0.19523809523809524,345
M17356,M,26.05000000000001,35.75,1573,37.4,212,0,0,0,0,0,0,1,9540,0.1755868544600939,196
M17357,M,26.05000000000001,35.75,1521,42.3,215,0,0,0,0,0,0,1,9675,0.19583333333333333,353
L49678,L,25.950000000000045,35.75,1467,47.2,218,0,0,0,0,0,0,0,9810,0.21552511415525116,238
M17359,M,25.950000000000045,35.75,1325,48.4,220,0,0,0,0,0,0,0,9900,0.21900452488687783,207
L49680,L,25.950000000000045,35.75,1617,32.3,223,0,0,0,0,0,0,1,10035,0.14419642857142856,159
M17361,M,25.950000000000045,35.75,1476,42.7,225,0,0,0,0,0,0,1,10125,0.18893805309734515,171
L49682,L,26.05000000000001,35.85000000000002,1515,48.9,228,1,0,0,0,1,0,5,10260,0.21353711790393012,20
L49683,L,26.05000000000001,35.85000000000002,1408,47.2,0,0,0,0,0,0,0,1,0,47.2,173
L49684,L,26.05000000000001,35.950000000000045,1468,45.6,2,0,0,0,0,0,0,0,90,15.200000000000001,343
L49685,L,26.05000000000001,35.950000000000045,1387,48.7,4,0,0,0,0,0,0,0,180,9.74,245
M17366,M,26.05000000000001,35.950000000000045,1503,34.7,6,0,0,0,0,0,0,0,270,4.957142857142857,362
H31921,H,26.05000000000001,35.950000000000045,1410,47.1,9,0,0,0,0,0,0,1,405,4.71,338
L49688,L,25.850000000000023,35.75,1615,30.6,14,0,0,0,0,0,0,0,630,2.04,156
L49689,L,25.850000000000023,35.75,1511,35.9,16,0,0,0,0,0,0,0,720,2.111764705882353,221
L49690,L,25.950000000000045,35.85000000000002,1405,53.8,18,0,0,0,0,0,0,1,810,2.831578947368421,276
M17371,M,25.850000000000023,35.75,1526,41.1,20,0,0,0,0,0,0,0,900,1.9571428571428573,187
L49692,L,25.75,35.650000000000034,1530,38.3,23,0,0,0,0,0,0,1,1035,1.5958333333333332,298
L49693,L,25.850000000000023,35.55000000000001,1583,32.5,25,0,0,0,0,0,0,1,1125,1.25,285
L49694,L,25.75,35.450000000000045,2069,18.7,27,0,0,0,0,0,0,1,1215,0.6678571428571428,270
L49695,L,25.650000000000034,35.35000000000002,1490,35.0,29,0,0,0,0,0,0,0,1305,1.1666666666666667,238
L49696,L,25.650000000000034,35.35000000000002,1736,29.0,31,0,0,0,0,0,0,0,1395,0.90625,177
L49697,L,25.650000000000034,35.35000000000002,1395,44.4,33,0,0,0,0,0,0,1,1485,1.3058823529411765,241
M17378,M,25.75,35.450000000000045,1425,49.6,35,0,0,0,0,0,0,1,1575,1.3777777777777778,203
L49699,L,25.650000000000034,35.450000000000045,1631,32.4,38,0,0,0,0,0,0,1,1710,0.8307692307692307,308
L49700,L,25.650000000000034,35.450000000000045,1535,41.2,40,0,0,0,0,0,0,0,1800,1.0048780487804878,265
L49701,L,25.650000000000034,35.450000000000045,1584,34.4,42,0,0,0,0,0,0,1,1890,0.7999999999999999,265
M17382,M,25.650000000000034,35.55000000000001,1543,38.2,44,0,0,0,0,0,0,1,1980,0.8488888888888889,269
L49703,L,25.650000000000034,35.55000000000001,1635,35.2,47,0,0,0,0,0,0,1,2115,0.7333333333333334,190
M17384,M,25.650000000000034,35.55000000000001,1446,45.5,49,0,0,0,0,0,0,0,2205,0.91,186
M17385,M,25.650000000000034,35.450000000000045,1598,35.1,52,0,0,0,0,0,0,1,2340,0.6622641509433963,274
L49706,L,25.650000000000034,35.450000000000045,1501,35.0,55,0,0,0,0,0,0,0,2475,0.625,315
L49707,L,25.650000000000034,35.35000000000002,1450,50.8,57,0,0,0,0,0,0,0,2565,0.8758620689655172,328
L49708,L,25.650000000000034,35.450000000000045,1730,25.9,59,0,0,0,0,0,0,1,2655,0.43166666666666664,225
M17389,M,25.650000000000034,35.450000000000045,1571,33.7,61,0,0,0,0,0,0,1,2745,0.5435483870967742,186
L49710,L,25.75,35.55000000000001,1438,51.7,64,0,0,0,0,0,0,1,2880,0.7953846153846155,250
M17391,M,25.650000000000034,35.35000000000002,1510,38.7,66,0,0,0,0,0,0,0,2970,0.5776119402985075,180
L49712,L,25.75,35.55000000000001,1389,44.9,69,0,0,0,0,0,0,0,3105,0.6414285714285715,339
L49713,L,25.650000000000034,35.55000000000001,1490,33.6,71,0,0,0,0,0,0,0,3195,0.4666666666666667,295
L49714,L,25.75,35.55000000000001,1729,26.6,73,0,0,0,0,0,0,1,3285,0.35945945945945945,239
L49715,L,25.850000000000023,35.650000000000034,1495,38.4,75,0,0,0,0,0,0,0,3375,0.5052631578947369,155
L49716,L,25.75,35.650000000000034,1281,53.9,77,0,0,0,0,0,0,1,3465,0.691025641025641,286
H31951,H,25.75,35.55000000000001,1353,48.1,79,0,0,0,0,0,0,1,3555,0.6012500000000001,288
L49718,L,25.950000000000045,35.650000000000034,1429,50.1,84,0,0,0,0,0,0,1,3780,0.5894117647058824,244
L49719,L,25.950000000000045,35.650000000000034,1413,42.1,86,0,0,0,0,0,0,0,3870,0.48390804597701154,268
L49720,L,25.950000000000045,35.650000000000034,1502,38.3,88,0,0,0,0,0,0,0,3960,0.43033707865168536,259
H31955,H,25.950000000000045,35.650000000000034,1553,32.6,90,0,0,0,0,0,0,0,4050,0.35824175824175825,269
H31956,H,26.05000000000001,35.75,1712,26.4,95,0,0,0,0,0,0,1,4275,0.27499999999999997,279
L49723,L,26.150000000000034,35.85000000000002,1786,23.5,100,0,0,0,0,0,0,0,4500,0.23267326732673269,272
L49724,L,26.05000000000001,35.85000000000002,1951,21.4,102,0,0,0,0,0,0,0,4590,0.2077669902912621,178
M17405,M,26.05000000000001,35.85000000000002,1541,36.3,104,0,0,0,0,0,0,1,4680,0.3457142857142857,259
L49726,L,26.05000000000001,35.950000000000045,1605,34.3,107,0,0,0,0,0,0,1,4815,0.3175925925925926,270
L49727,L,26.05000000000001,35.950000000000045,1578,38.1,109,0,0,0,0,0,0,0,4905,0.3463636363636364,328
M17408,M,26.150000000000034,36.05000000000001,1440,37.5,111,0,0,0,0,0,0,1,4995,0.33482142857142855,218
L49729,L,26.25,36.05000000000001,1489,42.3,114,0,0,0,0,0,0,0,5130,0.3678260869565217,300
L49730,L,26.25,36.150000000000034,1366,48.4,116,0,0,0,0,0,0,1,5220,0.41367521367521365,156
L49731,L,26.150000000000034,36.05000000000001,1541,37.2,118,0,0,0,0,0,0,1,5310,0.3126050420168067,277
H31966,H,26.150000000000034,35.950000000000045,1552,40.7,120,0,0,0,0,0,0,0,5400,0.33636363636363636,205
L49733,L,26.150000000000034,35.950000000000045,1473,40.3,125,0,0,0,0,0,0,1,5625,0.3198412698412698,276
L49734,L,26.150000000000034,35.950000000000045,1531,37.9,127,0,0,0,0,0,0,1,5715,0.29609375,226
L49735,L,26.150000000000034,36.05000000000001,1511,37.2,129,0,0,0,0,0,0,1,5805,0.2861538461538462,211
M17416,M,26.150000000000034,35.950000000000045,1449,47.9,131,0,0,0,0,0,0,0,5895,0.36287878787878786,223
M17417,M,26.25,35.950000000000045,1440,50.0,134,0,0,0,0,0,0,1,6030,0.37037037037037035,357
M17418,M,26.05000000000001,35.85000000000002,1881,23.9,137,0,0,0,0,0,0,1,6165,0.17318840579710143,164
L49739,L,26.150000000000034,35.85000000000002,1447,50.4,140,0,0,0,0,0,1,0,6300,0.3574468085106383,202
M17420,M,26.25,35.950000000000045,1326,62.0,142,0,0,0,0,0,0,0,6390,0.43356643356643354,320
L49741,L,26.25,36.05000000000001,1607,31.7,145,0,0,0,0,0,0,1,6525,0.21712328767123287,360
L49742,L,26.150000000000034,35.950000000000045,1551,39.1,147,0,0,0,0,0,0,1,6615,0.2641891891891892,362
L49743,L,26.150000000000034,35.950000000000045,1496,37.2,149,0,0,0,0,0,0,1,6705,0.24800000000000003,269
L49744,L,26.150000000000034,35.950000000000045,1493,38.0,151,0,0,0,0,0,0,0,6795,0.25,184
L49745,L,26.25,35.950000000000045,1304,50.5,153,0,0,0,0,0,0,1,6885,0.32792207792207795,356
M17426,M,26.150000000000034,35.85000000000002,1420,41.6,155,0,0,0,0,0,0,0,6975,0.26666666666666666,163
L49747,L,26.25,35.950000000000045,1766,24.6,158,0,0,0,0,0,0,0,7110,0.1547169811320755,242
L49748,L,26.450000000000045,36.05000000000001,1450,43.1,160,0,0,0,0,0,0,1,7200,0.2677018633540373,346
H31983,H,26.350000000000023,36.05000000000001,1872,22.6,162,0,0,0,0,0,0,1,7290,0.13865030674846626,271
L49750,L,26.450000000000045,36.05000000000001,1713,26.5,167,0,0,0,0,0,0,0,7515,0.15773809523809523,326
M17431,M,26.350000000000023,36.05000000000001,1497,40.9,169,0,0,0,0,0,0,1,7605,0.24058823529411763,167
M17432,M,26.25,35.950000000000045,1352,44.7,172,0,0,0,0,0,0,1,7740,0.2583815028901734,328
L49753,L,26.350000000000023,36.05000000000001,1499,41.5,175,0,0,0,0,0,0,0,7875,0.23579545454545456,278
L49754,L,26.350000000000023,36.150000000000034,1972,19.3,177,0,0,0,0,0,0,1,7965,0.10842696629213483,274
L49755,L,26.350000000000023,36.150000000000034,1422,49.2,179,0,0,0,0,0,0,0,8055,0.2733333333333334,176
L49756,L,26.350000000000023,36.150000000000034,1523,41.5,181,0,0,0,0,0,0,1,8145,0.22802197802197802,213
L49757,L,26.350000000000023,36.25,1563,41.5,183,0,0,0,0,0,0,0,8235,0.22554347826086957,209
L49758,L,26.25,36.150000000000034,1391,46.6,185,0,0,0,0,0,0,0,8325,0.25053763440860216,318
L49759,L,26.150000000000034,35.950000000000045,1795,24.7,187,0,0,0,0,0,0,1,8415,0.13138297872340426,298
L49760,L,26.150000000000034,35.950000000000045,1293,53.7,189,0,0,0,0,0,0,0,8505,0.28263157894736846,163
L49761,L,26.05000000000001,35.950000000000045,1345,60.7,191,1,0,0,0,1,0,6,8595,0.31614583333333335,13
L49762,L,26.05000000000001,35.85000000000002,1615,33.7,193,0,0,0,0,0,0,1,8685,0.1737113402061856,297
L49763,L,26.05000000000001,35.75,1342,50.8,195,0,0,0,0,0,0,1,8775,0.25918367346938775,241
L49764,L,25.950000000000045,35.650000000000034,1502,46.7,197,0,0,0,0,0,0,1,8865,0.23585858585858588,234
M17445,M,25.850000000000023,35.55000000000001,1620,35.4,199,0,0,0,0,0,0,0,8955,0.177,236
L49766,L,25.850000000000023,35.55000000000001,1537,42.8,202,0,0,0,0,0,0,0,9090,0.2108374384236453,288
L49767,L,25.850000000000023,35.55000000000001,2248,16.8,204,0,0,0,0,0,0,0,9180,0.08195121951219513,269
L49768,L,25.850000000000023,35.55000000000001,1706,28.6,206,0,0,0,0,0,0,1,9270,0.1381642512077295,343
L49769,L,25.850000000000023,35.55000000000001,2250,16.6,208,0,0,0,0,0,0,0,9360,0.07942583732057416,233
L49770,L,25.850000000000023,35.55000000000001,1396,48.6,0,0,0,0,0,0,0,0,0,48.6,173
L49771,L,25.75,35.450000000000045,1522,46.4,2,0,0,0,0,0,0,1,90,15.466666666666667,268
L49772,L,25.75,35.450000000000045,1539,45.4,4,0,0,0,0,0,0,0,180,9.08,238
H32007,H,25.75,35.35000000000002,1415,54.0,6,0,0,0,0,0,0,1,270,7.714285714285714,186
L49774,L,25.650000000000034,35.35000000000002,1446,37.0,11,0,0,0,0,0,0,1,495,3.0833333333333335,235
M17455,M,25.650000000000034,35.450000000000045,1486,41.1,13,0,0,0,0,0,0,1,585,2.935714285714286,276
L49776,L,25.850000000000023,35.55000000000001,1426,38.6,16,0,0,0,0,0,0,0,720,2.2705882352941176,301
L49777,L,25.850000000000023,35.55000000000001,1449,38.9,18,0,0,0,0,0,0,0,810,2.0473684210526315,164
L49778,L,25.950000000000045,35.650000000000034,1320,67.5,20,1,0,0,1,0,0,3,900,3.2142857142857144,51
M17459,M,26.05000000000001,35.75,1447,39.6,22,0,0,0,0,0,0,1,990,1.7217391304347827,244
L49780,L,26.150000000000034,35.85000000000002,1422,47.3,25,0,0,0,0,0,0,1,1125,1.8192307692307692,341
L49781,L,26.150000000000034,35.950000000000045,1399,52.1,27,0,0,0,0,0,0,1,1215,1.8607142857142858,180
L49782,L,26.25,36.05000000000001,1427,41.5,29,0,0,0,0,0,0,0,1305,1.3833333333333333,330
M17463,M,26.150000000000034,36.05000000000001,1334,46.3,31,0,0,0,0,0,0,0,1395,1.446875,243
M17464,M,26.150000000000034,35.950000000000045,1385,45.6,34,0,0,0,0,0,0,0,1530,1.302857142857143,233
L49785,L,26.25,36.05000000000001,1552,37.4,37,0,0,0,0,0,0,0,1665,0.9842105263157894,221
H32020,H,26.25,36.150000000000034,1534,37.5,39,0,0,0,0,0,0,0,1755,0.9375,193
L49787,L,26.25,36.150000000000034,1448,48.6,44,0,0,0,0,0,0,1,1980,1.08,179
L49788,L,26.350000000000023,36.150000000000034,1409,44.7,46,0,0,0,0,0,0,0,2070,0.9510638297872341,184
L49789,L,26.25,36.05000000000001,1621,34.5,48,0,0,0,0,0,0,1,2160,0.7040816326530612,170
H32024,H,26.25,35.950000000000045,1547,40.9,50,0,0,0,0,0,0,1,2250,0.8019607843137254,260
L49791,L,26.25,35.950000000000045,1957,22.1,55,0,0,0,0,0,0,0,2475,0.3946428571428572,212
L49792,L,26.25,35.950000000000045,2421,14.2,57,0,0,0,0,0,0,1,2565,0.24482758620689654,241
M17473,M,26.150000000000034,35.950000000000045,1571,38.3,59,0,0,0,0,0,0,0,2655,0.6383333333333333,294
L49794,L,26.150000000000034,35.950000000000045,1634,36.8,62,0,0,0,0,0,0,0,2790,0.584126984126984,161
L49795,L,26.150000000000034,35.85000000000002,1516,38.7,64,0,0,0,0,0,0,1,2880,0.5953846153846154,295
L49796,L,26.25,35.950000000000045,1207,66.5,66,0,0,0,0,0,0,0,2970,0.9925373134328358,241
L49797,L,26.25,35.950000000000045,1670,35.9,68,0,0,0,0,0,0,0,3060,0.5202898550724637,209
M17478,M,26.25,35.950000000000045,1461,48.6,70,0,0,0,0,0,0,1,3150,0.6845070422535211,216
L49799,L,26.25,36.05000000000001,1569,40.8,73,0,0,0,0,0,0,1,3285,0.5513513513513513,264
L49800,L,26.25,36.05000000000001,1556,35.7,75,0,0,0,0,0,0,1,3375,0.4697368421052632,164
M17481,M,26.350000000000023,36.150000000000034,1506,41.5,77,0,0,0,0,0,0,1,3465,0.532051282051282,165
M17482,M,26.450000000000045,36.25,1642,30.3,80,0,0,0,0,0,0,1,3600,0.37407407407407406,171
M17483,M,26.450000000000045,36.25,1283,62.1,83,0,0,0,0,0,0,1,3735,0.7392857142857143,267
H32038,H,26.55000000000001,36.35000000000002,1375,46.8,86,0,0,0,0,0,0,0,3870,0.5379310344827586,262
L49805,L,26.55000000000001,36.25,1399,39.9,91,0,0,0,0,0,0,0,4095,0.43369565217391304,244
L49806,L,26.55000000000001,36.25,1650,29.8,93,0,0,0,0,0,0,0,4185,0.3170212765957447,340
M17487,M,26.650000000000034,36.450000000000045,1346,53.2,95,0,0,0,0,0,0,1,4275,0.5541666666666667,308
H32042,H,26.75,36.450000000000045,1410,51.2,98,0,0,0,0,0,0,0,4410,0.5171717171717172,150
L49809,L,26.850000000000023,36.55000000000001,1586,37.8,103,0,0,0,0,0,0,1,4635,0.36346153846153845,224
L49810,L,26.850000000000023,36.650000000000034,1372,39.6,105,0,0,0,0,0,0,0,4725,0.3735849056603774,155
H32045,H,26.850000000000023,36.55000000000001,1529,42.4,107,0,0,0,0,0,0,1,4815,0.3925925925925926,236
M17492,M,26.850000000000023,36.55000000000001,1652,28.6,112,0,0,0,0,0,0,0,5040,0.2530973451327434,286
L49813,L,26.950000000000045,36.650000000000034,1532,39.8,115,0,0,0,0,0,0,1,5175,0.34310344827586203,329
L49814,L,26.850000000000023,36.55000000000001,1554,32.0,117,0,0,0,0,0,0,1,5265,0.2711864406779661,357
H32049,H,26.75,36.450000000000045,1462,51.0,119,0,0,0,0,0,0,1,5355,0.425,211
L49816,L,26.75,36.450000000000045,1254,61.3,124,0,0,0,0,0,0,1,5580,0.4904,207
L49817,L,26.75,36.450000000000045,1294,49.7,126,0,0,0,0,0,0,0,5670,0.39133858267716537,257
L49818,L,26.650000000000034,36.35000000000002,1739,27.5,128,0,0,0,0,0,0,0,5760,0.2131782945736434,168
M17499,M,26.650000000000034,36.25,1412,47.8,130,0,0,0,0,0,0,1,5850,0.3648854961832061,258
M17500,M,26.75,36.35000000000002,1372,56.2,133,0,0,0,0,0,0,1,5985,0.41940298507462687,290
H32055,H,26.650000000000034,36.35000000000002,1420,46.7,136,0,0,0,0,0,0,1,6120,0.34087591240875914,272
L49822,L,26.650000000000034,36.35000000000002,1542,40.3,141,0,0,0,0,0,0,0,6345,0.2838028169014084,309
M17503,M,26.650000000000034,36.25,1401,48.1,143,0,0,0,0,0,0,1,6435,0.3340277777777778,249
L49824,L,26.650000000000034,36.25,1510,42.5,146,0,0,0,0,0,0,1,6570,0.2891156462585034,158
H32059,H,26.75,36.35000000000002,1547,38.5,148,0,0,0,0,0,0,0,6660,0.25838926174496646,198
M17506,M,26.650000000000034,36.35000000000002,1453,43.2,153,0,0,0,0,0,0,1,6885,0.28051948051948056,314
L49827,L,26.650000000000034,36.25,1408,45.6,156,0,0,0,0,0,0,1,7020,0.29044585987261146,180
L49828,L,26.650000000000034,36.25,1436,51.6,158,0,0,0,0,0,0,0,7110,0.32452830188679244,308
M17509,M,26.75,36.35000000000002,1582,38.2,160,0,0,0,0,0,0,1,7200,0.23726708074534164,208
L49830,L,26.75,36.450000000000045,1280,59.3,163,0,0,0,0,0,0,1,7335,0.3615853658536585,332
L49831,L,26.75,36.35000000000002,2008,20.4,165,0,0,0,0,0,0,0,7425,0.12289156626506023,296
L49832,L,26.75,36.35000000000002,1772,23.5,167,0,0,0,0,0,0,1,7515,0.13988095238095238,340
L49833,L,26.75,36.35000000000002,1779,26.1,169,0,0,0,0,0,0,0,7605,0.1535294117647059,279
L49834,L,26.75,36.35000000000002,1567,35.5,171,0,0,0,0,0,0,1,7695,0.2063953488372093,194
M17515,M,26.650000000000034,36.25,1751,27.0,173,0,0,0,0,0,0,1,7785,0.15517241379310345,245
L49836,L,26.75,36.35000000000002,1349,51.3,176,0,0,0,0,0,0,1,7920,0.28983050847457625,192
M17517,M,26.850000000000023,36.35000000000002,1425,40.8,178,0,0,0,0,0,0,1,8010,0.22793296089385473,247
L49838,L,26.850000000000023,36.25,1395,44.5,181,0,0,0,0,0,0,1,8145,0.2445054945054945,150
H32073,H,26.650000000000034,36.150000000000034,1595,32.1,183,0,0,0,0,0,0,0,8235,0.17445652173913045,362
L49840,L,26.650000000000034,36.150000000000034,1291,56.4,188,0,0,0,0,0,0,1,8460,0.2984126984126984,338
M17521,M,26.75,36.25,1509,42.8,190,0,0,0,0,0,0,1,8550,0.22408376963350785,280
M17522,M,26.75,36.25,1483,38.1,193,0,0,0,0,0,0,0,8685,0.19639175257731958,240
L49843,L,26.75,36.150000000000034,1620,31.1,196,0,0,0,0,0,0,0,8820,0.15786802030456853,193
M17524,M,26.75,36.25,1487,42.2,198,0,0,0,0,0,0,1,8910,0.2120603015075377,284
L49845,L,26.650000000000034,36.25,2256,15.9,201,0,0,0,0,0,0,0,9045,0.07871287128712871,182
H32080,H,26.55000000000001,36.05000000000001,1691,27.7,203,0,0,0,0,0,0,1,9135,0.13578431372549019,286
M17527,M,26.650000000000034,36.150000000000034,1663,35.2,208,0,0,0,0,0,0,0,9360,0.16842105263157897,179
M17528,M,26.650000000000034,36.150000000000034,1640,31.1,211,0,0,0,0,0,0,0,9495,0.14669811320754716,295
H32083,H,26.55000000000001,36.150000000000034,1494,37.8,214,0,0,0,0,0,0,1,9630,0.1758139534883721,205
L49850,L,26.650000000000034,36.25,1467,46.2,219,0,0,0,0,0,0,0,9855,0.21000000000000002,361
M17531,M,26.55000000000001,36.150000000000034,1399,41.9,221,1,1,0,0,0,0,4,9945,0.18873873873873873,51
L49852,L,26.55000000000001,36.150000000000034,1445,42.6,0,0,0,0,0,0,0,0,0,42.6,180
L49853,L,26.650000000000034,36.25,1480,40.9,2,0,0,0,0,0,0,0,90,13.633333333333333,349
L49854,L,26.55000000000001,36.150000000000034,1546,37.2,4,0,0,0,0,0,0,0,180,7.44,340
L49855,L,26.55000000000001,36.150000000000034,1574,35.8,6,0,0,0,0,0,0,1,270,5.114285714285714,364
L49856,L,26.55000000000001,36.150000000000034,1592,34.2,8,0,0,0,0,0,0,1,360,3.8000000000000003,327
L49857,L,26.650000000000034,36.35000000000002,1495,39.6,10,0,0,0,0,0,0,0,450,3.6,238
L49858,L,26.650000000000034,36.450000000000045,1447,43.1,12,0,0,0,0,0,0,1,540,3.3153846153846156,150
L49859,L,26.650000000000034,36.35000000000002,1476,44.4,14,0,0,0,0,0,0,1,630,2.96,259
L49860,L,26.650000000000034,36.35000000000002,1641,27.1,16,0,0,0,0,0,0,1,720,1.5941176470588236,231
L49861,L,26.650000000000034,36.35000000000002,1545,32.2,18,0,0,0,0,0,0,0,810,1.6947368421052633,168
M17542,M,26.75,36.450000000000045,1364,44.4,20,0,0,0,0,0,0,1,900,2.1142857142857143,264
L49863,L,26.650000000000034,36.35000000000002,1590,28.5,23,0,0,0,0,0,0,0,1035,1.1875,275
L49864,L,26.650000000000034,36.25,1460,37.4,25,0,0,0,0,0,0,0,1125,1.4384615384615385,213
L49865,L,26.650000000000034,36.25,1609,32.5,27,0,0,0,0,0,0,0,1215,1.1607142857142858,202
L49866,L,26.650000000000034,36.25,1633,27.5,29,0,0,0,0,0,0,0,1305,0.9166666666666666,155
L49867,L,26.75,36.25,1348,52.8,31,0,0,0,0,0,0,0,1395,1.65,166
L49868,L,26.75,36.25,1322,53.9,33,0,0,0,0,0,0,1,1485,1.5852941176470587,195
L49869,L,26.850000000000023,36.35000000000002,1641,30.1,35,0,0,0,0,0,0,1,1575,0.8361111111111111,349
L49870,L,26.850000000000023,36.35000000000002,1728,26.0,37,0,0,0,0,0,0,0,1665,0.6842105263157895,267
L49871,L,26.850000000000023,36.450000000000045,1431,47.7,39,0,0,0,0,0,0,1,1755,1.1925000000000001,222
L49872,L,26.950000000000045,36.55000000000001,1641,30.4,41,0,0,0,0,0,0,1,1845,0.7238095238095238,250
M17553,M,26.950000000000045,36.450000000000045,1622,36.1,43,0,0,0,0,0,0,1,1935,0.8204545454545454,332
M17554,M,26.950000000000045,36.450000000000045,1625,38.0,46,0,0,0,0,0,0,1,2070,0.8085106382978723,240
L49875,L,26.850000000000023,36.35000000000002,1869,22.7,49,0,0,0,0,0,0,1,2205,0.45399999999999996,155
L49876,L,26.850000000000023,36.450000000000045,1452,46.0,51,0,0,0,0,0,0,1,2295,0.8846153846153846,347
L49877,L,26.850000000000023,36.450000000000045,1618,28.7,53,0,0,0,0,0,0,1,2385,0.5314814814814814,258
L49878,L,26.850000000000023,36.25,2010,20.0,55,0,0,0,0,0,0,0,2475,0.35714285714285715,345
L49879,L,26.75,36.25,1363,60.9,57,0,0,0,0,0,0,0,2565,1.05,363
L49880,L,26.75,36.150000000000034,1473,40.4,59,0,0,0,0,0,0,0,2655,0.6733333333333333,189
L49881,L,26.75,36.05000000000001,1333,50.8,61,0,0,0,0,0,0,1,2745,0.8193548387096774,240
L49882,L,26.650000000000034,36.05000000000001,1760,25.9,63,0,0,0,0,0,0,1,2835,0.4046875,215
M17563,M,26.650000000000034,36.05000000000001,1372,58.2,65,0,0,0,0,0,0,0,2925,0.8818181818181818,286
M17564,M,26.55000000000001,36.05000000000001,1608,34.4,68,0,0,0,0,0,0,1,3060,0.49855072463768113,160
L49885,L,26.55000000000001,36.05000000000001,1326,64.8,71,0,0,0,0,0,0,1,3195,0.8999999999999999,297
M17566,M,26.450000000000045,35.950000000000045,1560,37.1,73,0,0,0,0,0,0,0,3285,0.5013513513513513,265
M17567,M,26.450000000000045,35.85000000000002,1539,36.1,76,0,0,0,0,0,0,0,3420,0.4688311688311689,192
L49888,L,26.450000000000045,35.950000000000045,2266,15.3,79,0,0,0,0,0,0,0,3555,0.19125,207
L49889,L,26.450000000000045,35.950000000000045,1641,35.8,81,0,0,0,0,0,0,1,3645,0.4365853658536585,355
L49890,L,26.450000000000045,35.950000000000045,1574,39.2,83,0,0,0,0,0,0,1,3735,0.4666666666666667,303
L49891,L,26.450000000000045,35.950000000000045,1407,50.6,85,0,0,0,0,0,0,1,3825,0.5883720930232559,187
H32126,H,26.55000000000001,36.05000000000001,1302,55.5,87,0,0,0,0,0,0,0,3915,0.6306818181818182,243
M17573,M,26.450000000000045,36.05000000000001,1651,30.8,92,0,0,0,0,0,0,0,4140,0.3311827956989247,185
M17574,M,26.450000000000045,35.950000000000045,1366,55.2,95,0,0,0,0,0,0,1,4275,0.5750000000000001,332
M17575,M,26.350000000000023,35.85000000000002,1701,28.6,98,0,0,0,0,0,0,0,4410,0.2888888888888889,155
L49896,L,26.350000000000023,35.85000000000002,1498,44.6,101,0,0,0,0,0,0,0,4545,0.4372549019607843,280
M17577,M,26.350000000000023,35.950000000000045,1422,45.3,103,0,0,0,0,0,0,1,4635,0.43557692307692303,214
L49898,L,26.350000000000023,35.950000000000045,1357,47.3,106,0,0,0,0,0,0,0,4770,0.4420560747663551,273
L49899,L,26.350000000000023,36.05000000000001,1690,29.2,108,0,0,0,0,0,0,0,4860,0.26788990825688075,341
L49900,L,26.450000000000045,36.05000000000001,1559,39.1,110,0,0,0,0,0,0,0,4950,0.35225225225225226,335
M17581,M,26.450000000000045,36.150000000000034,1553,32.4,112,0,0,0,0,0,0,1,5040,0.2867256637168141,266
L49902,L,26.450000000000045,36.150000000000034,1558,34.8,115,0,0,0,0,0,0,1,5175,0.3,335
L49903,L,26.55000000000001,36.25,1362,51.9,117,0,0,0,0,0,0,0,5265,0.4398305084745763,167
M17584,M,26.650000000000034,36.150000000000034,1470,42.7,119,0,0,0,0,0,0,1,5355,0.35583333333333333,300
L49905,L,26.650000000000034,36.25,1555,34.8,122,0,0,0,0,0,0,1,5490,0.28292682926829266,245
M17586,M,26.650000000000034,36.25,1423,42.9,124,0,0,0,0,0,0,1,5580,0.3432,306
L49907,L,26.55000000000001,36.150000000000034,1434,38.5,127,0,0,0,0,0,0,0,5715,0.30078125,300
L49908,L,26.55000000000001,36.150000000000034,1779,25.5,129,0,0,0,0,0,0,1,5805,0.19615384615384615,277
L49909,L,26.55000000000001,36.150000000000034,1417,54.6,131,0,0,0,0,0,0,0,5895,0.41363636363636364,185
L49910,L,26.450000000000045,36.05000000000001,1425,45.9,133,0,0,0,0,0,0,0,5985,0.34253731343283583,219
M17591,M,26.55000000000001,36.05000000000001,1597,32.9,135,0,0,0,0,0,0,1,6075,0.24191176470588235,358
L49912,L,26.55000000000001,36.05000000000001,1346,57.4,138,0,0,0,0,0,0,0,6210,0.41294964028776976,359
L49913,L,26.55000000000001,36.05000000000001,1422,40.4,140,0,0,0,0,0,0,1,6300,0.28652482269503543,244
H32148,H,26.55000000000001,36.05000000000001,1572,32.8,142,0,0,0,0,0,0,1,6390,0.22937062937062935,283
L49915,L,26.55000000000001,36.05000000000001,1412,45.4,147,0,0,0,0,0,0,0,6615,0.30675675675675673,311
M17596,M,26.55000000000001,35.950000000000045,1576,36.4,149,0,0,0,0,0,0,0,6705,0.24266666666666667,193
M17597,M,26.55000000000001,35.950000000000045,1508,41.2,152,0,0,0,0,0,0,1,6840,0.26928104575163403,193
M17598,M,26.650000000000034,35.950000000000045,1496,44.4,155,0,0,0,0,0,0,1,6975,0.2846153846153846,176
L49919,L,26.650000000000034,36.05000000000001,1572,35.4,158,0,0,0,0,0,0,1,7110,0.22264150943396224,249
L49920,L,26.450000000000045,35.85000000000002,1525,42.8,160,0,0,0,0,0,0,1,7200,0.26583850931677017,201
L49921,L,26.450000000000045,35.85000000000002,1378,51.9,162,0,0,0,0,0,0,0,7290,0.3184049079754601,319
L49922,L,26.450000000000045,35.950000000000045,1369,51.4,164,0,0,0,0,0,0,0,7380,0.3115151515151515,174
L49923,L,26.450000000000045,35.950000000000045,1476,45.3,166,0,0,0,0,0,0,0,7470,0.2712574850299401,223
L49924,L,26.55000000000001,36.05000000000001,1620,30.0,168,0,0,0,0,0,0,1,7560,0.17751479289940827,188
M17605,M,26.55000000000001,35.950000000000045,1603,38.5,170,0,0,0,0,0,0,0,7650,0.22514619883040934,316
L49926,L,26.55000000000001,36.05000000000001,1411,46.1,173,0,0,0,0,0,0,0,7785,0.2649425287356322,289
L49927,L,26.55000000000001,36.05000000000001,1616,31.6,175,0,0,0,0,0,0,0,7875,0.17954545454545456,288
L49928,L,26.55000000000001,36.05000000000001,1631,35.1,177,0,0,0,0,0,0,0,7965,0.19719101123595506,262
M17609,M,26.55000000000001,36.05000000000001,1685,28.9,179,1,0,0,0,0,0,4,8055,0.16055555555555553,14
H32164,H,26.55000000000001,36.05000000000001,1456,40.6,182,0,0,0,0,0,0,0,8190,0.22185792349726777,264
L49931,L,26.55000000000001,35.950000000000045,1417,50.1,187,0,0,0,0,0,0,0,8415,0.26648936170212767,171
M17612,M,26.55000000000001,35.950000000000045,1851,24.7,189,0,0,0,0,0,0,0,8505,0.13,153
L49933,L,26.55000000000001,35.950000000000045,1715,27.8,192,0,0,0,0,0,0,0,8640,0.14404145077720207,285
H32168,H,26.450000000000045,35.950000000000045,1630,32.3,194,0,0,0,0,0,0,1,8730,0.16564102564102562,163
L49935,L,26.55000000000001,36.05000000000001,1478,38.8,199,0,0,0,0,0,0,1,8955,0.19399999999999998,361
L49936,L,26.55000000000001,36.05000000000001,1781,29.6,201,0,0,0,0,0,0,0,9045,0.14653465346534655,163
L49937,L,26.650000000000034,36.05000000000001,1439,36.1,203,0,0,0,0,0,0,1,9135,0.1769607843137255,165
M17618,M,26.55000000000001,36.05000000000001,1412,45.3,205,0,0,0,0,0,0,1,9225,0.21990291262135922,309
L49939,L,26.55000000000001,35.950000000000045,1483,41.1,208,0,0,0,0,0,0,1,9360,0.1966507177033493,213
L49940,L,26.650000000000034,36.05000000000001,1400,42.6,210,0,0,0,0,0,0,1,9450,0.2018957345971564,353
L49941,L,26.650000000000034,36.150000000000034,1299,65.1,212,1,0,0,0,1,0,2,9540,0.3056338028169014,51
L49942,L,26.650000000000034,36.05000000000001,1479,44.4,214,0,0,0,0,0,0,1,9630,0.20651162790697675,201
L49943,L,26.650000000000034,36.05000000000001,1491,47.5,216,0,0,0,0,0,0,1,9720,0.21889400921658986,168
M17624,M,26.75,36.150000000000034,1389,52.8,0,0,0,0,0,0,0,0,0,52.8,218
M17625,M,26.75,36.25,1399,54.8,3,0,0,0,0,0,0,0,135,13.7,289
M17626,M,26.75,36.25,1889,26.0,6,0,0,0,0,0,0,0,270,3.7142857142857144,242
L49947,L,26.850000000000023,36.35000000000002,1925,21.9,9,0,0,0,0,0,0,0,405,2.19,154
L49948,L,26.850000000000023,36.35000000000002,1675,30.2,11,0,0,0,0,0,0,1,495,2.5166666666666666,191
M17629,M,26.850000000000023,36.450000000000045,1477,38.1,13,0,0,0,0,0,0,0,585,2.7214285714285715,166
L49950,L,26.850000000000023,36.450000000000045,1364,45.9,16,0,0,0,0,0,0,1,720,2.6999999999999997,260
L49951,L,26.75,36.35000000000002,1451,39.4,18,0,0,0,0,0,0,1,810,2.0736842105263156,221
L49952,L,26.75,36.25,1467,41.2,20,0,0,0,0,0,0,0,900,1.961904761904762,253
L49953,L,26.75,36.25,1858,22.5,22,0,0,0,0,0,0,0,990,0.9782608695652174,243
L49954,L,26.950000000000045,36.25,1559,39.7,24,0,0,0,0,0,0,1,1080,1.588,159
L49955,L,26.950000000000045,36.25,1560,47.7,26,0,0,0,0,0,0,1,1170,1.7666666666666668,361
L49956,L,26.950000000000045,36.25,1453,47.6,28,0,0,0,0,0,0,0,1260,1.6413793103448275,165
L49957,L,26.950000000000045,36.25,1464,41.7,30,0,0,0,0,0,0,0,1350,1.3451612903225807,293
L49958,L,26.850000000000023,36.25,1308,50.2,32,0,0,0,0,0,0,0,1440,1.5212121212121212,191
L49959,L,26.950000000000045,36.35000000000002,1353,50.9,34,0,0,0,0,0,0,1,1530,1.4542857142857142,152
M17640,M,27.05000000000001,36.450000000000045,1556,35.8,36,0,0,0,0,0,0,1,1620,0.9675675675675675,300
L49961,L,27.05000000000001,36.35000000000002,2183,17.8,39,0,0,0,0,0,0,0,1755,0.445,363
M17642,M,27.05000000000001,36.450000000000045,1491,41.8,41,0,0,0,0,0,0,1,1845,0.9952380952380951,270
M17643,M,27.05000000000001,36.450000000000045,1528,35.1,44,0,0,0,0,0,0,0,1980,0.78,305
L49964,L,27.05000000000001,36.450000000000045,1430,52.7,47,0,0,0,0,0,0,1,2115,1.0979166666666667,322
L49965,L,27.05000000000001,36.35000000000002,1495,32.6,49,0,0,0,0,0,0,1,2205,0.652,345
M17646,M,27.05000000000001,36.35000000000002,1630,28.3,51,0,0,0,0,0,0,0,2295,0.5442307692307693,173
M17647,M,27.150000000000034,36.450000000000045,1524,38.4,54,0,0,0,0,0,0,0,2430,0.6981818181818181,168
L49968,L,27.150000000000034,36.450000000000045,1326,52.4,57,0,0,0,0,0,0,0,2565,0.903448275862069,224
H32203,H,27.150000000000034,36.35000000000002,1438,44.0,59,0,0,0,0,0,0,1,2655,0.7333333333333333,189
L49970,L,27.25,36.450000000000045,1356,45.9,64,0,0,0,0,0,0,1,2880,0.7061538461538461,195
H32205,H,27.25,36.450000000000045,1416,43.3,66,0,0,0,0,0,0,0,2970,0.6462686567164179,189
L49972,L,27.25,36.55000000000001,1584,32.6,71,0,0,0,0,0,0,1,3195,0.4527777777777778,211
L49973,L,27.150000000000034,36.450000000000045,1597,31.8,73,0,0,0,0,0,0,0,3285,0.4297297297297297,167
L49974,L,27.25,36.450000000000045,1553,43.9,75,0,0,0,0,0,0,1,3375,0.5776315789473684,289
M17655,M,27.150000000000034,36.35000000000002,1405,49.4,77,0,0,0,0,0,0,0,3465,0.6333333333333333,291
L49976,L,27.05000000000001,36.35000000000002,1539,35.3,80,0,0,0,0,0,0,1,3600,0.43580246913580245,231
M17657,M,27.150000000000034,36.450000000000045,1398,53.7,82,0,0,0,0,0,0,1,3690,0.6469879518072289,338
L49978,L,27.150000000000034,36.450000000000045,1568,39.6,85,0,0,0,0,0,0,1,3825,0.4604651162790698,257
L49979,L,27.150000000000034,36.450000000000045,1404,44.6,87,0,0,0,0,0,0,1,3915,0.5068181818181818,161
M17660,M,27.05000000000001,36.35000000000002,1500,45.7,89,0,0,0,0,0,0,0,4005,0.5077777777777778,253
M17661,M,27.05000000000001,36.35000000000002,1642,28.8,92,0,0,0,0,0,0,1,4140,0.3096774193548387,304
M17662,M,27.150000000000034,36.450000000000045,1509,46.6,95,0,0,0,0,0,0,0,4275,0.48541666666666666,283
L49983,L,27.05000000000001,36.35000000000002,1343,50.2,98,0,0,0,0,0,0,0,4410,0.5070707070707071,237
L49984,L,26.950000000000045,36.35000000000002,1450,40.1,100,0,0,0,0,0,0,0,4500,0.39702970297029705,264
L49985,L,26.850000000000023,36.25,1460,43.5,102,0,0,0,0,0,0,0,4590,0.4223300970873786,182
L49986,L,26.850000000000023,36.150000000000034,1364,41.2,104,0,0,0,0,0,0,1,4680,0.3923809523809524,267
M17667,M,26.75,36.150000000000034,1452,41.9,106,0,0,0,0,0,0,0,4770,0.39158878504672895,229
L49988,L,26.75,36.150000000000034,1471,41.8,109,0,0,0,0,0,0,1,4905,0.37999999999999995,327
L49989,L,26.75,36.05000000000001,1598,34.6,111,0,0,0,0,0,0,1,4995,0.30892857142857144,161
L49990,L,26.650000000000034,35.950000000000045,1772,24.8,113,0,0,0,0,0,0,1,5085,0.21754385964912282,244
L49991,L,26.75,36.05000000000001,1761,25.6,115,0,0,0,0,0,0,1,5175,0.22068965517241382,334
M17672,M,26.850000000000023,36.150000000000034,1413,40.7,117,0,0,0,0,0,0,0,5265,0.34491525423728814,202
L49993,L,26.850000000000023,36.150000000000034,1887,22.6,120,0,0,0,0,0,0,1,5400,0.18677685950413225,162
L49994,L,26.850000000000023,36.150000000000034,1395,56.5,122,0,0,0,0,0,0,0,5490,0.45934959349593496,271
M17675,M,26.950000000000045,36.25,1569,31.6,124,0,0,0,0,0,0,1,5580,0.2528,349
L49996,L,26.950000000000045,36.25,1434,47.3,127,0,0,0,0,0,0,1,5715,0.36953125,251
L49997,L,27.05000000000001,36.35000000000002,1417,41.1,129,0,0,0,0,0,0,0,5805,0.3161538461538462,280
L49998,L,27.05000000000001,36.35000000000002,1729,28.4,131,0,0,0,0,0,0,1,5895,0.21515151515151515,341
L49999,L,27.05000000000001,36.35000000000002,1356,51.1,133,0,0,0,0,0,0,1,5985,0.3813432835820896,361
L50000,L,27.05000000000001,36.35000000000002,1436,48.8,135,0,0,0,0,0,0,1,6075,0.3588235294117647,207
M17681,M,27.150000000000034,36.450000000000045,1419,42.5,137,0,0,0,0,0,0,1,6165,0.3079710144927536,153
L50002,L,27.150000000000034,36.450000000000045,1593,38.1,140,0,0,0,0,0,0,1,6300,0.2702127659574468,322
M17683,M,27.150000000000034,36.35000000000002,1320,62.2,142,0,0,0,0,0,0,0,6390,0.43496503496503497,215
M17684,M,27.150000000000034,36.35000000000002,1448,42.4,145,0,0,0,0,0,0,1,6525,0.29041095890410956,264
L50005,L,27.150000000000034,36.25,1470,33.5,148,0,0,0,0,0,0,1,6660,0.22483221476510068,185
M17686,M,27.150000000000034,36.25,1612,33.1,150,0,0,0,0,0,0,0,6750,0.21920529801324504,172
L50007,L,27.25,36.25,1412,51.6,153,0,0,0,0,0,0,1,6885,0.33506493506493507,168
M17688,M,27.25,36.25,1875,23.9,155,0,0,0,0,0,0,0,6975,0.1532051282051282,189
L50009,L,27.150000000000034,36.150000000000034,1612,36.0,158,0,0,0,0,0,0,1,7110,0.22641509433962265,221
M17690,M,27.25,36.150000000000034,1411,41.6,160,0,0,0,0,0,0,1,7200,0.25838509316770186,293
M17691,M,27.150000000000034,36.05000000000001,1490,47.9,163,0,0,0,0,0,0,0,7335,0.2920731707317073,207
M17692,M,27.25,36.150000000000034,1467,40.3,166,0,0,0,0,0,0,1,7470,0.24131736526946107,256
L50013,L,27.150000000000034,36.05000000000001,1807,26.4,169,0,0,0,0,0,0,1,7605,0.1552941176470588,167
L50014,L,27.150000000000034,35.950000000000045,1368,46.0,171,0,0,0,0,0,0,0,7695,0.26744186046511625,185
L50015,L,27.150000000000034,36.05000000000001,1572,32.0,173,0,0,0,0,0,0,0,7785,0.1839080459770115,301
M17696,M,27.150000000000034,35.950000000000045,1458,44.3,175,0,0,0,0,0,0,1,7875,0.25170454545454546,278
L50017,L,27.150000000000034,35.950000000000045,1699,30.3,178,0,0,0,0,0,0,0,8010,0.1692737430167598,150
L50018,L,27.150000000000034,36.150000000000034,1478,39.5,180,0,0,0,0,0,0,1,8100,0.21823204419889503,213
M17699,M,27.25,36.25,1362,42.1,182,0,0,0,0,0,0,0,8190,0.23005464480874319,211
H32254,H,27.25,36.25,1487,38.9,185,0,0,0,0,0,0,1,8325,0.20913978494623656,259
L50021,L,27.150000000000034,36.25,1705,29.4,190,0,0,0,0,0,0,0,8550,0.1539267015706806,313
L50022,L,27.150000000000034,36.150000000000034,1345,53.5,192,0,0,0,0,0,0,0,8640,0.2772020725388601,224
L50023,L,27.150000000000034,36.05000000000001,1532,40.2,194,0,0,0,0,0,0,0,8730,0.20615384615384616,295
L50024,L,27.150000000000034,36.05000000000001,1650,35.2,196,0,0,0,0,0,0,0,8820,0.1786802030456853,165
L50025,L,27.150000000000034,36.05000000000001,1398,54.4,198,0,0,0,0,0,0,0,8910,0.2733668341708543,166
L50026,L,27.150000000000034,36.05000000000001,1412,44.8,200,0,0,0,0,0,0,0,9000,0.22288557213930346,173
L50027,L,27.25,36.150000000000034,1525,39.6,202,0,0,0,0,0,0,0,9090,0.19507389162561578,247
M17708,M,27.150000000000034,36.150000000000034,1391,57.9,204,0,0,0,0,0,0,0,9180,0.2824390243902439,345
L50029,L,27.25,36.150000000000034,1766,28.2,207,0,0,0,0,0,0,0,9315,0.13557692307692307,356
L50030,L,27.25,36.150000000000034,1671,35.0,209,0,0,0,0,0,0,1,9405,0.16666666666666666,279
L50031,L,27.350000000000023,36.150000000000034,1373,48.8,211,0,0,0,0,0,0,0,9495,0.230188679245283,350
M17712,M,27.350000000000023,36.25,1347,50.1,213,0,0,0,0,0,0,1,9585,0.23411214953271028,287
M17713,M,27.350000000000023,36.150000000000034,1539,39.1,216,0,0,0,0,0,0,0,9720,0.18018433179723503,330
L50034,L,27.350000000000023,36.150000000000034,1470,40.8,219,0,0,0,0,0,0,1,9855,0.18545454545454546,328
L50035,L,27.350000000000023,36.150000000000034,1528,37.0,221,0,0,0,0,0,0,1,9945,0.16666666666666666,346
H32270,H,27.350000000000023,36.150000000000034,1471,45.2,223,0,0,0,0,0,0,0,10035,0.2017857142857143,163
M17717,M,27.25,36.05000000000001,1528,37.2,228,0,0,0,0,0,0,0,10260,0.16244541484716157,261
L50038,L,27.350000000000023,36.150000000000034,1417,51.5,231,1,0,0,0,1,0,6,10395,0.22198275862068967,33
L50039,L,27.450000000000045,36.25,1549,43.4,233,0,0,0,0,0,0,1,10485,0.18547008547008548,231
H32274,H,27.450000000000045,36.25,1463,49.2,235,0,0,0,0,0,0,0,10575,0.20847457627118646,242
L50041,L,27.55000000000001,36.35000000000002,1479,43.6,240,0,0,0,0,0,0,0,10800,0.18091286307053941,330
L50042,L,27.450000000000045,36.35000000000002,1867,23.0,242,0,0,0,0,0,0,0,10890,0.09465020576131687,361
L50043,L,27.450000000000045,36.25,1471,44.1,244,0,0,0,0,0,0,1,10980,0.18,341
H32278,H,27.450000000000045,36.25,1380,47.6,246,1,1,0,0,0,0,5,11070,0.19271255060728745,37
H32279,H,27.55000000000001,36.55000000000001,1623,32.7,0,0,0,0,0,0,0,0,0,32.7,250
L50046,L,27.650000000000034,36.55000000000001,1997,20.7,5,0,0,0,0,0,0,0,225,3.4499999999999997,198
H32281,H,27.55000000000001,36.450000000000045,1390,48.5,7,0,0,0,0,0,0,0,315,6.0625,239
L50048,L,27.650000000000034,36.55000000000001,1418,46.6,12,0,0,0,0,0,0,0,540,3.5846153846153848,339
L50049,L,27.650000000000034,36.55000000000001,1519,35.8,14,0,0,0,0,0,0,1,630,2.3866666666666663,186
M17730,M,27.650000000000034,36.55000000000001,1519,39.7,16,0,0,0,0,0,0,1,720,2.335294117647059,326
M17731,M,27.55000000000001,36.450000000000045,1536,37.2,19,0,0,0,0,0,0,0,855,1.86,345
L50052,L,27.650000000000034,36.450000000000045,1680,28.7,22,0,0,0,0,0,0,0,990,1.2478260869565216,310
H32287,H,27.450000000000045,36.25,1555,37.9,24,0,0,0,0,0,0,1,1080,1.516,299
L50054,L,27.450000000000045,36.35000000000002,1471,49.6,29,0,0,0,0,0,0,0,1305,1.6533333333333333,219
M17735,M,27.350000000000023,36.25,1877,23.8,31,0,0,0,0,0,0,1,1395,0.74375,182
M17736,M,27.350000000000023,36.150000000000034,1578,30.5,34,0,0,0,0,0,0,0,1530,0.8714285714285714,177
M17737,M,27.350000000000023,36.25,1655,32.1,37,0,0,0,0,0,0,1,1665,0.8447368421052632,237
H32292,H,27.350000000000023,36.25,1502,34.3,40,0,0,0,0,0,0,1,1800,0.8365853658536585,153
M17739,M,27.450000000000045,36.25,1367,63.2,45,1,0,0,1,0,0,4,2025,1.373913043478261,58
L50060,L,27.55000000000001,36.35000000000002,1541,37.2,48,0,0,0,0,0,0,1,2160,0.7591836734693879,226
M17741,M,27.450000000000045,36.450000000000045,1588,37.0,50,0,0,0,0,0,0,0,2250,0.7254901960784313,259
L50062,L,27.450000000000045,36.450000000000045,1684,32.8,53,0,0,0,0,0,0,1,2385,0.6074074074074074,198
L50063,L,27.450000000000045,36.35000000000002,1437,40.0,55,0,0,0,0,0,0,0,2475,0.7142857142857143,277
L50064,L,27.450000000000045,36.450000000000045,1409,42.4,57,0,0,0,0,0,0,0,2565,0.7310344827586207,288
M17745,M,27.350000000000023,36.35000000000002,1320,49.9,59,0,0,0,0,0,0,0,2655,0.8316666666666667,184
H32300,H,27.350000000000023,36.35000000000002,1635,34.2,62,0,0,0,0,0,0,1,2790,0.5428571428571429,316
M17747,M,27.350000000000023,36.35000000000002,1691,27.6,67,0,0,0,0,0,0,0,3015,0.40588235294117647,287
M17748,M,27.450000000000045,36.450000000000045,1365,50.0,70,0,0,0,0,0,0,0,3150,0.704225352112676,223
M17749,M,27.55000000000001,36.55000000000001,1523,38.2,73,0,0,0,0,0,0,0,3285,0.5162162162162163,349
L50070,L,27.450000000000045,36.55000000000001,1593,32.4,76,0,0,0,0,0,0,1,3420,0.42077922077922075,218
L50071,L,27.450000000000045,36.450000000000045,1682,30.7,78,0,0,0,0,0,0,0,3510,0.3886075949367089,300
L50072,L,27.55000000000001,36.450000000000045,1329,54.3,80,0,0,0,0,0,0,1,3600,0.6703703703703703,183
M17753,M,27.55000000000001,36.450000000000045,1568,35.2,82,0,0,0,0,0,0,1,3690,0.4240963855421687,273
L50074,L,27.55000000000001,36.450000000000045,1733,24.8,85,0,0,0,0,0,0,1,3825,0.28837209302325584,260
M17755,M,27.55000000000001,36.450000000000045,1473,48.1,87,0,0,0,0,0,0,0,3915,0.5465909090909091,181
M17756,M,27.55000000000001,36.35000000000002,1633,31.3,90,0,0,0,0,0,0,0,4050,0.34395604395604396,165
M17757,M,27.450000000000045,36.35000000000002,1530,40.2,93,0,0,0,0,0,0,1,4185,0.4276595744680851,217
M17758,M,27.450000000000045,36.35000000000002,1550,40.2,96,0,0,0,0,0,0,0,4320,0.4144329896907217,203
L50079,L,27.450000000000045,36.25,1410,40.6,99,0,0,0,0,0,0,0,4455,0.406,273
L50080,L,27.350000000000023,36.150000000000034,1574,33.5,101,0,0,0,0,0,0,1,4545,0.3284313725490196,305
L50081,L,27.450000000000045,36.25,1425,40.3,103,0,0,0,0,0,0,1,4635,0.38749999999999996,261
M17762,M,27.450000000000045,36.25,1541,35.2,105,0,0,0,0,0,0,0,4725,0.33207547169811324,209
M17763,M,27.55000000000001,36.35000000000002,1733,26.7,108,0,0,0,0,0,0,1,4860,0.24495412844036696,227
L50084,L,27.450000000000045,36.25,2496,13.5,111,0,0,0,0,0,0,0,4995,0.12053571428571429,225
L50085,L,27.450000000000045,36.25,1552,36.4,113,0,0,0,0,0,0,1,5085,0.3192982456140351,209
L50086,L,27.450000000000045,36.150000000000034,1409,38.7,115,0,0,0,0,0,0,0,5175,0.33362068965517244,234
M17767,M,27.450000000000045,36.25,1581,35.7,117,0,0,0,0,0,0,0,5265,0.30254237288135594,261
L50088,L,27.55000000000001,36.35000000000002,1251,59.9,120,0,0,0,0,0,0,1,5400,0.49504132231404957,229
L50089,L,27.55000000000001,36.450000000000045,1500,44.1,122,0,0,0,0,0,0,0,5490,0.35853658536585364,267
L50090,L,27.450000000000045,36.35000000000002,1576,38.8,124,0,0,0,0,0,0,0,5580,0.31039999999999995,321
M17771,M,27.55000000000001,36.35000000000002,1352,44.0,126,0,0,0,0,0,0,1,5670,0.3464566929133858,151
L50092,L,27.55000000000001,36.450000000000045,1661,30.3,129,0,0,0,0,0,0,0,5805,0.23307692307692307,172
L50093,L,27.55000000000001,36.450000000000045,1541,34.6,131,0,0,0,0,0,0,0,5895,0.26212121212121214,195
H32328,H,27.450000000000045,36.450000000000045,1888,20.5,133,0,0,0,0,0,0,0,5985,0.15298507462686567,222
L50095,L,27.350000000000023,36.35000000000002,1255,62.1,138,0,0,0,0,0,0,1,6210,0.44676258992805756,203
L50096,L,27.450000000000045,36.450000000000045,1411,41.6,140,0,0,0,0,0,0,1,6300,0.29503546099290784,220
L50097,L,27.450000000000045,36.35000000000002,1516,39.0,142,0,0,0,0,0,0,1,6390,0.2727272727272727,274
M17778,M,27.450000000000045,36.35000000000002,1492,34.0,144,0,0,0,0,0,0,1,6480,0.23448275862068965,230
L50099,L,27.450000000000045,36.450000000000045,1726,30.0,147,0,0,0,0,0,0,1,6615,0.20270270270270271,158
L50100,L,27.55000000000001,36.55000000000001,1598,33.7,149,0,0,0,0,0,0,0,6705,0.22466666666666668,219
L50101,L,27.650000000000034,36.650000000000034,1657,31.1,151,0,0,0,0,0,0,0,6795,0.20460526315789473,321
L50102,L,27.650000000000034,36.55000000000001,1481,38.1,153,0,0,0,0,0,0,0,6885,0.2474025974025974,233
M17783,M,27.55000000000001,36.55000000000001,1397,51.3,155,0,0,0,0,0,0,1,6975,0.32884615384615384,223
L50104,L,27.650000000000034,36.55000000000001,1461,44.3,158,0,0,0,0,0,0,0,7110,0.27861635220125786,222
M17785,M,27.55000000000001,36.450000000000045,1388,51.1,160,0,0,0,0,0,0,1,7200,0.3173913043478261,161
L50106,L,27.55000000000001,36.55000000000001,1507,52.4,163,0,0,0,0,0,0,0,7335,0.3195121951219512,181
M17787,M,27.55000000000001,36.450000000000045,1421,49.8,165,0,0,0,0,0,0,1,7425,0.3,311
M17788,M,27.650000000000034,36.55000000000001,1258,54.9,168,0,0,0,0,0,0,0,7560,0.3248520710059172,232
M17789,M,27.650000000000034,36.55000000000001,1482,39.0,171,0,0,0,0,0,0,0,7695,0.22674418604651161,182
H32344,H,27.55000000000001,36.450000000000045,1403,51.3,174,0,0,0,0,0,0,1,7830,0.29314285714285715,213
L50111,L,27.650000000000034,36.55000000000001,1373,45.4,179,0,0,0,0,0,0,0,8055,0.25222222222222224,197
L50112,L,27.75,36.55000000000001,1460,42.1,181,0,0,0,0,0,0,0,8145,0.23131868131868133,165
M17793,M,27.650000000000034,36.55000000000001,1751,27.9,183,0,0,0,0,0,0,1,8235,0.15163043478260868,327
M17794,M,27.650000000000034,36.450000000000045,1546,42.3,186,0,0,0,0,0,0,0,8370,0.22620320855614973,263
M17795,M,27.650000000000034,36.55000000000001,1680,28.2,189,0,0,0,0,0,0,0,8505,0.14842105263157895,300
M17796,M,27.75,36.55000000000001,1394,48.8,192,0,0,0,0,0,0,1,8640,0.25284974093264245,175
L50117,L,27.55000000000001,36.450000000000045,1810,26.0,195,0,0,0,0,0,0,1,8775,0.1326530612244898,203
L50118,L,27.55000000000001,36.35000000000002,1479,34.5,197,0,0,0,0,0,0,1,8865,0.17424242424242425,321
L50119,L,27.75,36.55000000000001,1431,41.4,199,0,0,0,0,0,0,1,8955,0.207,186
L50120,L,27.75,36.55000000000001,2355,14.4,201,0,0,0,0,0,0,1,9045,0.0712871287128713,158
M17801,M,27.55000000000001,36.450000000000045,1996,19.8,203,1,1,0,0,0,0,2,9135,0.09705882352941177,23
L50122,L,27.55000000000001,36.35000000000002,1461,49.9,0,0,0,0,0,0,0,1,0,49.9,209
H32357,H,27.55000000000001,36.35000000000002,2007,19.7,2,0,0,0,0,0,0,1,90,6.566666666666666,255
L50124,L,27.55000000000001,36.450000000000045,1505,34.9,7,0,0,0,0,0,0,0,315,4.3625,275
H32359,H,27.55000000000001,36.450000000000045,1925,20.5,9,0,0,0,0,0,0,0,405,2.05,229
M17806,M,27.55000000000001,36.35000000000002,1622,30.5,14,0,0,0,0,0,0,0,630,2.033333333333333,277
L50127,L,27.55000000000001,36.35000000000002,1592,29.0,17,0,0,0,0,0,0,0,765,1.6111111111111112,279
L50128,L,27.55000000000001,36.35000000000002,1850,24.5,19,0,0,0,0,0,0,0,855,1.225,209
M17809,M,27.55000000000001,36.35000000000002,1470,48.7,21,0,0,0,0,0,0,1,945,2.213636363636364,334
M17810,M,27.55000000000001,36.35000000000002,1445,46.4,24,0,0,0,0,0,0,0,1080,1.8559999999999999,264
L50131,L,27.55000000000001,36.35000000000002,1685,31.1,27,0,0,0,0,0,0,1,1215,1.1107142857142858,192
H32366,H,27.55000000000001,36.35000000000002,1667,30.5,29,0,0,0,0,0,0,0,1305,1.0166666666666666,296
L50133,L,27.55000000000001,36.35000000000002,1578,35.4,34,0,0,0,0,0,0,1,1530,1.0114285714285713,273
H32368,H,27.450000000000045,36.25,1691,28.0,36,0,0,0,0,0,0,0,1620,0.7567567567567568,288
M17815,M,27.55000000000001,36.35000000000002,1439,43.8,41,0,0,0,0,0,0,1,1845,1.0428571428571427,355
M17816,M,27.650000000000034,36.450000000000045,1404,38.7,44,0,0,0,0,0,0,1,1980,0.8600000000000001,196
L50137,L,27.650000000000034,36.450000000000045,1498,45.8,47,0,0,0,0,0,0,1,2115,0.9541666666666666,212
M17818,M,27.650000000000034,36.35000000000002,1481,44.5,49,0,0,0,0,0,0,1,2205,0.89,284
M17819,M,27.55000000000001,36.25,1589,35.0,52,0,0,0,0,0,0,1,2340,0.660377358490566,356
L50140,L,27.55000000000001,36.35000000000002,1467,44.3,55,0,0,0,0,0,0,1,2475,0.7910714285714285,243
L50141,L,27.450000000000045,36.25,1654,32.8,57,0,0,0,0,0,0,1,2565,0.5655172413793103,272
L50142,L,27.55000000000001,36.35000000000002,1508,39.9,59,0,0,0,0,0,0,1,2655,0.6649999999999999,180
M17823,M,27.55000000000001,36.450000000000045,1439,43.0,61,0,0,0,0,0,0,1,2745,0.6935483870967742,204
L50144,L,27.55000000000001,36.35000000000002,1692,30.3,64,0,0,0,0,0,0,1,2880,0.46615384615384614,302
M17825,M,27.55000000000001,36.35000000000002,1838,24.9,66,0,0,0,0,0,0,0,2970,0.37164179104477607,349
L50146,L,27.450000000000045,36.150000000000034,1601,40.2,69,0,0,0,0,0,0,1,3105,0.5742857142857143,179
L50147,L,27.450000000000045,36.25,1369,51.6,71,0,0,0,0,0,0,1,3195,0.7166666666666667,185
M17828,M,27.450000000000045,36.25,1312,45.2,73,0,0,0,0,0,0,0,3285,0.6108108108108109,199
L50149,L,27.450000000000045,36.25,1468,44.1,76,0,0,0,0,0,0,1,3420,0.5727272727272728,291
M17830,M,27.450000000000045,36.25,1452,39.4,78,0,0,0,0,0,0,1,3510,0.49873417721518987,178
M17831,M,27.55000000000001,36.35000000000002,1393,43.9,81,0,0,0,0,0,0,0,3645,0.5353658536585366,304
M17832,M,27.450000000000045,36.25,1432,44.2,84,0,0,0,0,0,0,0,3780,0.52,266
M17833,M,27.450000000000045,36.150000000000034,1510,46.0,87,0,0,0,0,0,0,1,3915,0.5227272727272727,327
M17834,M,27.450000000000045,36.25,1521,37.2,90,0,0,0,0,0,0,0,4050,0.40879120879120884,185
H32389,H,27.350000000000023,36.25,1360,46.2,93,0,0,0,0,0,0,1,4185,0.4914893617021277,311
M17836,M,27.350000000000023,36.150000000000034,1881,25.5,98,0,0,0,0,0,0,1,4410,0.25757575757575757,170
L50157,L,27.25,36.150000000000034,1413,50.3,101,0,0,0,0,0,0,1,4545,0.49313725490196075,187
H32392,H,27.350000000000023,36.25,1642,36.2,103,0,0,0,0,0,0,0,4635,0.3480769230769231,224
L50159,L,27.350000000000023,36.35000000000002,1542,38.5,108,0,0,0,0,0,0,1,4860,0.3532110091743119,356
L50160,L,27.25,36.35000000000002,1447,39.3,110,0,0,0,0,0,0,1,4950,0.35405405405405405,353
H32395,H,27.25,36.25,1530,40.4,112,0,0,0,0,0,0,0,5040,0.3575221238938053,327
L50162,L,27.350000000000023,36.35000000000002,1795,27.7,117,0,0,0,0,0,0,1,5265,0.2347457627118644,275
L50163,L,27.450000000000045,36.450000000000045,1290,57.4,119,0,0,0,0,0,0,1,5355,0.47833333333333333,186
L50164,L,27.450000000000045,36.55000000000001,1639,30.4,121,0,0,0,0,0,0,1,5445,0.24918032786885244,352
L50165,L,27.55000000000001,36.650000000000034,1596,31.5,123,0,0,0,0,0,0,1,5535,0.2540322580645161,269
L50166,L,27.450000000000045,36.650000000000034,1455,48.0,125,0,0,0,0,0,0,1,5625,0.38095238095238093,296
M17847,M,27.450000000000045,36.650000000000034,1659,28.9,127,0,0,0,0,0,0,1,5715,0.22578125,267
M17848,M,27.450000000000045,36.650000000000034,1532,42.5,130,0,0,0,0,0,0,0,5850,0.3244274809160305,150
L50169,L,27.450000000000045,36.650000000000034,1502,42.4,133,0,0,0,0,0,0,1,5985,0.3164179104477612,358
L50170,L,27.450000000000045,36.650000000000034,1688,28.6,135,0,0,0,0,0,0,1,6075,0.21029411764705883,317
M17851,M,27.350000000000023,36.55000000000001,1341,50.9,137,0,0,0,0,0,0,0,6165,0.36884057971014494,204
M17852,M,27.350000000000023,36.55000000000001,1685,29.4,140,0,0,0,0,0,0,1,6300,0.20851063829787234,357
M17853,M,27.350000000000023,36.650000000000034,1370,55.9,143,0,0,0,0,0,0,1,6435,0.38819444444444445,303
L50174,L,27.350000000000023,36.650000000000034,1461,52.5,146,0,0,0,0,0,0,0,6570,0.35714285714285715,320
L50175,L,27.350000000000023,36.650000000000034,1550,37.4,148,0,0,0,0,0,0,0,6660,0.25100671140939596,208
M17856,M,27.350000000000023,36.650000000000034,1508,37.8,150,0,0,0,0,0,0,0,6750,0.2503311258278145,200
L50177,L,27.350000000000023,36.650000000000034,1345,62.7,153,0,0,0,0,0,0,0,6885,0.40714285714285714,256
L50178,L,27.350000000000023,36.55000000000001,1616,34.5,155,0,0,0,0,0,0,0,6975,0.22115384615384615,292
L50179,L,27.350000000000023,36.55000000000001,1395,61.0,157,0,0,0,0,0,0,0,7065,0.3860759493670886,157
H32414,H,27.350000000000023,36.650000000000034,1324,72.8,159,1,0,0,1,0,0,4,7155,0.45499999999999996,34
L50181,L,27.350000000000023,36.650000000000034,1445,43.9,164,0,0,0,0,0,0,1,7380,0.26606060606060605,291
M17862,M,27.350000000000023,36.650000000000034,1555,38.9,166,0,0,0,0,0,0,1,7470,0.23293413173652694,246
M17863,M,27.450000000000045,36.75,1449,42.4,169,0,0,0,0,0,0,1,7605,0.24941176470588233,156
M17864,M,27.350000000000023,36.75,1466,53.2,172,0,0,0,0,0,0,0,7740,0.30751445086705204,167
L50185,L,27.350000000000023,36.75,1503,37.4,175,0,0,0,0,0,0,1,7875,0.2125,161
L50186,L,27.25,36.55000000000001,1488,35.7,177,0,0,0,0,0,0,0,7965,0.200561797752809,151
L50187,L,27.25,36.55000000000001,1314,50.2,179,0,0,0,0,0,0,1,8055,0.2788888888888889,327
M17868,M,27.25,36.55000000000001,1547,38.0,181,0,0,0,0,0,0,1,8145,0.2087912087912088,242
M17869,M,27.25,36.55000000000001,1466,39.8,184,0,0,0,0,0,0,1,8280,0.21513513513513513,298
L50190,L,27.150000000000034,36.450000000000045,1537,37.1,187,0,0,0,0,0,0,1,8415,0.19734042553191491,156
M17871,M,27.05000000000001,36.35000000000002,1434,51.5,189,0,0,0,0,0,0,0,8505,0.2710526315789474,161
L50192,L,27.25,36.450000000000045,1432,44.7,192,0,0,0,0,0,0,0,8640,0.23160621761658032,233
L50193,L,27.350000000000023,36.450000000000045,1390,48.4,194,0,0,0,0,0,0,1,8730,0.2482051282051282,206
L50194,L,27.350000000000023,36.55000000000001,1580,42.8,196,0,0,0,0,0,0,0,8820,0.21725888324873094,227
L50195,L,27.350000000000023,36.55000000000001,1589,30.5,198,0,0,0,0,0,0,0,8910,0.15326633165829145,223
L50196,L,27.350000000000023,36.650000000000034,1441,48.8,200,0,0,0,0,0,0,1,9000,0.2427860696517413,172
L50197,L,27.350000000000023,36.650000000000034,1305,51.7,202,0,0,0,0,0,0,0,9090,0.25467980295566506,179
M17878,M,27.350000000000023,36.650000000000034,1566,35.9,204,0,0,0,0,0,0,0,9180,0.17512195121951218,260
L50199,L,27.350000000000023,36.650000000000034,1379,54.2,207,1,0,0,0,1,0,2,9315,0.2605769230769231,50
L50200,L,27.25,36.450000000000045,1543,38.1,209,0,0,0,0,0,0,0,9405,0.18142857142857144,244
L50201,L,27.350000000000023,36.650000000000034,1421,49.6,211,0,0,0,0,0,0,1,9495,0.2339622641509434,201
L50202,L,27.350000000000023,36.450000000000045,1760,30.6,213,0,0,0,0,0,0,1,9585,0.14299065420560747,205
L50203,L,27.25,36.35000000000002,1711,29.2,215,0,0,0,0,0,0,0,9675,0.13518518518518519,159
L50204,L,27.350000000000023,36.450000000000045,1465,41.6,217,0,0,0,0,0,0,1,9765,0.1908256880733945,296
L50205,L,27.350000000000023,36.450000000000045,1366,50.2,219,0,0,0,0,0,0,1,9855,0.2281818181818182,296
M17886,M,27.25,36.35000000000002,1888,21.9,221,0,0,0,0,0,0,1,9945,0.09864864864864864,257
L50207,L,27.350000000000023,36.35000000000002,1777,23.6,0,0,0,0,0,0,0,0,0,23.6,236
L50208,L,27.350000000000023,36.35000000000002,1379,55.6,2,0,0,0,0,0,0,0,90,18.533333333333335,336
L50209,L,27.25,36.35000000000002,1525,51.3,4,0,0,0,0,0,0,1,180,10.26,321
M17890,M,27.25,36.450000000000045,1563,34.0,6,0,0,0,0,0,0,1,270,4.857142857142857,336
M17891,M,27.350000000000023,36.55000000000001,1389,43.3,9,0,0,0,0,0,0,0,405,4.33,233
M17892,M,27.450000000000045,36.650000000000034,1447,42.9,12,0,0,0,0,0,0,1,540,3.3,153
M17893,M,27.450000000000045,36.55000000000001,1934,22.8,15,0,0,0,0,0,0,0,675,1.425,246
H32448,H,27.450000000000045,36.55000000000001,1470,43.8,18,0,0,0,0,0,0,1,810,2.305263157894737,261
M17895,M,27.450000000000045,36.55000000000001,1428,42.6,23,0,0,0,0,0,0,0,1035,1.7750000000000001,342
L50216,L,27.25,36.450000000000045,1319,48.1,26,0,0,0,0,0,0,0,1170,1.7814814814814814,290
L50217,L,27.350000000000023,36.55000000000001,1887,24.3,28,0,0,0,0,0,0,0,1260,0.8379310344827586,216
L50218,L,27.25,36.35000000000002,1349,50.4,30,0,0,0,0,0,0,0,1350,1.6258064516129032,289
M17899,M,27.150000000000034,36.35000000000002,1665,31.4,32,0,0,0,0,0,0,1,1440,0.9515151515151514,242
L50220,L,27.150000000000034,36.35000000000002,1474,38.7,35,0,0,0,0,0,0,0,1575,1.0750000000000002,332
L50221,L,27.25,36.35000000000002,1543,38.9,37,0,0,0,0,0,0,1,1665,1.0236842105263158,338
M17902,M,27.05000000000001,36.25,1459,43.9,39,0,0,0,0,0,0,0,1755,1.0975,244
L50223,L,27.150000000000034,36.35000000000002,1551,37.9,42,0,0,0,0,0,0,0,1890,0.8813953488372093,190
L50224,L,27.05000000000001,36.25,1981,21.4,44,0,0,0,0,0,0,1,1980,0.4755555555555555,313
L50225,L,27.05000000000001,36.25,1526,35.3,46,0,0,0,0,0,0,1,2070,0.751063829787234,151
M17906,M,27.05000000000001,36.25,1501,40.0,48,0,0,0,0,0,0,1,2160,0.8163265306122449,171
L50227,L,27.05000000000001,36.25,1558,38.3,51,0,0,0,0,0,0,0,2295,0.7365384615384615,299
L50228,L,27.05000000000001,36.150000000000034,1532,43.2,53,0,0,0,0,0,0,0,2385,0.8,190
L50229,L,26.950000000000045,36.05000000000001,1326,55.9,55,0,0,0,0,0,0,1,2475,0.9982142857142857,244
L50230,L,27.05000000000001,36.05000000000001,1431,51.3,57,0,0,0,0,0,0,0,2565,0.8844827586206896,265
L50231,L,27.05000000000001,36.150000000000034,1366,49.3,59,0,0,0,0,0,0,1,2655,0.8216666666666667,269
L50232,L,26.950000000000045,36.05000000000001,1421,42.5,61,0,0,0,0,0,0,0,2745,0.6854838709677419,163
H32467,H,27.05000000000001,36.150000000000034,1506,35.6,63,0,0,0,0,0,0,0,2835,0.55625,242
H32468,H,27.05000000000001,36.150000000000034,1342,48.7,68,0,0,0,0,0,0,0,3060,0.7057971014492754,184
L50235,L,26.950000000000045,36.05000000000001,1427,37.6,73,0,0,0,0,0,0,1,3285,0.5081081081081081,327
L50236,L,27.05000000000001,36.05000000000001,1667,29.9,75,0,0,0,0,0,0,0,3375,0.39342105263157895,158
L50237,L,26.950000000000045,35.950000000000045,1400,46.7,77,0,0,0,0,0,0,1,3465,0.5987179487179487,267
L50238,L,26.850000000000023,35.85000000000002,1709,32.1,79,0,0,0,0,0,0,1,3555,0.40125,245
M17919,M,26.850000000000023,35.85000000000002,1368,45.8,81,0,0,0,0,0,0,0,3645,0.5585365853658536,208
L50240,L,26.850000000000023,35.950000000000045,1882,23.8,84,0,0,0,0,0,0,1,3780,0.28,205
L50241,L,26.950000000000045,35.950000000000045,1353,58.7,86,0,0,0,0,0,0,1,3870,0.674712643678161,159
L50242,L,26.75,35.85000000000002,1553,40.0,88,0,0,0,0,0,0,0,3960,0.449438202247191,174
L50243,L,26.850000000000023,35.950000000000045,1431,45.4,90,0,0,0,0,0,0,1,4050,0.4989010989010989,322
M17924,M,26.950000000000045,35.950000000000045,1731,30.4,92,0,0,0,0,0,0,1,4140,0.3268817204301075,160
M17925,M,26.950000000000045,36.05000000000001,1687,27.7,95,0,0,0,0,0,1,0,4275,0.28854166666666664,250
M17926,M,26.950000000000045,36.05000000000001,1457,44.3,98,0,0,0,0,0,0,0,4410,0.44747474747474747,158
L50247,L,26.950000000000045,36.05000000000001,1533,37.0,101,0,0,0,0,0,0,0,4545,0.3627450980392157,284
H32482,H,26.850000000000023,35.85000000000002,1622,31.8,103,0,0,0,0,0,0,1,4635,0.3057692307692308,220
L50249,L,26.850000000000023,35.950000000000045,1791,28.2,108,0,0,0,0,0,0,1,4860,0.25871559633027524,311
L50250,L,26.850000000000023,35.950000000000045,1631,28.3,110,0,0,0,0,0,0,0,4950,0.25495495495495496,232
L50251,L,26.850000000000023,35.85000000000002,2174,16.9,112,0,0,0,0,0,0,1,5040,0.14955752212389378,169
L50252,L,26.950000000000045,35.85000000000002,1314,58.2,114,0,0,0,0,0,0,0,5130,0.5060869565217392,263
L50253,L,26.950000000000045,35.950000000000045,1478,46.9,116,0,0,0,0,0,0,0,5220,0.4008547008547008,238
L50254,L,26.950000000000045,36.05000000000001,1783,27.3,118,0,0,0,0,0,0,0,5310,0.22941176470588237,154
M17935,M,26.950000000000045,36.05000000000001,1385,46.1,120,0,0,0,0,0,0,1,5400,0.38099173553719007,261
L50256,L,26.850000000000023,36.05000000000001,1444,43.6,123,0,0,0,0,0,0,1,5535,0.35161290322580646,204
L50257,L,26.950000000000045,36.150000000000034,1841,23.0,125,0,0,0,0,0,0,0,5625,0.18253968253968253,238
M17938,M,26.950000000000045,36.25,1349,56.2,127,0,0,0,0,0,0,0,5715,0.4390625,164
L50259,L,26.950000000000045,36.150000000000034,1340,56.0,130,0,0,0,0,0,0,1,5850,0.42748091603053434,325
M17940,M,26.75,36.05000000000001,1539,43.2,132,0,0,0,0,0,0,0,5940,0.324812030075188,153
M17941,M,26.850000000000023,36.150000000000034,1932,21.8,135,0,0,0,0,0,0,1,6075,0.16029411764705884,227
M17942,M,26.850000000000023,36.150000000000034,1407,43.9,138,0,0,0,0,0,0,0,6210,0.31582733812949637,269
L50263,L,26.950000000000045,36.150000000000034,1712,28.5,141,0,0,0,0,0,0,0,6345,0.2007042253521127,262
H32498,H,26.950000000000045,36.25,1329,55.2,143,0,0,0,0,0,0,1,6435,0.38333333333333336,358
L50265,L,26.950000000000045,36.05000000000001,1441,42.9,148,0,0,0,0,0,0,1,6660,0.2879194630872483,170
L50266,L,26.850000000000023,36.05000000000001,1610,32.1,150,0,0,0,0,0,0,1,6750,0.21258278145695364,357
M17947,M,26.850000000000023,35.950000000000045,1474,45.2,152,0,0,0,0,0,0,1,6840,0.2954248366013072,286
M17948,M,26.850000000000023,35.950000000000045,1624,30.8,155,0,0,0,0,0,0,1,6975,0.19743589743589743,215
H32503,H,26.950000000000045,36.150000000000034,1520,38.2,158,0,0,0,0,0,0,0,7110,0.24025157232704406,256
H32504,H,26.950000000000045,36.150000000000034,1448,45.8,163,0,0,0,0,0,0,0,7335,0.2792682926829268,356
L50271,L,26.850000000000023,36.150000000000034,1558,29.7,168,0,0,0,0,0,0,1,7560,0.1757396449704142,312
M17952,M,26.850000000000023,36.150000000000034,2293,16.3,170,0,0,0,0,0,0,1,7650,0.09532163742690059,261
L50273,L,26.850000000000023,36.150000000000034,1397,51.2,173,0,0,0,0,0,0,0,7785,0.2942528735632184,266
L50274,L,26.850000000000023,36.150000000000034,1972,22.0,175,0,0,0,0,0,0,0,7875,0.125,328
M17955,M,26.75,36.05000000000001,1574,36.5,177,0,0,0,0,0,0,1,7965,0.2050561797752809,277
L50276,L,26.75,36.05000000000001,1560,38.9,180,0,0,0,0,0,0,1,8100,0.2149171270718232,251
M17957,M,26.75,36.05000000000001,1353,49.8,182,0,0,0,0,0,0,0,8190,0.2721311475409836,227
M17958,M,26.75,36.05000000000001,1389,51.2,185,0,0,0,0,0,0,1,8325,0.2752688172043011,186
M17959,M,26.75,35.950000000000045,1513,43.8,188,0,0,0,0,0,0,0,8460,0.23174603174603173,155
L50280,L,26.650000000000034,35.950000000000045,1578,42.1,191,0,0,0,0,0,0,0,8595,0.21927083333333333,231
H32515,H,26.650000000000034,35.85000000000002,1467,37.3,193,0,0,0,0,0,0,1,8685,0.19226804123711339,235
L50282,L,26.75,35.950000000000045,1412,48.3,198,0,0,0,0,0,0,0,8910,0.24271356783919595,231
L50283,L,26.650000000000034,35.950000000000045,1668,30.3,200,0,0,0,0,0,0,0,9000,0.15074626865671642,200
M17964,M,26.650000000000034,36.05000000000001,1678,29.8,202,0,0,0,0,0,0,0,9090,0.14679802955665025,215
L50285,L,26.650000000000034,35.950000000000045,1612,35.4,205,0,0,0,0,0,0,1,9225,0.17184466019417474,245
L50286,L,26.650000000000034,35.950000000000045,1485,39.9,207,0,0,0,0,0,0,0,9315,0.19182692307692306,294
M17967,M,26.650000000000034,35.950000000000045,1456,39.4,209,0,0,0,0,0,0,1,9405,0.1876190476190476,214
L50288,L,26.650000000000034,36.05000000000001,1504,38.7,212,0,0,0,0,0,0,0,9540,0.18169014084507043,158
L50289,L,26.75,36.05000000000001,1491,44.3,214,0,0,0,0,0,0,0,9630,0.20604651162790696,290
H32524,H,26.75,36.05000000000001,1525,33.2,0,0,0,0,0,0,0,0,0,33.2,250
L50291,L,26.850000000000023,36.05000000000001,1759,27.9,5,0,0,0,0,0,0,0,225,4.6499999999999995,335
M17972,M,26.650000000000034,35.950000000000045,1355,56.7,7,0,0,0,0,0,0,0,315,7.0875,307
M17973,M,26.75,35.950000000000045,1345,56.8,10,0,0,0,0,0,0,1,450,5.163636363636363,180
M17974,M,26.75,36.05000000000001,1683,30.5,13,0,0,0,0,0,0,1,585,2.1785714285714284,300
L50295,L,26.75,36.05000000000001,1658,34.8,16,0,0,0,0,0,0,0,720,2.0470588235294116,212
L50296,L,26.850000000000023,36.05000000000001,1566,34.4,18,0,0,0,0,0,0,1,810,1.8105263157894735,305
M17977,M,26.950000000000045,36.150000000000034,1469,43.9,20,0,0,0,0,0,0,1,900,2.0904761904761906,208
M17978,M,27.05000000000001,36.35000000000002,1458,46.9,23,0,0,0,0,0,0,0,1035,1.9541666666666666,159
L50299,L,26.950000000000045,36.25,1858,23.6,26,0,0,0,0,0,0,1,1170,0.8740740740740741,238
H32534,H,26.950000000000045,36.25,1563,40.8,28,0,0,0,0,0,0,1,1260,1.4068965517241379,273
L50301,L,26.950000000000045,36.25,2141,17.9,33,0,0,0,0,0,0,1,1485,0.526470588235294,249
L50302,L,26.850000000000023,36.150000000000034,1473,46.0,35,0,0,0,0,0,0,1,1575,1.2777777777777777,239
H32537,H,26.850000000000023,36.25,1498,38.5,37,0,0,0,0,0,0,0,1665,1.013157894736842,175
L50304,L,26.950000000000045,36.25,1568,39.7,42,0,0,0,0,0,0,1,1890,0.9232558139534884,226
L50305,L,26.950000000000045,36.25,1694,27.4,44,0,0,0,0,0,0,0,1980,0.6088888888888888,166
L50306,L,26.850000000000023,36.25,1499,35.7,46,0,0,0,0,0,0,0,2070,0.7595744680851064,317
L50307,L,26.850000000000023,36.35000000000002,1717,28.3,48,0,0,0,0,0,0,1,2160,0.5775510204081633,217
M17988,M,26.950000000000045,36.35000000000002,1462,42.8,50,0,0,0,0,0,0,0,2250,0.8392156862745097,172
L50309,L,26.950000000000045,36.450000000000045,1642,34.5,53,0,0,0,0,0,0,1,2385,0.6388888888888888,312
L50310,L,26.950000000000045,36.450000000000045,1760,25.4,55,0,0,0,0,0,0,0,2475,0.45357142857142857,352
L50311,L,26.950000000000045,36.35000000000002,1660,32.7,57,0,0,0,0,0,0,1,2565,0.5637931034482759,353
L50312,L,26.950000000000045,36.35000000000002,1557,40.6,59,0,0,0,0,0,0,1,2655,0.6766666666666666,158
H32547,H,27.05000000000001,36.450000000000045,1442,49.2,61,0,0,0,0,0,0,0,2745,0.7935483870967742,356
L50314,L,27.05000000000001,36.450000000000045,1359,51.5,66,0,0,0,0,0,0,1,2970,0.7686567164179104,194
L50315,L,27.25,36.650000000000034,1342,52.5,68,0,0,0,0,0,0,1,3060,0.7608695652173914,314
L50316,L,27.25,36.75,1435,54.8,70,0,0,0,0,0,0,1,3150,0.7718309859154929,346
L50317,L,27.25,36.75,1567,36.5,72,0,0,0,0,0,0,1,3240,0.5,296
L50318,L,27.25,36.75,1376,43.5,74,0,0,0,0,0,0,0,3330,0.58,224
H32553,H,27.25,36.75,1513,38.7,76,0,0,0,0,0,0,0,3420,0.5025974025974026,350
H32554,H,27.25,36.75,2563,12.8,81,1,0,0,1,0,0,5,3645,0.15609756097560976,37
L50321,L,27.350000000000023,36.85000000000002,1521,45.1,86,0,0,0,0,0,0,1,3870,0.5183908045977011,290
L50322,L,27.450000000000045,36.85000000000002,1658,34.7,88,0,0,0,0,0,0,0,3960,0.38988764044943824,334
H32557,H,27.450000000000045,36.85000000000002,1419,42.4,90,0,0,0,0,0,0,1,4050,0.46593406593406594,337
M18004,M,27.450000000000045,36.85000000000002,1478,36.3,95,0,0,0,0,0,0,1,4275,0.378125,289
M18005,M,27.350000000000023,36.85000000000002,1415,43.5,98,0,0,0,0,0,0,1,4410,0.4393939393939394,158
M18006,M,27.350000000000023,36.75,1780,26.5,101,0,0,0,0,0,0,0,4545,0.25980392156862747,241
M18007,M,27.25,36.55000000000001,1440,42.8,104,0,0,0,0,0,0,0,4680,0.4076190476190476,226
H32562,H,27.25,36.650000000000034,1448,39.7,107,0,0,0,0,0,0,0,4815,0.36759259259259264,233
H32563,H,27.25,36.55000000000001,1500,35.2,112,0,0,0,0,0,0,0,5040,0.3115044247787611,226
L50330,L,27.25,36.650000000000034,1513,32.9,117,0,0,0,0,0,0,1,5265,0.2788135593220339,304
L50331,L,27.350000000000023,36.650000000000034,1428,43.8,119,0,0,0,0,0,0,0,5355,0.365,340
M18012,M,27.350000000000023,36.650000000000034,1473,42.3,121,0,0,0,0,0,0,0,5445,0.3467213114754098,178
M18013,M,27.350000000000023,36.75,1483,49.3,124,0,0,0,0,0,0,0,5580,0.3944,299
L50334,L,27.25,36.55000000000001,1534,42.5,127,0,0,0,0,0,0,0,5715,0.33203125,222
L50335,L,27.350000000000023,36.650000000000034,1367,54.0,129,0,0,0,0,0,0,1,5805,0.4153846153846154,237
L50336,L,27.25,36.55000000000001,1467,36.9,131,0,0,0,0,0,0,0,5895,0.27954545454545454,255
M18017,M,27.25,36.55000000000001,1488,42.2,133,0,0,0,0,0,0,0,5985,0.3149253731343284,296
L50338,L,27.25,36.55000000000001,1679,30.1,136,0,0,0,0,0,0,0,6120,0.2197080291970803,187
H32573,H,27.25,36.650000000000034,1409,47.5,138,0,0,0,0,0,0,1,6210,0.34172661870503596,244
M18020,M,27.25,36.55000000000001,1367,51.2,143,0,0,0,0,0,0,0,6435,0.35555555555555557,188
L50341,L,27.25,36.650000000000034,1314,63.1,146,0,0,0,0,0,0,0,6570,0.42925170068027213,292
L50342,L,27.350000000000023,36.75,1480,40.0,148,0,0,0,0,0,0,0,6660,0.2684563758389262,203
L50343,L,27.25,36.650000000000034,1549,38.9,150,0,0,0,0,0,0,1,6750,0.2576158940397351,309
L50344,L,27.25,36.55000000000001,1685,31.3,152,0,0,0,0,0,0,1,6840,0.2045751633986928,259
L50345,L,27.25,36.450000000000045,1536,34.5,154,0,0,0,0,0,0,0,6930,0.22258064516129034,261
M18026,M,27.25,36.55000000000001,1539,37.7,156,0,0,0,0,0,0,0,7020,0.24012738853503188,323
L50347,L,27.25,36.55000000000001,1384,45.1,159,0,0,0,0,0,0,1,7155,0.281875,338
M18028,M,27.25,36.450000000000045,1614,30.3,161,0,0,0,0,0,0,1,7245,0.18703703703703703,201
M18029,M,27.25,36.450000000000045,1675,35.5,164,0,0,0,0,0,0,1,7380,0.21515151515151515,311
M18030,M,27.25,36.55000000000001,1685,32.3,167,0,0,0,0,0,0,1,7515,0.19226190476190474,350
L50351,L,27.25,36.450000000000045,1386,56.9,170,0,0,0,0,0,0,1,7650,0.3327485380116959,184
M18032,M,27.150000000000034,36.450000000000045,1488,41.3,172,0,0,0,0,0,0,0,7740,0.23872832369942196,347
L50353,L,27.150000000000034,36.450000000000045,1624,32.6,175,0,0,0,0,0,0,0,7875,0.18522727272727274,186
L50354,L,27.150000000000034,36.450000000000045,1600,34.6,177,0,0,0,0,0,0,0,7965,0.1943820224719101,227
L50355,L,27.150000000000034,36.450000000000045,1468,44.7,179,0,0,0,0,0,0,0,8055,0.24833333333333335,210
L50356,L,27.150000000000034,36.450000000000045,1435,45.4,181,0,0,0,0,0,0,1,8145,0.24945054945054945,260
M18037,M,27.05000000000001,36.35000000000002,1564,33.4,183,0,0,0,0,0,0,1,8235,0.18152173913043476,263
M18038,M,27.05000000000001,36.25,1329,53.6,186,0,0,0,0,0,0,1,8370,0.28663101604278074,326
L50359,L,26.950000000000045,36.150000000000034,1570,36.8,189,0,0,0,0,0,0,1,8505,0.19368421052631576,158
M18040,M,27.05000000000001,36.25,1433,48.8,191,0,0,0,0,0,0,1,8595,0.25416666666666665,168
L50361,L,27.05000000000001,36.25,1527,37.0,194,0,0,0,0,0,0,0,8730,0.18974358974358974,364
M18042,M,26.950000000000045,36.150000000000034,1443,50.3,196,0,0,0,0,0,0,0,8820,0.25532994923857866,270
L50363,L,26.950000000000045,36.150000000000034,1616,32.0,199,0,0,0,0,0,0,0,8955,0.16,254
L50364,L,26.950000000000045,36.150000000000034,1654,31.0,201,0,0,0,0,0,0,0,9045,0.15346534653465346,305
L50365,L,26.950000000000045,36.150000000000034,1685,27.1,203,0,0,0,0,0,0,0,9135,0.13284313725490196,229
M18046,M,27.05000000000001,36.25,1456,48.8,205,0,0,0,0,0,0,1,9225,0.23689320388349513,175
M18047,M,27.05000000000001,36.25,1752,27.8,208,0,0,0,0,0,0,1,9360,0.13301435406698564,315
M18048,M,26.950000000000045,36.05000000000001,1438,51.0,211,0,0,0,0,0,0,1,9495,0.24056603773584906,189
L50369,L,26.950000000000045,35.950000000000045,1551,33.7,214,0,0,0,0,0,0,1,9630,0.15674418604651164,174
L50370,L,26.950000000000045,36.05000000000001,1599,30.1,216,0,0,0,0,0,0,1,9720,0.13870967741935483,248
M18051,M,26.950000000000045,36.05000000000001,1732,33.7,218,0,0,0,0,0,0,0,9810,0.1538812785388128,267
M18052,M,26.950000000000045,36.05000000000001,1418,39.8,221,0,0,0,0,0,0,0,9945,0.17927927927927928,218
L50373,L,26.850000000000023,35.950000000000045,1401,44.5,0,0,0,0,0,0,0,0,0,44.5,220
L50374,L,26.850000000000023,35.85000000000002,1454,51.7,2,0,0,0,0,0,0,1,90,17.233333333333334,300
M18055,M,26.850000000000023,36.05000000000001,1635,32.4,4,0,0,0,0,0,0,1,180,6.4799999999999995,238
L50376,L,26.850000000000023,35.950000000000045,1489,40.3,7,0,0,0,0,0,0,1,315,5.0375,214
L50377,L,26.850000000000023,35.950000000000045,1465,40.6,9,0,0,0,0,0,0,1,405,4.0600000000000005,299
M18058,M,26.850000000000023,35.950000000000045,1463,45.7,11,0,0,0,0,0,0,0,495,3.8083333333333336,213
H32613,H,26.950000000000045,35.950000000000045,1560,35.4,14,0,0,0,0,0,0,1,630,2.36,345
M18060,M,26.950000000000045,36.05000000000001,1454,44.4,19,0,0,0,0,0,0,0,855,2.2199999999999998,207
L50381,L,27.05000000000001,35.950000000000045,1479,47.0,22,0,0,0,0,0,0,1,990,2.0434782608695654,305
L50382,L,27.05000000000001,36.05000000000001,1430,43.4,24,0,0,0,0,0,0,0,1080,1.736,261
M18063,M,26.950000000000045,35.950000000000045,1533,38.0,26,0,0,0,0,0,0,1,1170,1.4074074074074074,272
L50384,L,26.950000000000045,35.85000000000002,1404,54.8,29,0,0,0,0,0,0,1,1305,1.8266666666666667,355
M18065,M,26.950000000000045,35.75,1548,38.4,31,0,0,0,0,0,0,0,1395,1.2,246
M18066,M,26.950000000000045,35.85000000000002,1612,33.0,34,0,0,0,0,0,0,0,1530,0.9428571428571428,345
M18067,M,27.05000000000001,35.85000000000002,1642,31.2,37,0,0,0,0,0,0,1,1665,0.8210526315789474,255
M18068,M,27.05000000000001,35.950000000000045,1406,42.2,40,0,0,0,0,0,0,0,1800,1.0292682926829269,352
L50389,L,27.150000000000034,36.05000000000001,1587,31.4,43,0,0,0,0,0,0,1,1935,0.7136363636363636,153
M18070,M,27.150000000000034,36.05000000000001,1364,47.6,45,0,0,0,0,0,0,1,2025,1.0347826086956522,278
L50391,L,27.150000000000034,36.05000000000001,1462,51.4,48,0,0,0,0,0,0,0,2160,1.0489795918367346,175
L50392,L,27.150000000000034,36.05000000000001,1649,32.4,50,0,0,0,0,0,0,1,2250,0.6352941176470588,182
L50393,L,27.25,36.05000000000001,1752,29.0,52,0,0,0,0,0,0,1,2340,0.5471698113207547,358
H32628,H,27.25,36.150000000000034,1396,51.2,54,0,0,0,0,0,0,0,2430,0.9309090909090909,176
M18075,M,27.350000000000023,36.25,2179,16.3,59,0,0,0,0,0,0,1,2655,0.27166666666666667,191
L50396,L,27.350000000000023,36.35000000000002,1653,27.6,62,0,0,0,0,0,0,1,2790,0.4380952380952381,346
L50397,L,27.450000000000045,36.35000000000002,2025,21.4,64,0,0,0,0,0,0,1,2880,0.3292307692307692,220
L50398,L,27.450000000000045,36.450000000000045,1426,53.6,66,0,0,0,0,0,0,1,2970,0.8,213
M18079,M,27.450000000000045,36.450000000000045,1503,38.4,68,0,0,0,0,0,0,0,3060,0.5565217391304348,174
M18080,M,27.55000000000001,36.450000000000045,1525,36.5,71,0,0,0,0,0,0,0,3195,0.5069444444444444,221
L50401,L,27.450000000000045,36.450000000000045,1423,49.1,74,0,0,0,0,0,0,0,3330,0.6546666666666667,254
M18082,M,27.55000000000001,36.55000000000001,1435,44.7,76,0,0,0,0,0,0,1,3420,0.5805194805194805,281
H32637,H,27.450000000000045,36.35000000000002,1495,36.5,79,0,0,0,0,0,0,0,3555,0.45625,161
M18084,M,27.450000000000045,36.35000000000002,1557,33.8,84,0,0,0,0,0,0,0,3780,0.39764705882352935,207
L50405,L,27.450000000000045,36.25,1474,40.7,87,0,0,0,0,0,0,0,3915,0.4625,244
L50406,L,27.350000000000023,36.150000000000034,1465,46.0,89,0,0,0,0,0,0,1,4005,0.5111111111111111,288
M18087,M,27.350000000000023,36.150000000000034,1589,34.9,91,0,0,0,0,0,0,0,4095,0.3793478260869565,250
L50408,L,27.350000000000023,36.150000000000034,1475,46.8,94,0,0,0,0,0,0,0,4230,0.49263157894736836,257
L50409,L,27.450000000000045,36.25,1442,43.2,96,0,0,0,0,0,0,1,4320,0.44536082474226807,208
L50410,L,27.450000000000045,36.25,1556,36.0,98,0,0,0,0,0,0,1,4410,0.36363636363636365,266
L50411,L,27.55000000000001,36.150000000000034,1425,45.3,100,0,0,0,0,0,0,1,4500,0.44851485148514847,313
L50412,L,27.55000000000001,36.150000000000034,1580,38.3,102,0,0,0,0,0,0,1,4590,0.3718446601941747,258
H32647,H,27.650000000000034,36.25,1474,40.7,104,0,0,0,0,0,0,1,4680,0.38761904761904764,171
L50414,L,27.650000000000034,36.25,1489,38.4,109,0,0,0,0,0,0,1,4905,0.34909090909090906,214
L50415,L,27.650000000000034,36.25,1946,20.5,111,0,0,0,0,0,0,0,4995,0.18303571428571427,199
M18096,M,27.650000000000034,36.25,1342,62.4,113,1,0,1,0,0,0,2,5085,0.5473684210526316,52
M18097,M,27.75,36.35000000000002,1758,26.8,116,0,0,0,0,0,0,1,5220,0.22905982905982908,349
M18098,M,27.75,36.25,1724,25.6,119,0,0,0,0,0,0,1,5355,0.21333333333333335,329
L50419,L,27.850000000000023,36.35000000000002,1430,48.5,122,0,0,0,0,0,0,0,5490,0.3943089430894309,251
L50420,L,27.75,36.35000000000002,1612,35.2,124,0,0,0,0,0,0,1,5580,0.2816,192
H32655,H,27.75,36.35000000000002,1469,43.4,126,0,0,0,0,0,0,1,5670,0.3417322834645669,254
L50422,L,27.75,36.450000000000045,1384,42.4,131,0,0,0,0,0,0,0,5895,0.3212121212121212,323
L50423,L,27.850000000000023,36.450000000000045,1724,28.1,133,0,0,0,0,0,0,1,5985,0.20970149253731343,153
M18104,M,27.850000000000023,36.450000000000045,1397,48.0,135,0,0,0,0,0,0,1,6075,0.35294117647058826,290
M18105,M,27.850000000000023,36.450000000000045,1588,32.7,138,0,0,0,0,0,0,0,6210,0.2352517985611511,315
L50426,L,27.850000000000023,36.55000000000001,1468,42.0,141,0,0,0,0,0,0,0,6345,0.29577464788732394,322
M18107,M,27.850000000000023,36.650000000000034,1594,31.1,143,0,0,0,0,0,0,0,6435,0.21597222222222223,302
M18108,M,27.850000000000023,36.55000000000001,1511,39.3,146,0,0,0,0,0,0,0,6570,0.2673469387755102,216
L50429,L,27.950000000000045,36.650000000000034,1493,38.9,149,0,0,0,0,0,0,0,6705,0.2593333333333333,204
H32664,H,28.05000000000001,36.650000000000034,1709,27.0,151,0,0,0,0,0,0,1,6795,0.17763157894736842,245
L50431,L,27.950000000000045,36.450000000000045,1501,36.1,156,0,0,0,0,0,0,1,7020,0.22993630573248408,316
L50432,L,27.950000000000045,36.55000000000001,1668,30.8,158,0,0,0,0,0,0,1,7110,0.19371069182389938,214
L50433,L,27.950000000000045,36.450000000000045,1502,48.9,160,0,0,0,0,0,0,1,7200,0.30372670807453417,224
M18114,M,27.850000000000023,36.55000000000001,1288,58.4,162,0,0,0,0,0,0,1,7290,0.35828220858895704,279
L50435,L,27.850000000000023,36.55000000000001,1491,42.9,165,0,0,0,0,0,0,0,7425,0.258433734939759,346
L50436,L,27.950000000000045,36.650000000000034,1519,39.6,167,0,0,0,0,0,0,1,7515,0.2357142857142857,269
L50437,L,28.05000000000001,36.75,1984,19.7,169,0,0,0,0,0,0,1,7605,0.11588235294117646,235
L50438,L,28.05000000000001,36.75,1643,32.9,171,0,0,0,0,0,0,1,7695,0.19127906976744186,211
M18119,M,28.05000000000001,36.85000000000002,1625,31.6,173,0,0,0,0,0,0,1,7785,0.18160919540229886,323
M18120,M,28.150000000000034,36.85000000000002,2068,17.8,176,0,0,0,0,0,0,1,7920,0.10056497175141244,354
H32675,H,28.150000000000034,36.950000000000045,1469,39.7,179,0,0,0,0,0,0,0,8055,0.22055555555555556,261
L50442,L,28.150000000000034,36.950000000000045,1558,36.3,184,0,0,0,0,0,0,1,8280,0.1962162162162162,364
L50443,L,28.150000000000034,36.85000000000002,1344,54.8,186,0,0,0,0,0,0,1,8370,0.293048128342246,308
H32678,H,28.150000000000034,36.950000000000045,1455,44.1,188,0,0,0,0,0,0,1,8460,0.23333333333333334,312
L50445,L,28.150000000000034,36.950000000000045,1355,53.6,193,0,0,0,0,0,0,1,8685,0.27628865979381445,275
L50446,L,28.150000000000034,36.950000000000045,1269,56.8,195,1,0,0,0,1,0,5,8775,0.2897959183673469,44
L50447,L,28.150000000000034,36.85000000000002,1550,41.5,197,0,0,0,0,0,0,1,8865,0.20959595959595959,226
M18128,M,28.150000000000034,36.950000000000045,1525,37.8,199,0,0,0,0,0,0,0,8955,0.18899999999999997,331
M18129,M,28.150000000000034,36.85000000000002,1696,32.4,202,0,0,0,0,0,0,1,9090,0.15960591133004925,348
L50450,L,28.25,36.950000000000045,1937,21.8,205,0,0,0,0,0,0,0,9225,0.10582524271844661,346
M18131,M,28.25,36.85000000000002,1689,32.1,207,0,0,0,0,0,0,0,9315,0.15432692307692308,271
M18132,M,28.150000000000034,36.85000000000002,1593,30.8,210,0,0,0,0,0,0,1,9450,0.14597156398104266,306
M18133,M,28.150000000000034,36.75,1565,36.0,213,0,0,0,0,0,0,1,9585,0.16822429906542055,349
L50454,L,28.150000000000034,36.85000000000002,1665,31.4,0,0,0,0,0,0,0,1,0,31.4,157
H32689,H,28.150000000000034,36.85000000000002,1532,36.3,2,0,0,0,0,0,0,0,90,12.1,203
L50456,L,28.150000000000034,36.85000000000002,1438,40.9,7,0,0,0,0,0,0,1,315,5.1125,284
L50457,L,28.150000000000034,36.950000000000045,1531,41.6,9,0,0,0,0,0,0,1,405,4.16,232
L50458,L,28.150000000000034,36.85000000000002,1506,40.8,11,0,0,0,0,0,0,1,495,3.4,252
L50459,L,28.05000000000001,36.75,1382,52.4,13,0,0,0,0,0,0,0,585,3.742857142857143,300
M18140,M,28.05000000000001,36.75,1456,50.8,15,0,0,0,0,0,0,0,675,3.175,249
M18141,M,28.05000000000001,36.85000000000002,1445,45.6,18,0,0,0,0,0,0,1,810,2.4,181
L50462,L,28.05000000000001,36.75,1515,40.9,21,0,0,0,0,0,0,0,945,1.8590909090909091,211
L50463,L,28.05000000000001,36.75,1449,45.5,23,0,0,0,0,0,0,1,1035,1.8958333333333333,322
H32698,H,28.05000000000001,36.75,1362,50.7,25,0,0,0,0,0,0,0,1125,1.9500000000000002,345
L50465,L,28.05000000000001,36.75,1687,29.7,30,0,0,0,0,0,0,1,1350,0.9580645161290322,179
L50466,L,28.05000000000001,36.85000000000002,1618,37.6,32,0,0,0,0,0,0,0,1440,1.1393939393939394,255
M18147,M,28.05000000000001,36.950000000000045,1558,32.6,34,0,0,0,0,0,0,1,1530,0.9314285714285715,188
L50468,L,28.150000000000034,36.950000000000045,1662,31.0,37,0,0,0,0,0,0,1,1665,0.8157894736842105,282
M18149,M,28.05000000000001,36.950000000000045,1295,56.6,39,0,0,0,0,0,0,0,1755,1.415,344
L50470,L,28.05000000000001,37.05000000000001,1385,42.3,42,0,0,0,0,0,0,0,1890,0.983720930232558,171
M18151,M,28.05000000000001,36.950000000000045,1479,45.5,44,0,0,0,0,0,0,0,1980,1.011111111111111,305
L50472,L,28.150000000000034,37.150000000000034,1400,44.3,47,0,0,0,0,0,0,0,2115,0.9229166666666666,299
M18153,M,28.05000000000001,37.150000000000034,1357,54.5,49,0,0,0,0,0,0,0,2205,1.09,277
L50474,L,27.950000000000045,37.05000000000001,1657,34.1,52,0,0,0,0,0,0,1,2340,0.6433962264150944,363
L50475,L,27.950000000000045,37.05000000000001,1496,43.4,54,0,0,0,0,0,0,1,2430,0.7890909090909091,178
M18156,M,28.05000000000001,37.150000000000034,1379,43.2,56,0,0,0,0,0,0,0,2520,0.7578947368421053,320
L50477,L,28.05000000000001,37.150000000000034,1548,38.6,59,0,0,0,0,0,0,1,2655,0.6433333333333333,191
L50478,L,28.05000000000001,37.150000000000034,1499,38.1,61,0,0,0,0,0,0,1,2745,0.614516129032258,209
L50479,L,28.150000000000034,37.35000000000002,1390,45.8,63,0,0,0,0,0,0,0,2835,0.715625,268
H32714,H,28.150000000000034,37.25,1538,38.4,65,0,0,0,0,0,0,1,2925,0.5818181818181818,226
L50481,L,28.150000000000034,37.35000000000002,1365,47.7,70,0,0,0,0,0,0,1,3150,0.671830985915493,348
L50482,L,28.150000000000034,37.35000000000002,1503,48.6,72,0,0,0,0,0,0,0,3240,0.6657534246575343,351
L50483,L,28.05000000000001,37.25,1390,49.9,74,0,0,0,0,0,0,0,3330,0.6653333333333333,345
L50484,L,28.05000000000001,37.150000000000034,1497,45.7,76,0,0,0,0,0,0,1,3420,0.5935064935064935,336
M18165,M,28.150000000000034,37.25,1577,48.3,78,0,0,0,0,0,0,0,3510,0.6113924050632911,245
L50486,L,28.25,37.35000000000002,1432,54.3,81,0,0,0,0,0,0,1,3645,0.6621951219512194,235
M18167,M,28.25,37.35000000000002,1563,39.9,83,0,0,0,0,0,0,0,3735,0.475,361
L50488,L,28.25,37.25,1433,43.4,86,0,0,0,0,0,0,0,3870,0.49885057471264366,261
L50489,L,28.150000000000034,37.25,1384,50.1,88,0,0,0,0,0,0,0,3960,0.5629213483146067,233
L50490,L,28.150000000000034,37.25,1346,46.7,90,0,0,0,0,0,0,0,4050,0.5131868131868133,155
L50491,L,28.150000000000034,37.25,1459,44.7,92,0,0,0,0,0,0,1,4140,0.4806451612903226,222
L50492,L,28.25,37.25,1639,28.9,94,0,0,0,0,0,0,0,4230,0.30421052631578943,305
L50493,L,28.25,37.25,1737,31.9,96,0,0,0,0,0,0,0,4320,0.3288659793814433,226
L50494,L,28.25,37.35000000000002,1489,43.5,98,0,0,0,0,0,0,1,4410,0.4393939393939394,180
M18175,M,28.350000000000023,37.450000000000045,1492,43.0,100,0,0,0,0,0,0,1,4500,0.42574257425742573,188
M18176,M,28.25,37.35000000000002,1217,60.6,103,0,0,0,0,0,0,1,4635,0.5826923076923077,199
L50497,L,28.350000000000023,37.35000000000002,1636,28.7,106,0,0,0,0,0,0,1,4770,0.26822429906542056,227
L50498,L,28.25,37.25,1436,49.7,108,0,0,0,0,0,0,0,4860,0.45596330275229363,363
L50499,L,28.25,37.25,1689,30.6,110,0,0,0,0,0,0,1,4950,0.2756756756756757,275
L50500,L,28.350000000000023,37.35000000000002,2289,16.4,112,0,0,0,0,0,0,0,5040,0.14513274336283186,314
L50501,L,28.350000000000023,37.450000000000045,1522,41.0,114,0,0,0,0,0,0,1,5130,0.3565217391304348,258
L50502,L,28.350000000000023,37.35000000000002,1351,52.9,116,0,0,0,0,0,0,0,5220,0.45213675213675214,237
L50503,L,28.350000000000023,37.35000000000002,1589,36.7,118,0,0,0,0,0,0,1,5310,0.30840336134453783,349
L50504,L,28.350000000000023,37.450000000000045,1578,34.1,120,0,0,0,0,0,0,0,5400,0.28181818181818186,164
L50505,L,28.350000000000023,37.450000000000045,1587,33.7,122,0,0,0,0,0,0,0,5490,0.2739837398373984,200
L50506,L,28.350000000000023,37.450000000000045,1962,20.2,124,0,0,0,0,0,0,1,5580,0.1616,347
M18187,M,28.350000000000023,37.450000000000045,2432,14.2,126,0,0,0,0,0,0,0,5670,0.11181102362204724,172
L50508,L,28.450000000000045,37.450000000000045,1418,43.9,129,0,0,0,0,0,0,0,5805,0.3376923076923077,302
L50509,L,28.450000000000045,37.55000000000001,1683,29.7,131,0,0,0,0,0,0,0,5895,0.225,323
L50510,L,28.55000000000001,37.650000000000034,1385,50.7,133,0,0,0,0,0,0,0,5985,0.37835820895522393,300
L50511,L,28.55000000000001,37.650000000000034,1559,44.5,135,0,0,0,0,0,0,1,6075,0.3272058823529412,159
M18192,M,28.55000000000001,37.650000000000034,1671,31.6,137,0,0,0,0,0,0,0,6165,0.2289855072463768,222
M18193,M,28.450000000000045,37.650000000000034,1343,49.5,140,0,0,0,0,0,0,0,6300,0.35106382978723405,262
M18194,M,28.450000000000045,37.650000000000034,1548,34.2,143,0,0,0,0,0,0,1,6435,0.23750000000000002,226
L50515,L,28.55000000000001,37.75,1705,31.2,146,0,0,0,0,0,0,1,6570,0.21224489795918366,181
L50516,L,28.450000000000045,37.650000000000034,1535,35.4,148,0,0,0,0,0,0,1,6660,0.23758389261744967,262
L50517,L,28.450000000000045,37.650000000000034,1564,34.1,150,0,0,0,0,0,0,0,6750,0.22582781456953643,328
M18198,M,28.450000000000045,37.75,1510,40.9,152,0,0,0,0,0,0,0,6840,0.2673202614379085,318
L50519,L,28.450000000000045,37.75,1492,45.2,155,0,0,0,0,0,0,1,6975,0.28974358974358977,214
M18200,M,28.350000000000023,37.650000000000034,1452,44.1,157,0,0,0,0,0,0,0,7065,0.2791139240506329,342
H32755,H,28.25,37.55000000000001,1329,52.0,160,0,0,0,0,0,0,1,7200,0.32298136645962733,250
L50522,L,28.350000000000023,37.650000000000034,1382,52.4,165,0,0,0,0,0,0,0,7425,0.3156626506024096,317
M18203,M,28.350000000000023,37.650000000000034,1628,36.4,167,0,0,0,0,0,0,1,7515,0.21666666666666665,167
L50524,L,28.25,37.55000000000001,1706,27.9,170,0,0,0,0,0,0,0,7650,0.16315789473684209,313
L50525,L,28.150000000000034,37.55000000000001,1594,34.1,172,0,0,0,0,0,0,1,7740,0.1971098265895954,180
L50526,L,28.150000000000034,37.55000000000001,1761,24.3,174,0,0,0,0,0,0,0,7830,0.13885714285714287,203
L50527,L,28.150000000000034,37.450000000000045,1529,41.8,176,0,0,0,0,0,0,1,7920,0.23615819209039546,212
M18208,M,28.150000000000034,37.55000000000001,1532,40.7,178,0,0,0,0,0,0,0,8010,0.22737430167597766,150
L50529,L,28.25,37.55000000000001,1673,27.8,181,0,0,0,0,0,0,0,8145,0.15274725274725276,329
L50530,L,28.25,37.650000000000034,1285,62.6,183,1,0,0,0,1,0,4,8235,0.34021739130434786,50
L50531,L,28.25,37.650000000000034,1680,31.4,185,0,0,0,0,0,0,1,8325,0.16881720430107527,158
L50532,L,28.25,37.650000000000034,1610,34.6,187,0,0,0,0,0,0,0,8415,0.18404255319148938,363
L50533,L,28.450000000000045,37.75,1632,31.6,189,0,0,0,0,0,0,0,8505,0.16631578947368422,269
L50534,L,28.450000000000045,37.75,1559,40.2,191,0,0,0,0,0,0,0,8595,0.209375,241
L50535,L,28.350000000000023,37.650000000000034,1367,49.0,193,0,0,0,0,0,0,1,8685,0.25257731958762886,239
L50536,L,28.450000000000045,37.650000000000034,1355,57.8,195,1,0,0,0,1,0,2,8775,0.29489795918367345,54
H32771,H,28.450000000000045,37.55000000000001,1414,51.7,197,0,0,0,0,0,0,1,8865,0.2611111111111111,351
L50538,L,28.350000000000023,37.450000000000045,1522,36.6,202,0,0,0,0,0,0,0,9090,0.18029556650246306,205
L50539,L,28.350000000000023,37.450000000000045,1525,41.9,204,0,0,0,0,0,0,1,9180,0.204390243902439,324
L50540,L,28.350000000000023,37.450000000000045,1394,46.5,206,0,0,0,0,0,0,1,9270,0.2246376811594203,152
L50541,L,28.350000000000023,37.450000000000045,1519,40.7,208,0,0,0,0,0,0,0,9360,0.19473684210526318,279
L50542,L,28.25,37.450000000000045,1445,43.9,210,0,0,0,0,0,0,1,9450,0.20805687203791468,203
L50543,L,28.25,37.450000000000045,1555,43.3,212,0,0,0,0,0,0,1,9540,0.20328638497652582,186
L50544,L,28.25,37.35000000000002,1633,39.5,0,0,0,0,0,0,0,0,0,39.5,333
M18225,M,28.25,37.450000000000045,1630,30.3,2,0,0,0,0,0,0,1,90,10.1,308
M18226,M,28.25,37.55000000000001,1692,32.3,5,0,0,0,0,0,0,1,225,5.383333333333333,246
H32781,H,28.350000000000023,37.55000000000001,1790,26.2,8,0,0,0,0,0,0,1,360,2.911111111111111,161
L50548,L,28.350000000000023,37.650000000000034,1350,58.5,13,0,0,0,0,0,0,1,585,4.178571428571429,335
L50549,L,28.350000000000023,37.75,2760,8.0,15,1,0,0,1,0,0,6,675,0.5,58
L50550,L,28.25,37.55000000000001,1584,32.2,17,0,0,0,0,0,0,1,765,1.788888888888889,261
L50551,L,28.25,37.55000000000001,1989,21.8,19,0,0,0,0,0,0,1,855,1.09,303
L50552,L,28.25,37.650000000000034,1431,44.3,21,0,0,0,0,0,0,0,945,2.0136363636363637,227
L50553,L,28.25,37.55000000000001,1568,35.2,23,0,0,0,0,0,0,0,1035,1.4666666666666668,289
L50554,L,28.25,37.55000000000001,1376,50.6,25,0,0,0,0,0,0,1,1125,1.9461538461538461,239
M18235,M,28.25,37.450000000000045,1459,46.9,27,0,0,0,0,0,0,0,1215,1.675,293
M18236,M,28.350000000000023,37.650000000000034,1385,47.5,30,0,0,0,0,0,0,0,1350,1.532258064516129,330
H32791,H,28.350000000000023,37.650000000000034,1591,29.6,33,0,0,0,0,0,0,0,1485,0.8705882352941177,221
L50558,L,28.350000000000023,37.55000000000001,1568,33.1,38,0,0,0,0,0,0,0,1710,0.8487179487179487,326
M18239,M,28.25,37.55000000000001,1459,37.7,40,0,0,0,0,0,0,0,1800,0.9195121951219513,326
L50560,L,28.25,37.55000000000001,1590,36.3,43,0,0,0,0,0,0,0,1935,0.825,241
L50561,L,28.150000000000034,37.450000000000045,1376,47.6,45,0,0,0,0,0,0,0,2025,1.0347826086956522,156
L50562,L,28.150000000000034,37.450000000000045,1510,38.5,47,0,0,0,0,0,0,0,2115,0.8020833333333334,164
H32797,H,28.25,37.450000000000045,1674,33.6,49,0,0,0,0,0,0,0,2205,0.672,254
L50564,L,28.150000000000034,37.450000000000045,1426,40.7,54,0,0,0,0,0,0,1,2430,0.7400000000000001,313
L50565,L,28.350000000000023,37.55000000000001,1466,43.6,56,0,0,0,0,0,0,1,2520,0.7649122807017544,221
H32800,H,28.350000000000023,37.650000000000034,1474,38.7,58,0,0,0,0,0,0,1,2610,0.6559322033898306,223
M18247,M,28.450000000000045,37.650000000000034,1290,65.3,63,0,0,0,0,0,0,1,2835,1.0203125,292
M18248,M,28.55000000000001,37.75,1435,48.0,66,0,0,0,0,0,0,1,2970,0.7164179104477612,211
M18249,M,28.350000000000023,37.55000000000001,1416,53.2,69,0,0,0,0,0,0,0,3105,0.76,295
H32804,H,28.350000000000023,37.55000000000001,1599,40.4,72,0,0,0,0,0,0,0,3240,0.5534246575342465,195
L50571,L,28.350000000000023,37.55000000000001,1466,47.3,77,0,0,0,0,0,0,1,3465,0.6064102564102564,254
L50572,L,28.350000000000023,37.55000000000001,1408,47.3,79,0,0,0,0,0,0,1,3555,0.5912499999999999,258
L50573,L,28.350000000000023,37.450000000000045,1490,48.1,81,0,0,0,0,0,0,0,3645,0.5865853658536585,210
L50574,L,28.350000000000023,37.450000000000045,1405,42.3,83,0,0,0,0,0,0,1,3735,0.5035714285714286,270
L50575,L,28.25,37.35000000000002,1647,33.3,85,0,0,0,0,0,0,0,3825,0.3872093023255814,192
M18256,M,28.25,37.450000000000045,1459,35.0,87,0,0,0,0,0,0,1,3915,0.3977272727272727,321
L50577,L,28.25,37.450000000000045,1648,30.7,90,0,0,0,0,0,0,0,4050,0.33736263736263733,248
L50578,L,28.25,37.55000000000001,1675,30.7,92,0,0,0,0,0,0,1,4140,0.3301075268817204,343
L50579,L,28.25,37.55000000000001,1605,34.2,94,0,0,0,0,0,0,0,4230,0.36000000000000004,204
H32814,H,28.25,37.55000000000001,1536,44.4,96,0,0,0,0,0,0,1,4320,0.4577319587628866,363
M18261,M,28.25,37.55000000000001,1617,34.3,101,0,0,0,0,0,0,1,4545,0.33627450980392154,356
L50582,L,28.25,37.450000000000045,1347,53.3,104,0,0,0,0,0,0,0,4680,0.5076190476190476,316
L50583,L,28.150000000000034,37.35000000000002,1337,52.7,106,0,0,0,0,0,0,0,4770,0.49252336448598133,282
L50584,L,28.150000000000034,37.25,1695,30.9,108,0,0,0,0,0,0,1,4860,0.2834862385321101,334
M18265,M,28.150000000000034,37.25,1635,32.5,110,0,0,0,0,0,0,1,4950,0.2927927927927928,261
L50586,L,28.05000000000001,37.25,1470,44.0,113,0,0,0,0,0,0,0,5085,0.38596491228070173,292
L50587,L,28.05000000000001,37.25,1381,49.8,115,0,0,0,0,0,0,0,5175,0.4293103448275862,240
M18268,M,28.05000000000001,37.25,1382,41.6,117,0,0,0,0,0,0,0,5265,0.3525423728813559,165
M18269,M,28.05000000000001,37.25,1697,30.0,120,0,0,0,0,0,0,1,5400,0.24793388429752067,206
L50590,L,28.05000000000001,37.150000000000034,1451,39.7,123,0,0,0,0,0,0,1,5535,0.32016129032258067,251
L50591,L,28.150000000000034,37.150000000000034,1419,55.7,125,0,0,0,0,0,0,0,5625,0.4420634920634921,359
L50592,L,28.150000000000034,37.150000000000034,1313,55.6,127,0,0,0,0,0,0,1,5715,0.434375,174
L50593,L,28.150000000000034,37.150000000000034,1560,36.3,129,0,0,0,0,0,0,1,5805,0.2792307692307692,171
L50594,L,28.150000000000034,37.150000000000034,1555,41.2,131,0,0,0,0,0,0,0,5895,0.31212121212121213,308
L50595,L,28.25,37.25,1579,36.9,133,0,0,0,0,0,0,1,5985,0.2753731343283582,272
L50596,L,28.350000000000023,37.35000000000002,1435,44.6,135,0,0,0,0,0,0,0,6075,0.32794117647058824,311
L50597,L,28.450000000000045,37.450000000000045,1621,33.7,137,0,0,0,0,0,0,0,6165,0.24420289855072466,236
H32832,H,28.450000000000045,37.450000000000045,1555,40.4,139,0,0,0,0,0,0,1,6255,0.28857142857142853,293
L50599,L,28.350000000000023,37.35000000000002,1611,33.8,144,0,0,0,0,0,0,1,6480,0.23310344827586205,347
L50600,L,28.450000000000045,37.450000000000045,1834,23.5,146,0,0,0,0,0,0,0,6570,0.1598639455782313,336
M18281,M,28.350000000000023,37.35000000000002,1612,29.8,148,0,0,0,0,0,0,0,6660,0.2,292
L50602,L,28.350000000000023,37.25,1629,34.1,151,0,0,0,0,0,0,0,6795,0.2243421052631579,231
L50603,L,28.25,37.25,1496,35.2,153,0,0,0,0,0,0,1,6885,0.2285714285714286,251
L50604,L,28.350000000000023,37.35000000000002,1593,32.9,155,0,0,0,0,0,0,0,6975,0.2108974358974359,290
M18285,M,28.350000000000023,37.35000000000002,1623,33.5,157,0,0,0,0,0,0,0,7065,0.2120253164556962,173
L50606,L,28.350000000000023,37.35000000000002,1380,48.7,160,0,0,0,0,0,0,0,7200,0.3024844720496895,290
L50607,L,28.450000000000045,37.450000000000045,1562,34.4,162,0,0,0,0,0,0,0,7290,0.21104294478527608,342
L50608,L,28.450000000000045,37.450000000000045,1391,49.4,164,0,0,0,0,0,0,1,7380,0.2993939393939394,185
H32843,H,28.350000000000023,37.35000000000002,1551,34.3,166,0,0,0,0,0,0,1,7470,0.20538922155688621,198
H32844,H,28.450000000000045,37.450000000000045,1821,26.2,171,0,0,0,0,0,0,0,7695,0.15232558139534882,231
L50611,L,28.450000000000045,37.55000000000001,1429,43.6,176,0,0,0,0,0,0,1,7920,0.24632768361581922,197
M18292,M,28.450000000000045,37.55000000000001,2012,20.7,178,0,0,0,0,0,0,1,8010,0.11564245810055866,246
M18293,M,28.450000000000045,37.450000000000045,1924,23.6,181,0,0,0,0,0,0,1,8145,0.12967032967032968,251
M18294,M,28.350000000000023,37.35000000000002,1412,44.1,184,0,0,0,0,0,0,0,8280,0.23837837837837839,320
L50615,L,28.350000000000023,37.35000000000002,1389,54.9,187,0,0,0,0,0,0,1,8415,0.29202127659574467,155
L50616,L,28.350000000000023,37.35000000000002,1466,48.1,189,0,0,0,0,0,0,1,8505,0.25315789473684214,358
L50617,L,28.350000000000023,37.35000000000002,2297,15.8,191,0,0,0,0,0,0,0,8595,0.08229166666666667,217
L50618,L,28.25,37.25,1471,37.5,193,0,0,0,0,0,0,0,8685,0.19329896907216496,163
L50619,L,28.25,37.150000000000034,1492,41.4,195,0,0,0,0,0,0,1,8775,0.21122448979591835,179
L50620,L,28.150000000000034,37.150000000000034,1460,41.5,197,0,0,0,0,0,0,1,8865,0.20959595959595959,259
L50621,L,28.25,37.25,1559,39.4,199,0,0,0,0,0,0,0,8955,0.19699999999999998,361
M18302,M,28.25,37.35000000000002,1495,52.5,201,0,0,0,0,0,0,0,9045,0.2599009900990099,157
L50623,L,28.350000000000023,37.35000000000002,1535,39.0,204,0,0,0,0,0,0,0,9180,0.1902439024390244,331
L50624,L,28.350000000000023,37.450000000000045,1381,50.7,206,0,0,0,0,0,0,0,9270,0.24492753623188407,215
M18305,M,28.450000000000045,37.450000000000045,1599,36.1,208,0,0,0,0,0,0,1,9360,0.17272727272727273,281
H32860,H,28.450000000000045,37.450000000000045,1400,49.5,211,0,0,0,0,0,0,0,9495,0.23349056603773585,351
L50627,L,28.55000000000001,37.450000000000045,1624,34.5,216,0,0,0,0,0,0,1,9720,0.15898617511520738,233
L50628,L,28.450000000000045,37.450000000000045,1478,36.6,218,0,0,0,0,0,0,1,9810,0.16712328767123288,337
L50629,L,28.55000000000001,37.55000000000001,1605,33.3,220,0,0,0,0,0,0,1,9900,0.1506787330316742,269
L50630,L,28.450000000000045,37.450000000000045,1506,43.4,222,0,0,0,0,0,0,0,9990,0.19461883408071748,202
L50631,L,28.450000000000045,37.450000000000045,1455,43.9,0,0,0,0,0,0,0,0,0,43.9,248
H32866,H,28.450000000000045,37.35000000000002,1602,32.3,2,0,0,0,0,0,1,1,90,10.766666666666666,223
L50633,L,28.350000000000023,37.25,1425,54.4,7,0,0,0,0,0,0,1,315,6.8,292
L50634,L,28.350000000000023,37.25,1918,21.8,9,0,0,0,0,0,0,1,405,2.18,249
H32869,H,28.25,37.150000000000034,1611,41.5,11,0,0,0,0,0,0,1,495,3.4583333333333335,278
H32870,H,28.25,37.25,1610,38.6,16,0,0,0,0,0,0,1,720,2.2705882352941176,299
M18317,M,28.350000000000023,37.25,2639,12.0,21,1,0,0,1,0,0,5,945,0.5454545454545454,12
L50638,L,28.350000000000023,37.25,1329,46.6,24,0,0,0,0,0,0,0,1080,1.864,351
L50639,L,28.350000000000023,37.25,1270,54.2,26,0,0,0,0,0,0,0,1170,2.0074074074074075,361
L50640,L,28.350000000000023,37.150000000000034,1415,41.6,28,0,0,0,0,0,0,1,1260,1.4344827586206896,171
H32875,H,28.450000000000045,37.25,1330,49.5,30,0,0,0,0,0,0,1,1350,1.596774193548387,327
H32876,H,28.450000000000045,37.35000000000002,1786,27.1,35,0,0,0,0,0,0,0,1575,0.7527777777777778,197
L50643,L,28.450000000000045,37.35000000000002,1809,25.5,40,0,0,0,0,0,0,0,1800,0.6219512195121951,266
L50644,L,28.55000000000001,37.450000000000045,1303,59.7,42,0,0,0,0,0,0,1,1890,1.388372093023256,222
M18325,M,28.650000000000034,37.55000000000001,1383,45.7,44,0,0,0,0,0,0,0,1980,1.0155555555555555,269
L50646,L,28.55000000000001,37.450000000000045,1447,56.9,47,0,0,0,0,0,0,0,2115,1.1854166666666666,328
L50647,L,28.650000000000034,37.55000000000001,1461,44.2,49,0,0,0,0,0,0,0,2205,0.884,166
L50648,L,28.650000000000034,37.55000000000001,2092,18.6,51,0,0,0,0,0,0,1,2295,0.3576923076923077,255
M18329,M,28.650000000000034,37.55000000000001,1429,47.9,53,0,0,0,0,0,0,1,2385,0.887037037037037,232
L50650,L,28.650000000000034,37.650000000000034,1736,26.5,56,0,0,0,0,0,0,0,2520,0.4649122807017544,253
L50651,L,28.650000000000034,37.55000000000001,1441,49.3,58,0,0,0,0,0,0,1,2610,0.835593220338983,240
L50652,L,28.650000000000034,37.55000000000001,1523,43.3,60,0,0,0,0,0,0,0,2700,0.7098360655737704,328
M18333,M,28.650000000000034,37.650000000000034,1691,33.4,62,0,0,0,0,0,0,0,2790,0.5301587301587302,314
M18334,M,28.75,37.650000000000034,1557,35.3,65,0,0,0,0,0,0,1,2925,0.5348484848484848,198
L50655,L,28.650000000000034,37.55000000000001,1644,33.4,68,0,0,0,0,0,0,1,3060,0.4840579710144927,208
L50656,L,28.650000000000034,37.450000000000045,1522,43.8,70,0,0,0,0,0,0,1,3150,0.6169014084507042,287
L50657,L,28.650000000000034,37.55000000000001,1547,41.7,72,0,0,0,0,0,0,0,3240,0.5712328767123288,179
L50658,L,28.650000000000034,37.55000000000001,1597,30.8,74,0,0,0,0,0,0,0,3330,0.4106666666666667,234
M18339,M,28.650000000000034,37.650000000000034,1619,31.0,76,0,0,0,0,0,0,0,3420,0.4025974025974026,170
L50660,L,28.75,37.650000000000034,1400,58.2,79,0,0,0,0,0,0,1,3555,0.7275,183
L50661,L,28.850000000000023,37.75,1663,31.5,81,0,0,0,0,0,0,0,3645,0.38414634146341464,222
L50662,L,28.75,37.650000000000034,1540,37.6,83,0,0,0,0,0,0,0,3735,0.44761904761904764,247
H32897,H,28.75,37.650000000000034,1455,42.7,85,0,0,0,0,0,0,0,3825,0.4965116279069768,327
L50664,L,28.75,37.650000000000034,1519,39.0,90,0,0,0,0,0,0,0,4050,0.42857142857142855,225
L50665,L,28.75,37.650000000000034,1427,47.7,92,0,0,0,0,0,0,1,4140,0.5129032258064516,324
L50666,L,28.75,37.650000000000034,1650,29.8,94,0,0,0,0,0,0,1,4230,0.3136842105263158,234
M18347,M,28.650000000000034,37.650000000000034,1508,38.8,96,0,0,0,0,0,0,1,4320,0.39999999999999997,233
L50668,L,28.75,37.75,1379,54.8,99,0,0,0,0,0,0,0,4455,0.5479999999999999,283
L50669,L,28.75,37.75,1542,36.7,101,0,0,0,0,0,0,0,4545,0.3598039215686275,327
M18350,M,28.75,37.75,1763,28.4,103,0,0,0,0,0,0,0,4635,0.27307692307692305,258
H32905,H,28.75,37.75,1590,34.3,106,0,0,0,0,0,0,1,4770,0.32056074766355136,212
H32906,H,28.75,37.85000000000002,1336,63.6,111,0,0,0,0,0,0,1,4995,0.5678571428571428,161
M18353,M,28.75,37.85000000000002,1638,35.4,116,0,0,0,0,0,0,1,5220,0.30256410256410254,318
L50674,L,28.75,37.85000000000002,1356,45.7,119,0,0,0,0,0,0,1,5355,0.38083333333333336,308
M18355,M,28.75,37.85000000000002,1384,47.4,121,0,0,0,0,0,0,1,5445,0.3885245901639344,151
L50676,L,28.75,37.75,1309,48.0,124,0,0,0,0,0,0,0,5580,0.384,293
L50677,L,28.75,37.85000000000002,1642,33.1,126,0,0,0,0,0,0,1,5670,0.2606299212598425,278
L50678,L,28.75,37.85000000000002,1289,54.9,128,0,0,0,0,0,0,1,5760,0.4255813953488372,281
L50679,L,28.75,37.85000000000002,1353,43.8,130,0,0,0,0,0,0,1,5850,0.33435114503816793,196
H32914,H,28.75,37.85000000000002,1871,26.0,132,0,0,0,0,0,0,0,5940,0.19548872180451127,342
H32915,H,28.75,37.85000000000002,1291,63.6,137,0,0,0,0,0,0,1,6165,0.4608695652173913,201
M18362,M,28.650000000000034,37.75,1346,44.6,142,0,0,0,0,0,0,1,6390,0.3118881118881119,196
L50683,L,28.55000000000001,37.650000000000034,1493,47.6,145,0,0,0,0,0,0,1,6525,0.32602739726027397,248
M18364,M,28.55000000000001,37.650000000000034,1524,41.3,147,0,0,0,0,0,0,0,6615,0.27905405405405403,354
L50685,L,28.450000000000045,37.650000000000034,1726,26.7,150,0,0,0,0,0,0,0,6750,0.17682119205298014,199
H32920,H,28.450000000000045,37.650000000000034,1435,47.2,152,0,0,0,0,0,0,1,6840,0.3084967320261438,194
M18367,M,28.55000000000001,37.650000000000034,1502,34.4,157,0,0,0,0,0,0,1,7065,0.21772151898734177,191
L50688,L,28.55000000000001,37.75,1608,33.0,160,0,0,0,0,0,0,1,7200,0.20496894409937888,361
L50689,L,28.650000000000034,37.85000000000002,1771,27.2,162,0,0,0,0,0,0,1,7290,0.1668711656441718,333
L50690,L,28.55000000000001,37.85000000000002,1474,42.6,164,0,0,0,0,0,0,0,7380,0.2581818181818182,220
L50691,L,28.650000000000034,37.85000000000002,1322,53.0,166,0,0,0,0,0,0,1,7470,0.31736526946107785,206
M18372,M,28.650000000000034,37.85000000000002,1393,49.5,168,0,0,0,0,0,0,0,7560,0.29289940828402367,182
M18373,M,28.75,37.950000000000045,1417,52.5,171,0,0,0,0,0,0,1,7695,0.30523255813953487,305
H32928,H,28.75,37.85000000000002,1430,49.8,174,0,0,0,0,0,0,0,7830,0.28457142857142853,263
M18375,M,28.75,37.950000000000045,1605,40.0,179,0,0,0,0,0,0,0,8055,0.2222222222222222,193
L50696,L,28.850000000000023,37.950000000000045,1402,47.8,182,0,0,0,0,0,0,1,8190,0.2612021857923497,263
L50697,L,28.850000000000023,37.85000000000002,1550,35.2,184,0,0,0,0,0,0,0,8280,0.1902702702702703,205
L50698,L,28.75,37.85000000000002,1376,44.9,186,0,0,0,0,0,0,1,8370,0.24010695187165776,193
M18379,M,28.75,37.75,1569,32.5,188,0,0,0,0,0,0,0,8460,0.17195767195767195,361
L50700,L,28.75,37.85000000000002,1669,32.2,191,0,0,0,0,0,0,0,8595,0.16770833333333335,245
L50701,L,28.75,37.85000000000002,1541,38.9,193,0,0,0,0,0,0,1,8685,0.20051546391752575,222
L50702,L,28.650000000000034,37.85000000000002,1651,32.5,195,0,0,0,0,0,0,1,8775,0.16581632653061223,183
L50703,L,28.650000000000034,37.75,1521,39.3,197,0,0,0,0,0,0,0,8865,0.19848484848484846,163
M18384,M,28.650000000000034,37.650000000000034,1365,48.2,199,0,0,0,0,0,0,0,8955,0.24100000000000002,345
L50705,L,28.650000000000034,37.75,1609,31.7,202,0,0,0,0,0,0,1,9090,0.15615763546798028,306
H32940,H,28.650000000000034,37.650000000000034,1470,37.6,204,0,0,0,0,0,0,1,9180,0.18341463414634146,274
M18387,M,28.75,37.75,1573,38.9,209,0,0,0,0,0,0,1,9405,0.18523809523809523,228
L50708,L,28.850000000000023,37.75,1378,53.1,212,1,0,0,0,1,0,5,9540,0.24929577464788732,40
L50709,L,28.75,37.75,1567,39.0,214,1,1,0,0,0,0,4,9630,0.1813953488372093,55
M18390,M,28.75,37.75,1441,43.7,0,0,0,0,0,0,0,1,0,43.7,286
M18391,M,28.75,37.75,1641,33.2,3,0,0,0,0,0,0,0,135,8.3,176
L50712,L,28.75,37.75,1486,40.3,6,0,0,0,0,0,0,1,270,5.757142857142857,326
L50713,L,28.850000000000023,37.85000000000002,1563,36.2,8,0,0,0,0,0,0,1,360,4.022222222222222,356
M18394,M,28.850000000000023,37.950000000000045,1769,26.0,10,0,0,0,0,0,0,1,450,2.3636363636363638,314
H32949,H,28.75,37.85000000000002,1672,29.9,13,0,0,0,0,0,0,1,585,2.1357142857142857,305
L50716,L,28.850000000000023,37.85000000000002,1632,34.2,18,0,0,0,0,0,0,0,810,1.8,199
M18397,M,28.850000000000023,37.85000000000002,1980,21.5,20,0,0,0,0,0,0,1,900,1.0238095238095237,204
L50718,L,28.850000000000023,37.950000000000045,1635,36.0,23,0,0,0,0,0,0,1,1035,1.5,281
L50719,L,28.850000000000023,37.85000000000002,1686,32.5,25,0,0,0,0,0,0,1,1125,1.25,362
L50720,L,28.75,37.75,1574,31.4,27,0,0,0,0,0,0,1,1215,1.1214285714285714,247
L50721,L,28.650000000000034,37.650000000000034,1546,43.4,29,0,0,0,0,0,0,1,1305,1.4466666666666665,296
L50722,L,28.650000000000034,37.75,1899,24.7,31,0,0,0,0,0,0,1,1395,0.771875,186
L50723,L,28.650000000000034,37.75,1449,36.5,33,0,0,0,0,0,0,0,1485,1.0735294117647058,281
M18404,M,28.75,37.75,1483,37.0,35,0,0,0,0,0,0,0,1575,1.0277777777777777,186
L50725,L,28.650000000000034,37.650000000000034,1576,38.6,38,0,0,0,0,0,0,0,1710,0.9897435897435898,328
M18406,M,28.75,37.75,1317,51.9,40,0,0,0,0,0,0,1,1800,1.2658536585365854,309
M18407,M,28.75,37.85000000000002,1467,48.1,43,0,0,0,0,0,0,1,1935,1.0931818181818183,322
L50728,L,28.75,37.75,1616,34.5,46,0,0,0,0,0,0,1,2070,0.7340425531914894,261
M18409,M,28.650000000000034,37.75,1299,60.4,48,0,0,0,0,0,0,0,2160,1.2326530612244897,161
M18410,M,28.75,37.85000000000002,1432,41.5,51,0,0,0,0,0,0,1,2295,0.7980769230769231,318
L50731,L,28.75,37.75,1799,24.2,54,0,0,0,0,0,0,0,2430,0.44,205
M18412,M,28.650000000000034,37.75,1358,52.3,56,0,0,0,0,0,0,1,2520,0.9175438596491228,229
M18413,M,28.650000000000034,37.650000000000034,1618,37.8,59,0,0,0,0,0,0,1,2655,0.63,163
L50734,L,28.75,37.650000000000034,1525,43.2,62,0,0,0,0,0,0,0,2790,0.6857142857142857,203
L50735,L,28.650000000000034,37.55000000000001,1551,37.7,64,0,0,0,0,0,0,0,2880,0.5800000000000001,340
L50736,L,28.75,37.650000000000034,1735,31.5,66,0,0,0,0,0,0,0,2970,0.4701492537313433,214
M18417,M,28.650000000000034,37.55000000000001,1309,43.3,68,0,0,0,0,0,0,0,3060,0.6275362318840579,265
L50738,L,28.55000000000001,37.450000000000045,1743,26.2,71,0,0,0,0,0,0,0,3195,0.3638888888888889,207
M18419,M,28.55000000000001,37.55000000000001,1659,29.9,73,0,0,0,0,0,0,0,3285,0.40405405405405403,245
L50740,L,28.650000000000034,37.55000000000001,1680,32.4,76,0,0,0,0,0,0,1,3420,0.42077922077922075,170
L50741,L,28.55000000000001,37.450000000000045,1486,38.5,78,0,0,0,0,0,0,0,3510,0.4873417721518987,153
L50742,L,28.55000000000001,37.450000000000045,1471,43.8,80,0,0,0,0,0,0,1,3600,0.5407407407407407,222
M18423,M,28.650000000000034,37.55000000000001,1465,35.8,82,0,0,0,0,0,0,1,3690,0.43132530120481927,276
M18424,M,28.55000000000001,37.450000000000045,1492,42.2,85,0,0,0,0,0,0,1,3825,0.4906976744186047,195
M18425,M,28.650000000000034,37.55000000000001,1420,52.0,88,0,0,0,0,0,0,1,3960,0.5842696629213483,363
L50746,L,28.650000000000034,37.450000000000045,1295,62.3,91,0,0,0,0,0,0,1,4095,0.6771739130434782,161
L50747,L,28.650000000000034,37.35000000000002,1548,34.1,93,0,0,0,0,0,0,0,4185,0.3627659574468085,277
L50748,L,28.650000000000034,37.450000000000045,1372,54.7,95,0,0,0,0,0,0,0,4275,0.5697916666666667,179
M18429,M,28.650000000000034,37.450000000000045,1552,35.9,97,0,0,0,0,0,0,0,4365,0.3663265306122449,243
H32984,H,28.650000000000034,37.450000000000045,1441,46.3,100,0,0,0,0,0,0,1,4500,0.4584158415841584,209
M18431,M,28.55000000000001,37.450000000000045,1691,27.7,105,0,0,0,0,0,0,0,4725,0.26132075471698113,249
L50752,L,28.650000000000034,37.450000000000045,1451,50.7,108,0,0,0,0,0,0,1,4860,0.46513761467889914,220
L50753,L,28.650000000000034,37.450000000000045,1452,48.4,110,0,0,0,0,0,0,1,4950,0.436036036036036,230
L50754,L,28.55000000000001,37.450000000000045,1406,46.0,112,0,0,0,0,0,0,1,5040,0.40707964601769914,342
L50755,L,28.55000000000001,37.35000000000002,1567,39.1,114,0,0,0,0,0,0,1,5130,0.34,291
L50756,L,28.450000000000045,37.25,1599,41.7,116,0,0,0,0,0,0,0,5220,0.3564102564102564,260
M18437,M,28.450000000000045,37.25,1455,39.0,118,0,0,0,0,0,0,0,5310,0.3277310924369748,193
M18438,M,28.55000000000001,37.35000000000002,1625,35.9,121,0,0,0,0,0,0,0,5445,0.2942622950819672,257
L50759,L,28.650000000000034,37.450000000000045,2672,11.8,124,1,0,0,1,0,0,4,5580,0.09440000000000001,23
L50760,L,28.650000000000034,37.450000000000045,1650,31.9,126,0,0,0,0,0,0,0,5670,0.2511811023622047,303
M18441,M,28.650000000000034,37.450000000000045,1459,40.2,128,0,0,0,0,0,0,1,5760,0.3116279069767442,240
L50762,L,28.650000000000034,37.450000000000045,1395,50.5,131,0,0,0,0,0,0,0,5895,0.38257575757575757,258
L50763,L,28.650000000000034,37.55000000000001,1751,29.3,133,0,0,0,0,0,0,1,5985,0.21865671641791046,165
L50764,L,28.650000000000034,37.450000000000045,1192,68.9,135,0,0,0,0,0,0,1,6075,0.5066176470588236,259
L50765,L,28.75,37.55000000000001,1947,25.0,137,0,0,0,0,0,0,1,6165,0.18115942028985507,156
L50766,L,28.650000000000034,37.35000000000002,1593,34.9,139,0,0,0,0,0,0,0,6255,0.24928571428571428,309
H33001,H,28.650000000000034,37.35000000000002,1478,38.6,141,0,0,0,0,0,0,1,6345,0.271830985915493,238
M18448,M,28.55000000000001,37.450000000000045,1505,44.5,146,0,0,0,0,0,0,1,6570,0.30272108843537415,244
L50769,L,28.55000000000001,37.35000000000002,2465,13.7,149,0,0,0,0,0,0,0,6705,0.09133333333333332,165
L50770,L,28.650000000000034,37.450000000000045,1403,46.8,151,0,0,0,0,0,0,1,6795,0.3078947368421052,254
M18451,M,28.55000000000001,37.35000000000002,1458,41.4,153,0,0,0,0,0,0,1,6885,0.2688311688311688,271
H33006,H,28.450000000000045,37.25,1369,45.4,156,0,0,0,0,0,0,1,7020,0.289171974522293,355
M18453,M,28.450000000000045,37.25,1377,44.9,161,0,0,0,0,0,0,0,7245,0.27716049382716046,238
M18454,M,28.450000000000045,37.25,1452,45.7,164,0,0,0,0,0,0,1,7380,0.276969696969697,211
L50775,L,28.450000000000045,37.25,1517,41.1,167,0,0,0,0,0,0,1,7515,0.24464285714285716,179
L50776,L,28.55000000000001,37.35000000000002,1354,50.0,169,0,0,0,0,0,0,0,7605,0.29411764705882354,348
M18457,M,28.55000000000001,37.35000000000002,1724,33.0,171,0,0,0,0,0,0,0,7695,0.19186046511627908,289
L50778,L,28.55000000000001,37.35000000000002,1399,53.2,174,0,0,0,0,0,0,1,7830,0.304,216
H33013,H,28.55000000000001,37.35000000000002,1388,50.5,176,0,0,0,0,0,0,0,7920,0.2853107344632768,195
L50780,L,28.55000000000001,37.35000000000002,1523,34.7,181,0,0,0,0,0,0,0,8145,0.19065934065934068,360
L50781,L,28.55000000000001,37.35000000000002,1377,43.1,183,0,0,0,0,0,0,0,8235,0.23423913043478262,192
M18462,M,28.55000000000001,37.450000000000045,1417,45.2,185,0,0,0,0,0,0,0,8325,0.24301075268817207,332
L50783,L,28.55000000000001,37.55000000000001,1542,40.0,188,0,0,0,0,0,0,0,8460,0.21164021164021163,194
L50784,L,28.650000000000034,37.650000000000034,1557,33.3,190,0,0,0,0,0,0,0,8550,0.1743455497382199,337
L50785,L,28.55000000000001,37.55000000000001,1641,31.9,192,0,0,0,0,0,0,0,8640,0.16528497409326423,348
L50786,L,28.55000000000001,37.55000000000001,1318,55.0,194,0,0,0,0,0,0,1,8730,0.28205128205128205,229
L50787,L,28.450000000000045,37.55000000000001,1638,33.8,196,0,0,0,0,0,0,0,8820,0.17157360406091368,181
M18468,M,28.55000000000001,37.650000000000034,1954,21.6,198,0,0,0,0,0,0,0,8910,0.1085427135678392,157
M18469,M,28.55000000000001,37.75,1644,32.5,201,0,0,0,0,0,0,0,9045,0.1608910891089109,262
M18470,M,28.55000000000001,37.650000000000034,1594,32.4,204,0,0,0,0,0,0,1,9180,0.15804878048780488,354
L50791,L,28.55000000000001,37.75,1405,46.4,207,1,1,0,0,0,1,6,9315,0.22307692307692306,20
L50792,L,28.55000000000001,37.650000000000034,1622,37.8,0,0,0,0,0,0,0,0,0,37.8,352
L50793,L,28.55000000000001,37.75,1557,39.4,2,0,0,0,0,0,0,1,90,13.133333333333333,169
L50794,L,28.650000000000034,37.85000000000002,1606,33.3,4,0,0,0,0,0,0,0,180,6.659999999999999,295
M18475,M,28.650000000000034,37.950000000000045,1647,31.6,6,0,0,0,0,0,0,1,270,4.514285714285714,250
M18476,M,28.650000000000034,37.950000000000045,1413,42.2,9,0,0,0,0,0,0,1,405,4.220000000000001,155
L50797,L,28.650000000000034,37.85000000000002,1529,41.6,12,0,0,0,0,0,0,0,540,3.2,233
L50798,L,28.75,37.950000000000045,1448,46.3,14,0,0,0,0,0,0,1,630,3.0866666666666664,257
L50799,L,28.75,38.05000000000001,1435,44.2,16,0,0,0,0,0,0,0,720,2.6,306
H33034,H,28.75,38.05000000000001,1474,41.8,18,0,0,0,0,0,0,0,810,2.1999999999999997,153
L50801,L,28.75,38.05000000000001,1657,29.1,23,0,0,0,0,0,0,1,1035,1.2125000000000001,220
L50802,L,28.850000000000023,38.150000000000034,1509,39.9,25,0,0,0,0,0,0,1,1125,1.5346153846153845,320
M18483,M,28.850000000000023,38.150000000000034,1530,36.4,27,0,0,0,0,0,0,0,1215,1.3,233
M18484,M,28.850000000000023,38.25,1587,35.9,30,0,0,0,0,0,0,0,1350,1.1580645161290322,311
M18485,M,28.950000000000045,38.25,1467,43.4,33,0,0,0,0,0,0,1,1485,1.276470588235294,249
M18486,M,29.05000000000001,38.35000000000002,1360,53.0,36,0,0,0,0,0,0,0,1620,1.4324324324324325,220
L50807,L,29.05000000000001,38.35000000000002,1588,30.6,39,0,0,0,0,0,0,0,1755,0.765,182
L50808,L,29.05000000000001,38.25,1609,32.1,41,0,0,0,0,0,0,0,1845,0.7642857142857143,292
L50809,L,28.950000000000045,38.150000000000034,1415,44.1,43,0,0,0,0,0,0,1,1935,1.0022727272727272,363
L50810,L,28.850000000000023,38.05000000000001,1845,27.3,45,0,0,0,0,0,0,0,2025,0.5934782608695652,269
M18491,M,28.950000000000045,38.25,1419,36.2,47,0,0,0,0,0,0,0,2115,0.7541666666666668,317
L50812,L,28.950000000000045,38.150000000000034,1634,30.6,50,0,0,0,0,0,0,0,2250,0.6,242
M18493,M,29.05000000000001,38.150000000000034,1521,40.6,52,0,0,0,0,0,0,1,2340,0.7660377358490567,282
L50814,L,29.05000000000001,38.25,1499,37.7,55,0,0,0,0,0,0,1,2475,0.6732142857142858,355
M18495,M,28.950000000000045,38.05000000000001,1616,35.1,57,0,0,0,0,0,0,1,2565,0.6051724137931035,327
L50816,L,29.05000000000001,38.25,1449,46.5,60,0,0,0,0,0,0,0,2700,0.7622950819672131,248
M18497,M,29.05000000000001,38.25,1626,31.6,62,0,0,0,0,0,0,1,2790,0.5015873015873016,215
M18498,M,29.150000000000034,38.35000000000002,1445,44.8,65,0,0,0,0,0,0,0,2925,0.6787878787878787,203
L50819,L,29.25,38.450000000000045,1622,35.0,68,0,0,0,0,0,0,1,3060,0.5072463768115942,357
H33054,H,29.25,38.450000000000045,1544,39.1,70,0,0,0,0,0,0,0,3150,0.5507042253521127,323
L50821,L,29.150000000000034,38.450000000000045,1488,41.8,75,0,0,0,0,0,0,1,3375,0.5499999999999999,229
L50822,L,29.150000000000034,38.450000000000045,1309,57.6,77,0,0,0,0,0,0,0,3465,0.7384615384615385,288
L50823,L,29.150000000000034,38.450000000000045,1784,26.4,79,0,0,0,0,0,0,0,3555,0.32999999999999996,273
L50824,L,29.05000000000001,38.35000000000002,1548,32.4,81,0,0,0,0,0,0,1,3645,0.39512195121951216,326
L50825,L,29.05000000000001,38.35000000000002,1413,43.5,83,0,0,0,0,0,0,0,3735,0.5178571428571429,300
M18506,M,29.05000000000001,38.35000000000002,1863,25.7,85,0,0,0,0,0,0,1,3825,0.29883720930232555,204
L50827,L,29.05000000000001,38.35000000000002,1427,43.8,88,0,0,0,0,0,0,1,3960,0.4921348314606741,154
M18508,M,29.05000000000001,38.35000000000002,1443,47.0,90,0,0,0,0,0,0,0,4050,0.5164835164835165,341
L50829,L,29.05000000000001,38.35000000000002,1481,40.4,93,0,0,0,0,0,0,0,4185,0.4297872340425532,184
L50830,L,28.950000000000045,38.25,1446,39.7,95,0,0,0,0,0,0,1,4275,0.4135416666666667,242
L50831,L,28.950000000000045,38.35000000000002,1444,44.9,97,0,0,0,0,0,0,1,4365,0.45816326530612245,268
M18512,M,28.950000000000045,38.35000000000002,1341,50.8,99,0,0,0,0,0,0,1,4455,0.508,346
L50833,L,28.950000000000045,38.25,1518,37.4,102,0,0,0,0,0,0,0,4590,0.3631067961165048,203
L50834,L,28.950000000000045,38.25,1603,35.9,104,0,0,0,0,0,0,1,4680,0.3419047619047619,152
L50835,L,28.950000000000045,38.25,1686,30.9,106,0,0,0,0,0,0,0,4770,0.28878504672897193,155
M18516,M,28.950000000000045,38.35000000000002,1383,53.6,108,0,0,0,0,0,0,0,4860,0.4917431192660551,236
L50837,L,28.950000000000045,38.35000000000002,1477,45.4,111,0,0,0,0,0,0,1,4995,0.40535714285714286,259
M18518,M,29.05000000000001,38.35000000000002,1449,44.5,113,0,0,0,0,0,0,1,5085,0.39035087719298245,205
M18519,M,29.05000000000001,38.35000000000002,1734,25.0,116,0,0,0,0,0,0,0,5220,0.21367521367521367,151
L50840,L,29.150000000000034,38.450000000000045,1398,49.1,119,0,0,0,0,0,0,0,5355,0.4091666666666667,231
M18521,M,29.150000000000034,38.55000000000001,1639,36.6,121,0,0,0,0,0,0,0,5445,0.3,243
M18522,M,29.150000000000034,38.55000000000001,1517,37.6,124,0,0,0,0,0,0,0,5580,0.3008,315
M18523,M,29.150000000000034,38.55000000000001,1442,41.7,127,0,0,0,0,0,0,1,5715,0.32578125,333
M18524,M,29.150000000000034,38.55000000000001,1685,30.8,130,0,0,0,0,0,0,0,5850,0.23511450381679388,154
M18525,M,29.25,38.650000000000034,1358,50.6,133,0,0,0,0,0,0,1,5985,0.3776119402985075,323
M18526,M,29.150000000000034,38.450000000000045,1608,39.9,136,0,0,0,0,0,0,1,6120,0.29124087591240877,288
L50847,L,29.150000000000034,38.450000000000045,1665,34.3,139,0,0,0,0,0,0,1,6255,0.24499999999999997,342
L50848,L,29.150000000000034,38.55000000000001,1510,38.7,141,0,0,0,0,0,0,0,6345,0.27253521126760566,287
L50849,L,29.25,38.650000000000034,1465,40.2,143,0,0,0,0,0,0,0,6435,0.2791666666666667,190
L50850,L,29.150000000000034,38.55000000000001,1701,27.5,145,0,0,0,0,0,0,1,6525,0.18835616438356165,265
M18531,M,29.150000000000034,38.55000000000001,1486,39.6,147,0,0,0,0,0,0,1,6615,0.26756756756756755,193
L50852,L,29.150000000000034,38.450000000000045,1658,32.3,150,0,0,0,0,0,0,1,6750,0.2139072847682119,239
H33087,H,29.150000000000034,38.55000000000001,1449,44.5,152,0,0,0,0,0,0,1,6840,0.2908496732026144,182
L50854,L,29.05000000000001,38.35000000000002,1346,52.4,157,0,0,0,0,0,0,0,7065,0.33164556962025316,205
M18535,M,28.950000000000045,38.35000000000002,1866,23.1,159,0,0,0,0,0,0,1,7155,0.144375,289
M18536,M,29.05000000000001,38.35000000000002,1562,38.0,162,0,0,0,0,0,0,0,7290,0.2331288343558282,151
M18537,M,29.150000000000034,38.55000000000001,1368,53.6,165,0,0,0,0,0,0,0,7425,0.32289156626506027,150
L50858,L,29.05000000000001,38.35000000000002,1567,33.1,168,0,0,0,0,0,0,0,7560,0.19585798816568048,342
L50859,L,29.05000000000001,38.35000000000002,1725,34.0,170,0,0,0,0,0,0,0,7650,0.19883040935672514,270
L50860,L,29.05000000000001,38.35000000000002,1744,31.2,172,0,0,0,0,0,0,1,7740,0.18034682080924855,274
M18541,M,28.950000000000045,38.150000000000034,1453,45.1,174,0,0,0,0,0,0,0,7830,0.25771428571428573,182
L50862,L,28.950000000000045,38.05000000000001,1550,34.8,177,0,0,0,0,0,0,1,7965,0.19550561797752808,363
M18543,M,28.850000000000023,38.05000000000001,1558,39.1,179,0,0,0,0,0,0,0,8055,0.21722222222222223,353
L50864,L,28.850000000000023,38.05000000000001,1270,65.3,182,1,0,0,0,1,0,6,8190,0.35683060109289616,11
M18545,M,28.75,37.950000000000045,1380,51.6,184,0,0,0,0,0,0,1,8280,0.2789189189189189,185
L50866,L,28.850000000000023,37.950000000000045,1406,50.5,187,0,0,0,0,0,0,1,8415,0.26861702127659576,298
M18547,M,28.850000000000023,38.05000000000001,1625,30.7,189,0,0,0,0,0,0,1,8505,0.16157894736842104,233
L50868,L,28.850000000000023,38.05000000000001,1420,45.8,192,0,0,0,0,0,0,1,8640,0.23730569948186528,313
L50869,L,28.950000000000045,38.25,1889,22.7,194,0,0,0,0,0,0,0,8730,0.1164102564102564,175
L50870,L,28.950000000000045,38.150000000000034,1477,43.6,196,0,0,0,0,0,0,1,8820,0.22131979695431472,324
L50871,L,28.950000000000045,38.05000000000001,1460,46.9,198,0,0,0,0,0,0,0,8910,0.23567839195979898,278
L50872,L,28.950000000000045,38.150000000000034,1758,24.4,200,0,0,0,0,0,0,1,9000,0.12139303482587065,315
L50873,L,28.950000000000045,38.150000000000034,1521,31.5,202,0,0,0,0,0,0,0,9090,0.15517241379310345,291
M18554,M,28.950000000000045,38.150000000000034,1511,45.0,204,0,0,0,0,0,0,0,9180,0.21951219512195122,239
L50875,L,29.05000000000001,38.150000000000034,1530,37.3,207,1,1,0,0,0,0,6,9315,0.17932692307692305,7
L50876,L,28.950000000000045,38.05000000000001,1454,46.8,0,0,0,0,0,0,0,1,0,46.8,191
L50877,L,29.05000000000001,38.05000000000001,1928,23.1,2,0,0,0,0,0,0,0,90,7.7,284
H33112,H,29.05000000000001,38.150000000000034,1758,26.4,4,0,0,0,0,0,0,1,180,5.279999999999999,204
L50879,L,29.05000000000001,38.05000000000001,1649,33.2,9,0,0,0,0,0,0,1,405,3.3200000000000003,205
L50880,L,28.950000000000045,38.05000000000001,1447,50.3,11,0,0,0,0,0,0,0,495,4.191666666666666,267
L50881,L,28.950000000000045,38.05000000000001,1417,48.0,13,0,0,0,0,0,0,0,585,3.4285714285714284,225
L50882,L,28.850000000000023,38.05000000000001,1434,44.9,15,0,0,0,0,0,0,1,675,2.80625,212
M18563,M,28.850000000000023,38.05000000000001,1418,49.5,17,0,0,0,0,0,0,1,765,2.75,301
M18564,M,28.850000000000023,38.05000000000001,1400,49.5,20,0,0,0,0,0,0,1,900,2.357142857142857,232
M18565,M,28.850000000000023,38.150000000000034,1725,27.7,23,0,0,0,0,0,0,1,1035,1.1541666666666666,350
L50886,L,28.850000000000023,38.150000000000034,1567,41.1,26,0,0,0,0,0,0,1,1170,1.5222222222222224,248
M18567,M,28.950000000000045,38.150000000000034,1497,38.4,28,0,0,0,0,0,0,1,1260,1.3241379310344827,281
L50888,L,28.950000000000045,38.25,1549,44.6,31,0,0,0,0,0,0,0,1395,1.39375,191
L50889,L,29.05000000000001,38.25,1754,26.9,33,0,0,0,0,0,0,1,1485,0.7911764705882353,245
L50890,L,29.05000000000001,38.35000000000002,1489,38.3,35,0,0,0,0,0,0,1,1575,1.0638888888888889,259
L50891,L,29.05000000000001,38.35000000000002,1543,38.5,37,0,0,0,0,0,0,0,1665,1.013157894736842,219
L50892,L,29.150000000000034,38.35000000000002,1543,33.1,39,0,0,0,0,0,0,0,1755,0.8275,177
L50893,L,29.150000000000034,38.35000000000002,1565,35.6,41,0,0,0,0,0,0,0,1845,0.8476190476190476,275
M18574,M,29.150000000000034,38.25,1855,23.9,43,0,0,0,0,0,0,1,1935,0.5431818181818181,241
M18575,M,29.25,38.25,1475,45.2,46,0,0,0,0,0,0,0,2070,0.9617021276595745,189
L50896,L,29.150000000000034,38.25,1609,32.3,49,0,0,0,0,0,0,0,2205,0.6459999999999999,328
H33131,H,29.150000000000034,38.25,1443,44.1,51,0,0,0,0,0,0,1,2295,0.8480769230769231,306
L50898,L,29.25,38.25,1450,44.1,56,0,0,0,0,0,0,1,2520,0.7736842105263159,191
L50899,L,29.25,38.35000000000002,1590,39.9,58,0,0,0,0,0,0,1,2610,0.676271186440678,267
M18580,M,29.25,38.25,1508,41.2,60,0,0,0,0,0,0,1,2700,0.6754098360655738,346
M18581,M,29.05000000000001,38.05000000000001,1544,43.6,63,0,0,0,0,0,0,0,2835,0.68125,154
L50902,L,29.05000000000001,38.05000000000001,1451,41.8,66,0,0,0,0,0,0,1,2970,0.6238805970149254,250
L50903,L,29.150000000000034,38.05000000000001,1758,24.4,68,0,0,0,0,0,0,0,3060,0.3536231884057971,318
M18584,M,29.150000000000034,38.05000000000001,1507,47.7,70,0,0,0,0,0,0,1,3150,0.671830985915493,210
H33139,H,29.150000000000034,37.950000000000045,1543,37.5,73,0,0,0,0,0,0,0,3285,0.5067567567567568,332
M18586,M,29.150000000000034,38.05000000000001,1505,36.7,78,0,0,0,0,0,0,1,3510,0.4645569620253165,305
L50907,L,29.150000000000034,38.05000000000001,1786,24.3,81,0,0,0,0,0,0,1,3645,0.29634146341463413,190
L50908,L,29.150000000000034,38.150000000000034,1457,44.5,83,0,0,0,0,0,0,1,3735,0.5297619047619048,260
M18589,M,29.25,38.150000000000034,1312,61.5,85,0,0,0,0,0,0,0,3825,0.7151162790697675,158
M18590,M,29.150000000000034,38.05000000000001,1405,47.7,88,0,0,0,0,0,0,0,3960,0.5359550561797753,306
M18591,M,29.05000000000001,38.05000000000001,1377,43.0,91,0,0,0,0,0,0,0,4095,0.4673913043478261,355
M18592,M,29.05000000000001,38.05000000000001,1347,49.8,94,0,0,0,0,0,0,1,4230,0.5242105263157895,315
L50913,L,29.05000000000001,37.950000000000045,1470,39.6,97,0,0,0,0,0,0,0,4365,0.40408163265306124,211
M18594,M,29.05000000000001,38.05000000000001,1873,24.0,99,0,0,0,0,0,0,1,4455,0.24,203
M18595,M,29.05000000000001,37.950000000000045,1434,58.6,102,0,0,0,0,0,0,1,4590,0.5689320388349515,329
H33150,H,29.05000000000001,37.950000000000045,1628,30.6,105,0,0,0,0,0,0,1,4725,0.28867924528301886,253
L50917,L,29.05000000000001,37.950000000000045,1351,48.6,110,0,0,0,0,0,0,0,4950,0.43783783783783786,275
M18598,M,29.150000000000034,38.05000000000001,1454,43.8,112,0,0,0,0,0,0,1,5040,0.38761061946902653,183
M18599,M,29.05000000000001,38.05000000000001,1663,29.6,115,0,0,0,0,0,0,0,5175,0.25517241379310346,314
L50920,L,29.150000000000034,38.05000000000001,1401,49.7,118,0,0,0,0,0,0,1,5310,0.4176470588235294,326
L50921,L,29.25,38.150000000000034,1503,38.2,120,0,0,0,0,0,0,1,5400,0.315702479338843,191
L50922,L,29.25,38.25,1564,35.0,122,0,0,0,0,0,0,1,5490,0.2845528455284553,163
L50923,L,29.350000000000023,38.25,1759,24.6,124,0,0,0,0,0,0,0,5580,0.1968,359
L50924,L,29.350000000000023,38.25,1409,53.1,126,0,0,0,0,0,0,0,5670,0.41811023622047244,182
L50925,L,29.450000000000045,38.25,1738,25.8,128,0,0,0,0,0,0,1,5760,0.2,267
H33160,H,29.350000000000023,38.150000000000034,1393,47.5,130,0,0,0,0,0,0,0,5850,0.36259541984732824,247
L50927,L,29.350000000000023,37.950000000000045,1499,38.8,135,0,0,0,0,0,0,0,6075,0.2852941176470588,241
L50928,L,29.350000000000023,37.950000000000045,1493,39.0,137,0,0,0,0,0,0,1,6165,0.2826086956521739,249
L50929,L,29.25,37.950000000000045,1652,33.9,139,0,0,0,0,0,0,1,6255,0.24214285714285713,236
L50930,L,29.150000000000034,37.950000000000045,1589,29.9,141,0,0,0,0,0,0,0,6345,0.21056338028169014,294
L50931,L,29.25,37.950000000000045,1520,42.2,143,0,0,0,0,0,0,1,6435,0.29305555555555557,273
H33166,H,29.150000000000034,37.950000000000045,1455,40.3,145,0,0,0,0,0,0,1,6525,0.276027397260274,352
L50933,L,29.05000000000001,37.85000000000002,1463,46.8,150,0,0,0,0,0,0,0,6750,0.30993377483443707,181
L50934,L,29.150000000000034,37.85000000000002,1442,43.7,152,0,0,0,0,0,0,0,6840,0.2856209150326798,250
L50935,L,29.150000000000034,37.85000000000002,1329,51.5,154,0,0,0,0,0,0,1,6930,0.33225806451612905,356
L50936,L,29.150000000000034,37.950000000000045,1546,33.1,156,0,0,0,0,0,0,0,7020,0.21082802547770702,345
M18617,M,29.05000000000001,37.950000000000045,1516,33.7,158,0,0,0,0,0,0,0,7110,0.2119496855345912,188
M18618,M,29.05000000000001,37.85000000000002,1476,47.4,161,0,0,0,0,0,0,1,7245,0.29259259259259257,243
L50939,L,29.150000000000034,37.85000000000002,1412,47.0,164,0,0,0,0,0,0,1,7380,0.28484848484848485,159
L50940,L,29.150000000000034,37.75,1377,46.8,166,1,0,1,0,0,0,4,7470,0.2802395209580838,51
M18621,M,29.25,37.85000000000002,1490,37.1,168,0,0,0,0,0,0,1,7560,0.21952662721893493,301
M18622,M,29.150000000000034,37.85000000000002,1526,37.7,171,0,0,0,0,0,0,0,7695,0.21918604651162793,249
L50943,L,29.150000000000034,37.85000000000002,1428,47.9,174,0,0,0,0,0,0,0,7830,0.2737142857142857,207
L50944,L,29.25,37.85000000000002,1329,54.6,176,0,0,0,0,0,0,1,7920,0.30847457627118646,346
M18625,M,29.25,37.950000000000045,1443,51.8,178,0,0,0,0,0,0,1,8010,0.28938547486033517,250
L50946,L,29.150000000000034,37.950000000000045,1373,53.0,181,0,0,0,0,0,0,1,8145,0.29120879120879123,213
L50947,L,29.150000000000034,37.950000000000045,1630,35.6,183,0,0,0,0,0,0,1,8235,0.19347826086956524,168
L50948,L,29.05000000000001,37.85000000000002,1555,34.2,185,0,0,0,0,0,0,0,8325,0.1838709677419355,250
M18629,M,29.05000000000001,37.85000000000002,1436,47.0,187,0,0,0,0,0,0,0,8415,0.25,266
L50950,L,29.150000000000034,37.85000000000002,1609,31.0,190,0,0,0,0,0,0,1,8550,0.16230366492146597,285
M18631,M,29.150000000000034,37.85000000000002,1384,49.7,192,0,0,0,0,0,0,1,8640,0.25751295336787566,220
L50952,L,29.25,37.950000000000045,1448,44.8,195,0,0,0,0,0,0,0,8775,0.22857142857142856,189
M18633,M,29.25,37.950000000000045,1887,22.4,197,0,0,0,0,0,0,0,8865,0.11313131313131312,162
M18634,M,29.25,37.950000000000045,1480,45.7,200,0,0,0,0,0,0,0,9000,0.22736318407960202,250
H33189,H,29.350000000000023,37.950000000000045,1850,23.3,203,0,0,0,0,0,0,0,9135,0.1142156862745098,273
L50956,L,29.350000000000023,37.950000000000045,1538,36.8,208,0,0,0,0,0,0,1,9360,0.17607655502392344,304
M18637,M,29.25,37.950000000000045,1721,30.1,210,0,0,0,0,0,0,0,9450,0.14265402843601896,231
M18638,M,29.25,37.950000000000045,1366,54.4,0,0,0,0,0,0,0,0,0,54.4,237
L50959,L,29.150000000000034,37.85000000000002,1657,31.1,3,0,0,0,0,0,0,0,135,7.775,254
L50960,L,29.25,37.950000000000045,1446,42.9,5,0,0,0,0,0,0,1,225,7.1499999999999995,279
L50961,L,29.150000000000034,37.650000000000034,1465,43.8,7,0,0,0,0,0,0,1,315,5.475,165
L50962,L,29.05000000000001,37.650000000000034,1827,23.8,9,0,0,0,0,0,0,0,405,2.38,163
H33197,H,29.05000000000001,37.650000000000034,1397,47.6,11,0,0,0,0,0,0,0,495,3.966666666666667,277
L50964,L,29.05000000000001,37.650000000000034,1744,29.7,16,0,0,0,0,0,0,1,720,1.7470588235294118,294
L50965,L,29.150000000000034,37.75,1545,36.7,18,0,0,0,0,0,0,1,810,1.9315789473684213,209
L50966,L,29.150000000000034,37.75,1587,36.6,20,0,0,0,0,0,0,0,900,1.7428571428571429,347
L50967,L,29.150000000000034,37.650000000000034,1377,47.3,22,1,0,1,0,0,0,2,990,2.0565217391304347,21
L50968,L,29.150000000000034,37.650000000000034,1511,48.1,24,0,0,0,0,0,0,0,1080,1.9240000000000002,194
L50969,L,29.150000000000034,37.650000000000034,1650,32.4,26,0,0,0,0,0,0,1,1170,1.2,187
L50970,L,29.150000000000034,37.75,1412,48.9,28,0,0,0,0,0,0,0,1260,1.686206896551724,273
L50971,L,29.150000000000034,37.85000000000002,1528,43.1,30,0,0,0,0,0,0,0,1350,1.3903225806451613,253
L50972,L,29.150000000000034,37.75,1459,35.0,32,0,0,0,0,0,0,1,1440,1.0606060606060606,213
L50973,L,29.150000000000034,37.75,1379,49.3,34,1,0,1,0,0,0,6,1530,1.4085714285714286,49
M18654,M,29.05000000000001,37.650000000000034,1356,48.3,36,0,0,0,0,0,0,1,1620,1.3054054054054054,155
M18655,M,28.950000000000045,37.650000000000034,1409,41.3,39,0,0,0,0,0,0,1,1755,1.0325,337
M18656,M,28.950000000000045,37.650000000000034,1504,37.5,42,0,0,0,0,0,0,1,1890,0.872093023255814,261
L50977,L,28.950000000000045,37.650000000000034,1622,36.8,45,0,0,0,0,0,0,0,2025,0.7999999999999999,251
L50978,L,28.950000000000045,37.650000000000034,1786,25.7,47,0,0,0,0,0,0,0,2115,0.5354166666666667,198
L50979,L,29.05000000000001,37.75,1506,34.0,49,0,0,0,0,0,0,0,2205,0.68,170
M18660,M,28.950000000000045,37.75,1916,23.1,51,0,0,0,0,0,0,1,2295,0.44423076923076926,172
M18661,M,29.05000000000001,37.75,1771,27.6,54,0,0,0,0,0,0,0,2430,0.5018181818181818,225
M18662,M,29.05000000000001,37.75,1488,44.2,57,0,0,0,0,0,0,0,2565,0.7620689655172415,334
L50983,L,29.05000000000001,37.75,1531,37.5,60,0,0,0,0,0,0,0,2700,0.6147540983606558,213
L50984,L,29.150000000000034,37.75,1529,33.4,62,0,0,0,0,0,0,0,2790,0.5301587301587302,306
M18665,M,29.25,37.85000000000002,1580,36.5,64,0,0,0,0,0,0,1,2880,0.5615384615384615,176
M18666,M,29.150000000000034,37.75,1360,44.0,67,1,0,1,0,0,0,2,3015,0.6470588235294118,55
M18667,M,29.150000000000034,37.85000000000002,1546,35.5,70,0,0,0,0,0,0,1,3150,0.5,298
M18668,M,29.150000000000034,37.75,1762,24.5,73,0,0,0,0,0,0,1,3285,0.3310810810810811,220
L50989,L,29.05000000000001,37.650000000000034,1350,56.6,76,0,0,0,0,0,0,1,3420,0.7350649350649351,256
M18670,M,29.05000000000001,37.650000000000034,1562,38.1,78,0,0,0,0,0,0,1,3510,0.48227848101265824,318
M18671,M,28.950000000000045,37.55000000000001,1608,30.3,81,0,0,0,0,0,0,0,3645,0.3695121951219512,357
L50992,L,28.850000000000023,37.450000000000045,1392,50.0,84,0,0,0,0,0,0,0,3780,0.5882352941176471,282
L50993,L,28.850000000000023,37.450000000000045,1467,44.9,86,0,0,0,0,0,0,0,3870,0.5160919540229885,292
M18674,M,28.950000000000045,37.450000000000045,1326,59.1,88,1,0,1,0,0,0,5,3960,0.6640449438202247,40
L50995,L,29.05000000000001,37.55000000000001,1769,24.9,91,0,0,0,0,0,0,0,4095,0.27065217391304347,207
L50996,L,28.950000000000045,37.450000000000045,1459,47.6,93,0,0,0,0,0,0,1,4185,0.5063829787234043,281
M18677,M,28.950000000000045,37.450000000000045,1421,52.0,95,0,0,0,0,0,0,0,4275,0.5416666666666666,346
L50998,L,28.950000000000045,37.55000000000001,1491,42.8,98,0,0,0,0,0,0,0,4410,0.4323232323232323,284
L50999,L,29.05000000000001,37.55000000000001,1567,36.4,100,0,0,0,0,0,0,0,4500,0.3603960396039604,184
L51000,L,29.150000000000034,37.650000000000034,1421,41.4,102,0,0,0,0,0,0,1,4590,0.40194174757281553,313
L51001,L,29.150000000000034,37.75,1596,33.5,104,0,0,0,0,0,0,0,4680,0.319047619047619,270
M18682,M,29.25,37.85000000000002,1464,44.2,106,0,0,0,0,0,0,1,4770,0.4130841121495327,292
M18683,M,29.150000000000034,37.75,1581,36.1,109,0,0,0,0,0,0,1,4905,0.3281818181818182,279
L51004,L,29.150000000000034,37.75,1620,30.3,112,0,0,0,0,0,0,1,5040,0.268141592920354,269
H33239,H,29.05000000000001,37.55000000000001,1413,48.9,114,0,0,0,0,0,0,0,5130,0.4252173913043478,334
H33240,H,29.150000000000034,37.650000000000034,1438,43.8,119,0,0,0,0,0,0,0,5355,0.365,154
M18687,M,29.25,37.75,1469,41.6,124,0,0,0,0,0,0,1,5580,0.3328,220
M18688,M,29.150000000000034,37.650000000000034,1762,27.8,127,0,0,0,0,0,0,1,5715,0.2171875,235
H33243,H,29.150000000000034,37.75,1366,48.4,130,1,0,1,0,0,0,4,5850,0.3694656488549618,32
L51010,L,29.150000000000034,37.75,1891,22.7,135,0,0,0,0,0,0,1,6075,0.16691176470588234,309
M18691,M,29.150000000000034,37.75,1742,29.7,137,0,0,0,0,0,0,1,6165,0.21521739130434783,349
M18692,M,29.05000000000001,37.75,1465,43.5,140,0,0,0,0,0,0,0,6300,0.30851063829787234,190
M18693,M,29.150000000000034,37.85000000000002,1541,36.6,143,0,0,0,0,0,0,0,6435,0.25416666666666665,319
M18694,M,29.150000000000034,37.950000000000045,1295,57.1,146,0,0,0,0,0,0,0,6570,0.3884353741496599,224
M18695,M,29.150000000000034,37.950000000000045,1435,43.1,149,0,0,0,0,0,0,1,6705,0.28733333333333333,342
L51016,L,29.25,38.05000000000001,1466,43.9,152,0,0,0,0,0,0,1,6840,0.2869281045751634,317
L51017,L,29.25,38.05000000000001,1450,47.9,154,0,0,0,0,0,0,0,6930,0.3090322580645161,232
L51018,L,29.25,37.950000000000045,1880,24.5,156,0,0,0,0,0,0,0,7020,0.15605095541401273,187
M18699,M,29.150000000000034,37.85000000000002,1578,33.5,158,0,0,0,0,0,0,1,7110,0.21069182389937108,191
L51020,L,29.25,37.85000000000002,1610,33.1,161,0,0,0,0,0,0,1,7245,0.204320987654321,314
L51021,L,29.25,37.950000000000045,1565,42.8,163,0,0,0,0,0,0,1,7335,0.26097560975609757,205
L51022,L,29.350000000000023,38.05000000000001,1545,40.1,165,0,0,0,0,0,0,0,7425,0.24156626506024098,220
L51023,L,29.350000000000023,38.05000000000001,1227,60.1,167,0,0,0,0,0,0,1,7515,0.35773809523809524,204
L51024,L,29.25,37.950000000000045,1484,45.9,169,0,0,0,0,0,0,1,7605,0.27,331
L51025,L,29.150000000000034,37.85000000000002,1591,32.7,171,0,0,0,0,0,0,1,7695,0.19011627906976747,171
L51026,L,29.150000000000034,37.75,1403,47.2,173,0,0,0,0,0,0,0,7785,0.271264367816092,176
M18707,M,29.150000000000034,37.85000000000002,1450,45.7,175,0,0,0,0,0,0,1,7875,0.25965909090909095,254
L51028,L,29.150000000000034,37.75,1720,28.1,178,0,0,0,0,0,0,0,8010,0.1569832402234637,324
L51029,L,29.150000000000034,37.85000000000002,1561,37.2,180,0,0,0,0,0,0,1,8100,0.20552486187845306,187
M18710,M,29.150000000000034,37.85000000000002,1421,41.3,182,0,0,0,0,0,0,1,8190,0.2256830601092896,261
H33265,H,29.05000000000001,37.75,1415,48.4,185,0,0,0,0,0,0,0,8325,0.26021505376344084,188
L51032,L,29.150000000000034,37.75,2034,19.7,190,0,0,0,0,0,0,1,8550,0.1031413612565445,292
L51033,L,29.25,37.85000000000002,1486,40.4,192,0,0,0,0,0,0,0,8640,0.20932642487046632,268
L51034,L,29.25,37.85000000000002,1338,67.6,194,1,0,0,1,1,0,3,8730,0.3466666666666666,58
H33269,H,29.25,37.950000000000045,1578,32.3,196,0,0,0,0,0,0,0,8820,0.16395939086294414,338
M18716,M,29.25,38.05000000000001,1330,58.6,201,0,0,0,0,0,0,1,9045,0.2900990099009901,209
H33271,H,29.25,38.05000000000001,1506,40.8,204,0,0,0,0,0,0,0,9180,0.19902439024390242,285
L51038,L,29.350000000000023,38.25,1559,37.6,209,0,0,0,0,0,0,0,9405,0.17904761904761907,193
L51039,L,29.450000000000045,38.35000000000002,1599,37.0,211,0,0,0,0,0,0,1,9495,0.17452830188679244,192
L51040,L,29.450000000000045,38.35000000000002,1427,38.9,213,0,0,0,0,0,0,0,9585,0.18177570093457943,283
M18721,M,29.350000000000023,38.35000000000002,1481,41.1,215,0,0,0,0,0,0,1,9675,0.1902777777777778,361
H33276,H,29.350000000000023,38.35000000000002,1496,43.8,218,0,0,0,0,0,0,0,9810,0.19999999999999998,304
L51043,L,29.350000000000023,38.25,1674,27.0,223,0,0,0,0,0,0,1,10035,0.12053571428571429,322
M18724,M,29.350000000000023,38.25,1629,31.7,225,0,0,0,0,0,0,1,10125,0.14026548672566372,172
H33279,H,29.450000000000045,38.35000000000002,1629,34.4,228,1,1,0,0,0,0,2,10260,0.1502183406113537,45
L51046,L,29.450000000000045,38.450000000000045,1311,53.2,0,0,0,0,0,0,0,1,0,53.2,271
M18727,M,29.55000000000001,38.450000000000045,2709,9.7,2,1,0,0,1,0,0,4,90,3.233333333333333,59
M18728,M,29.55000000000001,38.55000000000001,1759,29.9,5,0,0,0,0,0,0,1,225,4.983333333333333,345
L51049,L,29.55000000000001,38.55000000000001,1480,45.2,8,0,0,0,0,0,0,1,360,5.022222222222222,233
L51050,L,29.55000000000001,38.650000000000034,1461,46.1,10,0,0,0,0,0,0,1,450,4.190909090909091,255
M18731,M,29.55000000000001,38.650000000000034,1728,30.0,12,0,0,0,0,0,0,1,540,2.3076923076923075,213
L51052,L,29.55000000000001,38.75,1389,46.5,15,0,0,0,0,0,0,1,675,2.90625,302
L51053,L,29.450000000000045,38.650000000000034,1638,35.1,17,0,0,0,0,0,0,0,765,1.9500000000000002,274
L51054,L,29.450000000000045,38.55000000000001,1254,54.1,19,0,0,0,0,0,0,1,855,2.705,363
L51055,L,29.450000000000045,38.650000000000034,1427,50.1,21,0,0,0,0,0,0,0,945,2.2772727272727273,201
L51056,L,29.450000000000045,38.650000000000034,1627,31.8,23,0,0,0,0,0,0,0,1035,1.325,197
H33291,H,29.450000000000045,38.55000000000001,1471,48.3,25,0,0,0,0,0,0,1,1125,1.8576923076923075,210
L51058,L,29.450000000000045,38.55000000000001,1773,27.1,30,0,0,0,0,0,0,1,1350,0.8741935483870968,166
M18739,M,29.450000000000045,38.55000000000001,1430,51.7,32,0,0,0,0,0,0,0,1440,1.5666666666666667,189
L51060,L,29.350000000000023,38.450000000000045,1595,29.5,35,0,0,0,0,0,0,0,1575,0.8194444444444444,224
L51061,L,29.350000000000023,38.35000000000002,1521,44.1,37,0,0,0,0,0,0,0,1665,1.1605263157894736,238
L51062,L,29.350000000000023,38.450000000000045,1419,43.7,39,0,0,0,0,0,0,1,1755,1.0925,218
M18743,M,29.25,38.25,1534,40.1,41,0,0,0,0,0,0,0,1845,0.9547619047619048,234
H33298,H,29.350000000000023,38.35000000000002,1626,36.0,44,0,0,0,0,0,0,0,1980,0.8,175
L51065,L,29.350000000000023,38.35000000000002,1677,29.2,49,0,0,0,0,0,0,1,2205,0.584,357
L51066,L,29.25,38.150000000000034,1392,50.5,51,0,0,0,0,0,0,0,2295,0.9711538461538461,333
L51067,L,29.25,38.05000000000001,1448,50.5,53,0,0,0,0,0,0,1,2385,0.9351851851851852,189
L51068,L,29.150000000000034,38.05000000000001,1903,22.9,55,0,0,0,0,0,0,0,2475,0.4089285714285714,362
L51069,L,29.25,38.05000000000001,1404,52.0,57,0,0,0,0,0,0,1,2565,0.896551724137931,245
L51070,L,29.150000000000034,38.05000000000001,1386,53.5,59,0,0,0,0,0,0,0,2655,0.8916666666666667,345
L51071,L,29.05000000000001,37.950000000000045,1418,47.0,61,0,0,0,0,0,0,1,2745,0.7580645161290323,266
M18752,M,29.150000000000034,37.950000000000045,1338,53.3,63,0,0,0,0,0,0,1,2835,0.8328125,285
L51073,L,29.150000000000034,38.05000000000001,1549,40.6,66,0,0,0,0,0,0,0,2970,0.6059701492537314,222
M18754,M,29.150000000000034,38.05000000000001,1432,42.7,68,0,0,0,0,0,0,1,3060,0.618840579710145,194
M18755,M,29.150000000000034,38.05000000000001,1546,40.0,71,0,0,0,0,0,0,0,3195,0.5555555555555556,166
M18756,M,29.05000000000001,38.05000000000001,1627,33.2,74,0,0,0,0,0,0,1,3330,0.4426666666666667,318
M18757,M,29.05000000000001,37.950000000000045,1640,32.8,77,0,0,0,0,0,0,1,3465,0.42051282051282046,226
M18758,M,28.950000000000045,37.950000000000045,1423,36.8,80,0,0,0,0,0,0,1,3600,0.45432098765432094,286
M18759,M,28.950000000000045,37.85000000000002,1711,28.7,83,0,0,0,0,0,0,1,3735,0.3416666666666667,347
M18760,M,28.950000000000045,37.950000000000045,1450,51.6,86,0,0,0,0,0,0,1,3870,0.593103448275862,240
H33315,H,29.05000000000001,37.950000000000045,1553,34.1,89,0,0,0,0,0,0,1,4005,0.3788888888888889,255
L51082,L,29.05000000000001,37.950000000000045,1630,34.6,94,0,0,0,0,0,0,1,4230,0.3642105263157895,250
H33317,H,29.05000000000001,37.950000000000045,1476,39.6,96,0,0,0,0,0,0,0,4320,0.40824742268041236,252
H33318,H,29.05000000000001,37.950000000000045,1426,50.6,101,0,0,0,0,0,0,0,4545,0.49607843137254903,173
M18765,M,29.05000000000001,38.05000000000001,1561,34.9,106,0,0,0,0,0,0,1,4770,0.3261682242990654,222
L51086,L,29.150000000000034,38.05000000000001,1297,62.5,109,0,0,0,0,0,0,1,4905,0.5681818181818182,270
M18767,M,29.150000000000034,38.05000000000001,1842,23.9,111,0,0,0,0,0,0,1,4995,0.21339285714285713,255
L51088,L,29.150000000000034,38.05000000000001,1633,36.4,114,0,0,0,0,0,0,0,5130,0.31652173913043474,288
H33323,H,29.150000000000034,38.150000000000034,1744,30.3,116,0,0,0,0,0,0,1,5220,0.258974358974359,184
L51090,L,29.25,38.25,1831,26.9,121,0,0,0,0,0,0,0,5445,0.2204918032786885,306
M18771,M,29.150000000000034,38.150000000000034,1339,50.8,123,0,0,0,0,0,0,1,5535,0.4096774193548387,285
L51092,L,29.25,38.25,1475,40.4,126,0,0,0,0,0,0,1,5670,0.3181102362204724,166
M18773,M,29.25,38.25,1675,29.6,128,0,0,0,0,0,0,1,5760,0.2294573643410853,348
L51094,L,29.350000000000023,38.35000000000002,1493,35.1,131,0,0,0,0,0,0,1,5895,0.26590909090909093,289
L51095,L,29.350000000000023,38.35000000000002,1700,29.5,133,0,0,0,0,0,0,1,5985,0.22014925373134328,356
L51096,L,29.450000000000045,38.450000000000045,1453,37.0,135,0,0,0,0,0,0,0,6075,0.27205882352941174,242
L51097,L,29.450000000000045,38.55000000000001,1542,34.1,137,0,0,0,0,0,0,1,6165,0.24710144927536232,258
M18778,M,29.350000000000023,38.35000000000002,1358,52.7,139,0,0,0,0,0,0,0,6255,0.37642857142857145,199
H33333,H,29.350000000000023,38.35000000000002,1655,32.3,142,0,0,0,0,0,0,0,6390,0.22587412587412586,263
L51100,L,29.450000000000045,38.35000000000002,1885,27.5,147,0,0,0,0,0,0,1,6615,0.1858108108108108,173
L51101,L,29.55000000000001,38.35000000000002,1494,41.4,149,0,0,0,0,0,0,1,6705,0.27599999999999997,186
M18782,M,29.450000000000045,38.25,1757,29.5,151,0,0,0,0,0,0,1,6795,0.19407894736842105,355
M18783,M,29.450000000000045,38.25,1718,31.2,154,0,0,0,0,0,0,0,6930,0.20129032258064516,160
M18784,M,29.350000000000023,38.25,1636,35.0,157,0,0,0,0,0,0,0,7065,0.22151898734177214,248
L51105,L,29.450000000000045,38.450000000000045,1638,29.6,160,0,0,0,0,0,0,0,7200,0.18385093167701863,358
L51106,L,29.450000000000045,38.35000000000002,1609,36.0,162,0,0,0,0,0,0,1,7290,0.22085889570552147,336
H33341,H,29.55000000000001,38.35000000000002,1556,35.0,164,0,0,0,0,0,0,0,7380,0.21212121212121213,204
L51108,L,29.450000000000045,38.35000000000002,1442,59.8,169,1,0,0,1,0,0,3,7605,0.3517647058823529,10
M18789,M,29.55000000000001,38.450000000000045,1501,38.8,171,0,0,0,0,0,0,0,7695,0.2255813953488372,216
M18790,M,29.450000000000045,38.450000000000045,2041,19.2,174,0,0,0,0,0,0,1,7830,0.10971428571428571,337
M18791,M,29.55000000000001,38.55000000000001,1784,25.1,177,0,0,0,0,0,0,0,7965,0.14101123595505619,151
L51112,L,29.450000000000045,38.450000000000045,1953,22.4,180,0,0,0,0,0,0,0,8100,0.12375690607734806,217
L51113,L,29.450000000000045,38.450000000000045,1576,34.7,182,0,0,0,0,0,0,1,8190,0.18961748633879782,295
M18794,M,29.450000000000045,38.450000000000045,1518,39.0,184,0,0,0,0,0,0,1,8280,0.21081081081081082,297
M18795,M,29.450000000000045,38.450000000000045,1227,68.2,187,1,0,0,0,1,0,3,8415,0.3627659574468085,56
L51116,L,29.350000000000023,38.35000000000002,1985,18.8,190,0,0,0,0,0,0,0,8550,0.09842931937172775,212
L51117,L,29.350000000000023,38.35000000000002,1802,26.4,192,0,0,0,0,0,0,0,8640,0.13678756476683937,355
L51118,L,29.350000000000023,38.35000000000002,1603,32.4,194,0,0,0,0,0,0,0,8730,0.16615384615384615,221
L51119,L,29.350000000000023,38.450000000000045,1400,54.0,196,0,0,0,0,0,0,1,8820,0.27411167512690354,279
L51120,L,29.150000000000034,38.35000000000002,1395,54.2,198,0,0,0,0,0,0,0,8910,0.27236180904522617,232
L51121,L,29.05000000000001,38.25,1987,19.9,200,0,0,0,0,0,0,1,9000,0.0990049751243781,191
M18802,M,29.05000000000001,38.25,1398,47.2,202,0,0,0,0,0,0,1,9090,0.23251231527093597,305
L51123,L,29.150000000000034,38.25,1333,66.7,205,1,0,0,1,1,0,5,9225,0.3237864077669903,39
L51124,L,29.05000000000001,38.05000000000001,1381,49.4,207,0,0,0,0,0,0,0,9315,0.2375,346
L51125,L,29.05000000000001,38.150000000000034,1570,36.1,0,0,0,0,0,0,0,0,0,36.1,256
M18806,M,29.05000000000001,38.150000000000034,1658,31.0,2,0,0,0,0,0,0,1,90,10.333333333333334,177
H33361,H,29.05000000000001,38.150000000000034,1749,29.2,5,0,0,0,0,0,0,1,225,4.866666666666666,337
M18808,M,29.05000000000001,38.150000000000034,1510,37.1,10,0,0,0,0,0,0,0,450,3.372727272727273,254
L51129,L,29.150000000000034,38.35000000000002,1384,50.8,13,0,0,0,0,0,0,1,585,3.6285714285714286,261
L51130,L,29.150000000000034,38.25,1570,37.2,15,0,0,0,0,0,0,0,675,2.325,282
M18811,M,29.150000000000034,38.25,1571,32.7,17,0,0,0,0,0,0,0,765,1.8166666666666669,164
L51132,L,29.150000000000034,38.25,1476,37.3,20,0,0,0,0,0,0,0,900,1.776190476190476,259
M18813,M,29.150000000000034,38.25,1484,39.5,22,0,0,0,0,0,0,1,990,1.7173913043478262,222
M18814,M,29.150000000000034,38.25,1909,23.2,25,0,0,0,0,0,0,1,1125,0.8923076923076922,309
L51135,L,29.150000000000034,38.35000000000002,1448,49.6,28,0,0,0,0,0,0,0,1260,1.710344827586207,329
M18816,M,29.150000000000034,38.25,1500,40.2,30,0,0,0,0,0,0,0,1350,1.2967741935483872,239
L51137,L,29.05000000000001,38.25,1510,44.9,33,0,0,0,0,0,0,1,1485,1.3205882352941176,186
L51138,L,29.05000000000001,38.150000000000034,1378,55.5,35,0,0,0,0,0,0,0,1575,1.5416666666666667,292
M18819,M,29.05000000000001,38.25,1538,37.4,37,0,0,0,0,0,0,1,1665,0.9842105263157894,318
L51140,L,29.05000000000001,38.25,1390,48.1,40,0,0,0,0,0,0,0,1800,1.173170731707317,153
M18821,M,29.05000000000001,38.25,1642,32.1,42,0,0,0,0,0,0,1,1890,0.7465116279069768,330
L51142,L,29.25,38.35000000000002,1785,24.8,45,0,0,0,0,0,0,0,2025,0.5391304347826087,233
H33377,H,29.150000000000034,38.35000000000002,1526,38.2,47,0,0,0,0,0,0,1,2115,0.7958333333333334,304
M18824,M,29.150000000000034,38.450000000000045,1668,33.2,52,0,0,0,0,0,0,0,2340,0.6264150943396227,298
L51145,L,29.150000000000034,38.35000000000002,1507,37.5,55,0,0,0,0,0,0,1,2475,0.6696428571428571,209
L51146,L,29.150000000000034,38.35000000000002,1530,37.8,57,0,0,0,0,0,0,1,2565,0.6517241379310345,235
M18827,M,29.150000000000034,38.25,1479,45.6,59,0,0,0,0,0,0,1,2655,0.76,341
M18828,M,29.150000000000034,38.25,1418,41.3,62,0,0,0,0,0,0,1,2790,0.6555555555555556,220
L51149,L,29.150000000000034,38.25,1504,38.7,65,0,0,0,0,0,0,0,2925,0.5863636363636364,324
M18830,M,29.150000000000034,38.25,1345,47.6,67,0,0,0,0,0,0,1,3015,0.7000000000000001,331
H33385,H,29.05000000000001,38.25,1625,35.4,70,0,0,0,0,0,0,1,3150,0.49859154929577465,180
L51152,L,29.150000000000034,38.25,1511,34.7,75,0,0,0,0,0,0,0,3375,0.4565789473684211,166
L51153,L,29.150000000000034,38.25,1535,41.8,77,0,0,0,0,0,0,1,3465,0.5358974358974359,327
L51154,L,29.25,38.35000000000002,1505,37.9,79,0,0,0,0,0,0,0,3555,0.47375,156
H33389,H,29.25,38.35000000000002,1540,43.7,81,0,0,0,0,0,0,1,3645,0.5329268292682927,275
H33390,H,29.150000000000034,38.25,1372,46.0,86,0,0,0,0,0,0,1,3870,0.5287356321839081,232
M18837,M,29.05000000000001,38.150000000000034,1510,36.6,91,0,0,0,0,0,0,1,4095,0.3978260869565218,177
L51158,L,29.05000000000001,38.150000000000034,1382,46.4,94,0,0,0,0,0,0,1,4230,0.4884210526315789,159
L51159,L,29.150000000000034,38.150000000000034,1439,41.8,96,0,0,0,0,0,0,1,4320,0.43092783505154636,176
M18840,M,29.05000000000001,38.150000000000034,1375,47.0,98,0,0,0,0,0,0,1,4410,0.47474747474747475,290
M18841,M,29.05000000000001,38.150000000000034,1931,21.9,101,0,0,0,0,0,0,0,4545,0.21470588235294116,343
L51162,L,29.05000000000001,38.150000000000034,1475,48.6,104,0,0,0,0,0,0,0,4680,0.46285714285714286,363
L51163,L,29.05000000000001,38.150000000000034,1389,46.9,106,0,0,0,0,0,0,1,4770,0.4383177570093458,361
L51164,L,29.150000000000034,38.150000000000034,1652,32.8,108,0,0,0,0,0,0,1,4860,0.3009174311926605,337
L51165,L,29.150000000000034,38.05000000000001,1386,50.3,110,0,0,0,0,0,0,0,4950,0.45315315315315313,276
M18846,M,29.05000000000001,38.150000000000034,1577,29.8,112,0,0,0,0,0,0,0,5040,0.26371681415929205,192
M18847,M,29.150000000000034,38.150000000000034,1444,43.1,115,0,0,0,0,0,0,1,5175,0.371551724137931,218
L51168,L,29.05000000000001,38.150000000000034,1554,40.2,118,0,0,0,0,0,0,1,5310,0.3378151260504202,212
L51169,L,29.05000000000001,38.150000000000034,1602,32.8,120,0,0,0,0,0,0,1,5400,0.27107438016528923,219
H33404,H,29.05000000000001,38.05000000000001,1692,28.2,122,0,0,0,0,0,0,1,5490,0.2292682926829268,248
L51171,L,29.150000000000034,38.150000000000034,1682,34.4,127,0,0,0,0,0,0,1,5715,0.26875,342
L51172,L,29.150000000000034,38.150000000000034,1614,34.1,129,0,0,0,0,0,0,1,5805,0.2623076923076923,344
L51173,L,29.150000000000034,38.150000000000034,1324,47.8,131,0,0,0,0,0,0,0,5895,0.3621212121212121,331
L51174,L,29.150000000000034,38.25,1434,40.3,133,0,0,0,0,0,0,1,5985,0.3007462686567164,313
L51175,L,29.150000000000034,38.150000000000034,1621,31.6,135,0,0,0,0,0,0,1,6075,0.2323529411764706,220
M18856,M,29.150000000000034,38.150000000000034,1625,33.1,137,0,0,0,0,0,0,0,6165,0.23985507246376814,242
L51177,L,29.05000000000001,37.950000000000045,1394,53.7,140,0,0,0,0,0,0,0,6300,0.38085106382978723,292
L51178,L,28.950000000000045,37.85000000000002,1586,35.1,142,0,0,0,0,0,0,0,6390,0.24545454545454545,352
L51179,L,28.850000000000023,37.85000000000002,1420,45.9,144,0,0,0,0,0,0,0,6480,0.31655172413793103,295
L51180,L,28.950000000000045,38.05000000000001,1422,50.3,146,0,0,0,0,0,0,1,6570,0.3421768707482993,281
H33415,H,28.950000000000045,38.05000000000001,1598,37.9,148,0,0,0,0,0,0,0,6660,0.2543624161073825,160
L51182,L,28.950000000000045,38.05000000000001,1454,59.2,153,1,0,0,1,0,0,3,6885,0.38441558441558443,47
L51183,L,28.950000000000045,38.05000000000001,1519,39.3,155,0,0,0,0,0,0,1,6975,0.2519230769230769,271
L51184,L,28.850000000000023,37.950000000000045,1373,55.7,157,0,0,0,0,0,0,0,7065,0.35253164556962024,328
M18865,M,28.850000000000023,37.950000000000045,1406,48.8,159,0,0,0,0,0,0,0,7155,0.305,335
L51186,L,28.950000000000045,38.05000000000001,1492,45.0,162,0,0,0,0,0,0,1,7290,0.27607361963190186,337
L51187,L,28.950000000000045,38.05000000000001,1369,50.8,164,0,0,0,0,0,0,1,7380,0.30787878787878786,167
M18868,M,29.05000000000001,38.05000000000001,1471,41.9,166,0,0,0,0,0,0,1,7470,0.25089820359281434,356
L51189,L,29.05000000000001,38.05000000000001,1630,36.0,169,0,0,0,0,0,0,1,7605,0.21176470588235294,216
M18870,M,28.950000000000045,37.950000000000045,1605,37.6,171,0,0,0,0,0,0,1,7695,0.2186046511627907,294
L51191,L,29.05000000000001,37.950000000000045,1447,52.1,174,0,0,0,0,0,0,1,7830,0.2977142857142857,246
M18872,M,29.05000000000001,38.05000000000001,1360,52.8,176,0,0,0,0,0,0,1,7920,0.29830508474576267,183
M18873,M,29.05000000000001,37.950000000000045,1728,34.0,179,0,0,0,0,0,0,0,8055,0.18888888888888888,307
L51194,L,28.950000000000045,37.85000000000002,1740,30.8,182,0,0,0,0,0,0,0,8190,0.16830601092896175,296
L51195,L,28.950000000000045,37.75,1477,41.4,184,0,0,0,0,0,0,1,8280,0.22378378378378377,286
L51196,L,28.950000000000045,37.75,1658,30.3,186,0,0,0,0,0,0,0,8370,0.16203208556149734,317
L51197,L,28.850000000000023,37.650000000000034,1902,23.4,188,0,0,0,0,0,0,1,8460,0.1238095238095238,193
M18878,M,28.850000000000023,37.650000000000034,1783,23.1,190,0,0,0,0,0,0,0,8550,0.12094240837696336,244
M18879,M,28.850000000000023,37.75,1558,45.3,193,0,0,0,0,0,0,1,8685,0.23350515463917523,336
L51200,L,28.950000000000045,37.85000000000002,1351,49.5,196,0,0,0,0,0,0,0,8820,0.2512690355329949,240
H33435,H,28.950000000000045,37.75,1452,42.5,198,0,0,0,0,0,0,1,8910,0.2135678391959799,260
L51202,L,28.950000000000045,37.75,1666,30.7,203,0,0,0,0,0,0,0,9135,0.15049019607843137,302
L51203,L,28.950000000000045,37.85000000000002,1364,50.0,205,0,0,0,0,0,0,1,9225,0.24271844660194175,220
M18884,M,28.950000000000045,37.85000000000002,1351,60.3,207,1,0,0,0,1,0,5,9315,0.2899038461538461,9
H33439,H,28.950000000000045,37.85000000000002,1729,26.1,210,0,0,0,0,0,0,0,9450,0.12369668246445498,325
M18886,M,28.950000000000045,37.85000000000002,1574,34.1,215,0,0,0,0,0,0,1,9675,0.15787037037037038,220
L51207,L,28.850000000000023,37.85000000000002,1566,37.8,218,0,0,0,0,0,0,0,9810,0.17260273972602738,361
L51208,L,28.850000000000023,37.75,1455,43.2,220,0,0,0,0,0,0,0,9900,0.19547511312217195,202
H33443,H,28.850000000000023,37.75,1679,29.0,222,0,0,0,0,0,0,0,9990,0.13004484304932734,257
L51210,L,28.850000000000023,37.650000000000034,2143,17.3,227,0,0,0,0,0,0,0,10215,0.07587719298245614,326
L51211,L,28.850000000000023,37.650000000000034,1447,42.7,229,0,0,0,0,0,0,0,10305,0.18565217391304348,320
L51212,L,28.850000000000023,37.650000000000034,1383,50.3,231,1,0,0,0,1,0,6,10395,0.21681034482758618,40
L51213,L,28.950000000000045,37.650000000000034,1772,27.1,233,0,0,0,0,0,0,1,10485,0.11581196581196582,215
L51214,L,28.850000000000023,37.650000000000034,1615,29.0,235,1,1,0,0,0,0,2,10575,0.1228813559322034,45
L51215,L,28.850000000000023,37.650000000000034,1454,36.6,0,0,0,0,0,0,0,1,0,36.6,358
L51216,L,28.850000000000023,37.650000000000034,1445,49.1,2,0,0,0,0,0,0,0,90,16.366666666666667,350
M18897,M,28.850000000000023,37.650000000000034,1609,35.2,4,0,0,0,0,0,0,1,180,7.040000000000001,331
L51218,L,28.850000000000023,37.75,1546,34.4,7,0,0,0,0,0,0,0,315,4.3,150
L51219,L,28.75,37.650000000000034,1567,39.3,9,0,0,0,0,0,0,0,405,3.9299999999999997,255
L51220,L,28.850000000000023,37.650000000000034,1767,27.4,11,0,0,0,0,0,0,0,495,2.283333333333333,204
L51221,L,28.850000000000023,37.75,1539,34.2,13,0,0,0,0,0,0,0,585,2.442857142857143,164
L51222,L,28.850000000000023,37.75,1564,39.0,15,0,0,0,0,0,0,1,675,2.4375,276
M18903,M,28.850000000000023,37.650000000000034,1445,46.3,17,0,0,0,0,0,0,1,765,2.572222222222222,362
M18904,M,28.75,37.75,1419,47.7,20,1,0,0,0,0,0,5,900,2.2714285714285714,52
M18905,M,28.650000000000034,37.75,1881,20.9,23,0,0,0,0,0,0,0,1035,0.8708333333333332,270
M18906,M,28.75,37.75,1421,46.2,26,0,0,0,0,0,0,1,1170,1.7111111111111112,300
L51227,L,28.75,37.85000000000002,1455,46.0,29,0,0,0,0,0,0,1,1305,1.5333333333333334,215
L51228,L,28.75,37.85000000000002,2691,12.1,31,1,0,0,1,0,0,5,1395,0.378125,33
L51229,L,28.650000000000034,37.650000000000034,1505,41.2,33,0,0,0,0,0,0,0,1485,1.211764705882353,263
L51230,L,28.650000000000034,37.650000000000034,1456,46.6,35,0,0,0,0,0,0,0,1575,1.2944444444444445,286
L51231,L,28.650000000000034,37.650000000000034,1383,46.4,37,0,0,0,0,0,0,1,1665,1.2210526315789474,343
M18912,M,28.75,37.650000000000034,1563,39.2,39,0,0,0,0,0,0,1,1755,0.9800000000000001,343
M18913,M,28.75,37.75,2305,16.1,42,0,0,0,0,0,0,0,1890,0.37441860465116283,295
M18914,M,28.75,37.75,1456,43.6,45,0,0,0,0,0,0,1,2025,0.9478260869565218,294
L51235,L,28.850000000000023,37.85000000000002,1865,22.7,48,0,0,0,0,0,0,0,2160,0.463265306122449,221
L51236,L,28.75,37.75,1597,36.9,50,0,0,0,0,0,0,1,2250,0.7235294117647059,247
L51237,L,28.850000000000023,37.75,1495,38.6,52,0,0,0,0,0,0,0,2340,0.7283018867924529,311
M18918,M,28.850000000000023,37.75,1456,47.2,54,0,0,0,0,0,0,1,2430,0.8581818181818183,346
L51239,L,28.75,37.650000000000034,1465,44.3,57,0,0,0,0,0,0,1,2565,0.7637931034482758,341
M18920,M,28.850000000000023,37.75,1352,55.5,59,0,0,0,0,0,0,1,2655,0.925,193
L51241,L,28.75,37.650000000000034,1906,21.7,62,0,0,0,0,0,0,0,2790,0.34444444444444444,306
L51242,L,28.850000000000023,37.75,1446,44.0,64,0,0,0,0,0,0,0,2880,0.676923076923077,339
L51243,L,28.850000000000023,37.650000000000034,1948,19.7,66,0,0,0,0,0,0,0,2970,0.29402985074626864,165
L51244,L,28.75,37.55000000000001,1480,47.1,68,0,0,0,0,0,0,1,3060,0.682608695652174,227
M18925,M,28.75,37.55000000000001,1511,37.6,70,0,0,0,0,0,0,0,3150,0.5295774647887325,201
M18926,M,28.75,37.55000000000001,1472,47.0,73,0,0,0,0,0,0,1,3285,0.6351351351351351,151
L51247,L,28.75,37.55000000000001,1429,51.0,76,0,0,0,0,0,0,0,3420,0.6623376623376623,210
L51248,L,28.75,37.55000000000001,1405,48.8,78,0,0,0,0,0,0,0,3510,0.6177215189873417,281
M18929,M,28.75,37.55000000000001,1405,47.9,80,0,0,0,0,0,0,1,3600,0.591358024691358,275
L51250,L,28.850000000000023,37.55000000000001,1348,58.1,83,0,0,0,0,0,0,1,3735,0.6916666666666667,201
L51251,L,28.75,37.450000000000045,1331,68.6,85,1,0,0,1,0,0,6,3825,0.797674418604651,53
L51252,L,28.75,37.450000000000045,1610,33.4,87,0,0,0,0,0,0,0,3915,0.3795454545454545,329
M18933,M,28.75,37.450000000000045,1412,46.5,89,0,0,0,0,0,0,1,4005,0.5166666666666667,180
L51254,L,28.850000000000023,37.55000000000001,1453,42.7,92,0,0,0,0,0,0,1,4140,0.4591397849462366,303
L51255,L,28.850000000000023,37.450000000000045,1583,38.9,94,0,0,0,0,0,0,0,4230,0.4094736842105263,304
M18936,M,28.850000000000023,37.450000000000045,1539,37.4,96,0,0,0,0,0,0,1,4320,0.3855670103092783,270
L51257,L,28.850000000000023,37.35000000000002,1635,39.8,99,0,0,0,0,0,0,0,4455,0.39799999999999996,200
H33492,H,28.950000000000045,37.55000000000001,1294,62.4,101,1,0,1,0,0,0,4,4545,0.6117647058823529,32
L51259,L,28.850000000000023,37.35000000000002,1978,22.0,106,0,0,0,0,0,0,0,4770,0.205607476635514,325
L51260,L,28.850000000000023,37.25,1357,58.0,108,1,0,1,0,0,0,2,4860,0.5321100917431193,42
L51261,L,28.850000000000023,37.25,1336,58.2,110,1,0,1,0,0,0,6,4950,0.5243243243243243,16
L51262,L,28.850000000000023,37.25,1568,39.2,112,0,0,0,0,0,0,0,5040,0.3469026548672567,161
M18943,M,28.850000000000023,37.25,1567,36.4,114,0,0,0,0,0,0,1,5130,0.31652173913043474,248
L51264,L,28.850000000000023,37.25,1611,35.6,117,0,0,0,0,0,0,1,5265,0.3016949152542373,194
H33499,H,28.850000000000023,37.35000000000002,1841,23.6,119,0,0,0,0,0,0,1,5355,0.19666666666666668,183
L51266,L,28.850000000000023,37.35000000000002,1567,36.1,124,0,0,0,0,0,0,0,5580,0.2888,354
L51267,L,28.75,37.25,1376,54.9,126,1,0,1,0,0,0,6,5670,0.4322834645669291,57
L51268,L,28.75,37.35000000000002,1477,42.4,128,0,0,0,0,0,0,1,5760,0.32868217054263565,324
M18949,M,28.75,37.35000000000002,1590,40.3,130,0,0,0,0,0,0,0,5850,0.30763358778625954,170
L51270,L,28.850000000000023,37.35000000000002,2197,15.8,133,0,0,0,0,0,0,0,5985,0.11791044776119404,190
M18951,M,28.850000000000023,37.25,1595,32.9,135,0,0,0,0,0,0,0,6075,0.24191176470588235,352
H33506,H,28.850000000000023,37.35000000000002,1812,24.4,138,0,0,0,0,0,0,0,6210,0.17553956834532372,171
M18953,M,28.850000000000023,37.35000000000002,1573,32.1,143,0,0,0,0,0,0,1,6435,0.22291666666666668,170
L51274,L,28.850000000000023,37.35000000000002,1651,30.9,146,0,0,0,0,0,0,0,6570,0.21020408163265306,305
H33509,H,28.850000000000023,37.35000000000002,1459,43.2,148,0,0,0,0,0,0,1,6660,0.28993288590604027,344
L51276,L,28.75,37.25,1370,51.7,153,1,0,1,0,0,0,4,6885,0.33571428571428574,20
L51277,L,28.75,37.25,1518,34.1,155,0,0,0,0,0,0,0,6975,0.2185897435897436,163
L51278,L,28.850000000000023,37.150000000000034,1648,29.6,157,0,0,0,0,0,0,1,7065,0.18734177215189873,228
L51279,L,28.850000000000023,37.25,1464,47.2,159,0,0,0,0,0,0,1,7155,0.29500000000000004,222
L51280,L,28.850000000000023,37.25,1895,23.2,161,0,0,0,0,0,0,1,7245,0.14320987654320988,201
L51281,L,28.75,37.25,1884,23.4,163,0,0,0,0,0,0,0,7335,0.14268292682926828,320
L51282,L,28.850000000000023,37.25,1450,46.6,165,0,0,0,0,0,0,0,7425,0.28072289156626506,348
L51283,L,28.850000000000023,37.25,1448,43.4,167,0,0,0,0,0,0,1,7515,0.2583333333333333,225
L51284,L,28.950000000000045,37.35000000000002,1389,49.6,169,0,0,0,0,0,0,1,7605,0.2917647058823529,168
L51285,L,28.850000000000023,37.450000000000045,1583,35.2,171,0,0,0,0,0,0,0,7695,0.2046511627906977,176
L51286,L,28.75,37.35000000000002,1425,51.1,173,0,0,0,0,0,0,1,7785,0.29367816091954024,295
L51287,L,28.850000000000023,37.35000000000002,1809,27.1,175,0,0,0,0,0,0,1,7875,0.15397727272727274,162
L51288,L,28.75,37.35000000000002,1892,21.8,177,0,0,0,0,0,0,0,7965,0.12247191011235956,256
M18969,M,28.75,37.450000000000045,1475,47.8,179,0,0,0,0,0,0,1,8055,0.26555555555555554,278
L51290,L,28.850000000000023,37.450000000000045,1361,46.7,182,0,0,0,0,0,0,0,8190,0.2551912568306011,234
M18971,M,28.850000000000023,37.450000000000045,1563,41.0,184,0,0,0,0,0,0,0,8280,0.22162162162162163,311
H33526,H,28.75,37.35000000000002,1472,39.7,187,0,0,0,0,0,0,0,8415,0.21117021276595746,290
L51293,L,28.850000000000023,37.450000000000045,1325,55.3,192,0,0,0,0,0,0,1,8640,0.2865284974093264,258
L51294,L,28.850000000000023,37.450000000000045,1358,53.1,194,0,0,0,0,0,0,1,8730,0.2723076923076923,264
H33529,H,28.850000000000023,37.450000000000045,1346,54.7,196,0,0,0,0,0,0,1,8820,0.27766497461928935,200
M18976,M,28.850000000000023,37.35000000000002,1381,58.4,201,0,0,0,0,0,0,1,9045,0.2891089108910891,364
L51297,L,28.75,37.35000000000002,1340,55.7,204,1,0,0,0,1,0,3,9180,0.27170731707317075,55
L51298,L,28.850000000000023,37.450000000000045,1366,47.7,206,0,0,0,0,0,0,0,9270,0.23043478260869565,364
L51299,L,28.950000000000045,37.55000000000001,1325,45.1,208,1,0,1,0,0,0,6,9360,0.21578947368421053,6
M18980,M,28.950000000000045,37.55000000000001,1376,46.3,210,1,0,1,0,0,0,3,9450,0.21943127962085307,51
M18981,M,28.950000000000045,37.55000000000001,1364,47.8,213,1,0,1,0,0,0,3,9585,0.2233644859813084,5
L51302,L,29.05000000000001,37.450000000000045,1462,43.6,0,0,0,0,0,0,0,1,0,43.6,181
M18983,M,28.950000000000045,37.450000000000045,1517,38.9,2,0,0,0,0,0,0,0,90,12.966666666666667,349
L51304,L,28.950000000000045,37.450000000000045,1385,53.6,5,0,0,0,0,0,0,1,225,8.933333333333334,332
L51305,L,28.950000000000045,37.450000000000045,1439,40.0,7,0,0,0,0,0,0,0,315,5.0,303
M18986,M,28.850000000000023,37.450000000000045,1623,34.3,9,0,0,0,0,0,0,1,405,3.4299999999999997,291
H33541,H,28.850000000000023,37.450000000000045,1438,43.2,12,0,0,0,0,0,0,1,540,3.3230769230769233,242
L51308,L,28.75,37.25,1708,24.8,17,0,0,0,0,0,0,1,765,1.3777777777777778,217
M18989,M,28.650000000000034,37.150000000000034,1666,32.7,19,0,0,0,0,0,0,0,855,1.6350000000000002,212
L51310,L,28.75,37.25,1286,62.8,22,1,0,1,0,0,0,6,990,2.7304347826086954,34
L51311,L,28.75,37.150000000000034,1485,46.3,24,0,0,0,0,0,0,0,1080,1.8519999999999999,291
M18992,M,28.650000000000034,37.150000000000034,1409,52.5,26,0,0,0,0,0,0,0,1170,1.9444444444444444,304
L51313,L,28.650000000000034,37.150000000000034,1765,27.3,29,0,0,0,0,0,0,1,1305,0.91,190
L51314,L,28.650000000000034,37.150000000000034,1688,28.8,31,0,0,0,0,0,0,0,1395,0.9,152
M18995,M,28.55000000000001,37.150000000000034,1787,26.7,33,0,0,0,0,0,0,0,1485,0.7852941176470588,243
L51316,L,28.55000000000001,36.950000000000045,1487,48.0,36,0,0,0,0,0,0,0,1620,1.2972972972972974,208
L51317,L,28.55000000000001,36.950000000000045,1384,50.5,38,0,0,0,0,0,0,1,1710,1.294871794871795,300
L51318,L,28.55000000000001,37.05000000000001,1311,57.4,40,1,0,1,0,0,0,4,1800,1.4,50
H33553,H,28.55000000000001,37.05000000000001,1620,30.8,42,0,0,0,0,0,0,0,1890,0.7162790697674418,253
L51320,L,28.55000000000001,37.05000000000001,1331,61.2,47,1,0,1,0,0,0,2,2115,1.2750000000000001,27
H33555,H,28.55000000000001,36.950000000000045,1462,38.3,49,0,0,0,0,0,0,1,2205,0.7659999999999999,269
L51322,L,28.55000000000001,36.950000000000045,1424,50.2,54,0,0,0,0,0,0,0,2430,0.9127272727272728,225
L51323,L,28.55000000000001,36.950000000000045,1500,39.6,56,0,0,0,0,0,0,0,2520,0.6947368421052632,318
L51324,L,28.650000000000034,36.950000000000045,1738,28.0,58,0,0,0,0,0,0,0,2610,0.4745762711864407,157
M19005,M,28.650000000000034,37.150000000000034,1465,46.5,60,0,0,0,0,0,0,0,2700,0.7622950819672131,309
L51326,L,28.650000000000034,37.150000000000034,1482,41.4,63,0,0,0,0,0,0,1,2835,0.646875,230
L51327,L,28.75,37.150000000000034,1398,44.0,65,0,0,0,0,0,0,1,2925,0.6666666666666666,318
L51328,L,28.75,37.150000000000034,1972,21.3,67,0,0,0,0,0,0,0,3015,0.31323529411764706,322
L51329,L,28.75,37.25,1603,37.6,69,0,0,0,0,0,0,1,3105,0.5371428571428571,355
L51330,L,28.75,37.25,1610,34.8,71,0,0,0,0,0,0,0,3195,0.4833333333333333,250
M19011,M,28.75,37.25,1373,48.0,73,1,0,1,0,0,0,6,3285,0.6486486486486487,50
M19012,M,28.850000000000023,37.35000000000002,1425,44.7,76,0,0,0,0,0,0,1,3420,0.5805194805194805,239
M19013,M,28.850000000000023,37.25,1212,55.6,79,1,0,1,0,0,0,3,3555,0.6950000000000001,45
M19014,M,28.850000000000023,37.25,1828,26.3,82,0,0,0,0,0,0,0,3690,0.3168674698795181,264
L51335,L,28.850000000000023,37.35000000000002,1370,44.4,85,1,0,1,0,0,0,2,3825,0.5162790697674419,33
M19016,M,28.850000000000023,37.35000000000002,1823,25.1,87,0,0,0,0,0,0,0,3915,0.2852272727272727,236
L51337,L,28.850000000000023,37.35000000000002,1263,60.6,90,1,0,1,0,0,0,2,4050,0.6659340659340659,22
L51338,L,28.75,37.25,1889,21.5,92,0,0,0,0,0,0,1,4140,0.23118279569892472,321
M19019,M,28.850000000000023,37.35000000000002,1639,32.9,94,0,0,0,0,0,0,0,4230,0.3463157894736842,335
M19020,M,28.850000000000023,37.25,1608,33.1,97,0,0,0,0,0,0,1,4365,0.3377551020408163,343
H33575,H,28.75,37.150000000000034,1653,32.4,100,0,0,0,0,0,0,1,4500,0.3207920792079208,263
L51342,L,28.850000000000023,37.25,1591,29.8,105,0,0,0,0,0,0,0,4725,0.2811320754716981,167
L51343,L,28.950000000000045,37.35000000000002,1696,30.9,107,0,0,0,0,0,0,0,4815,0.2861111111111111,357
L51344,L,29.05000000000001,37.450000000000045,1346,47.5,109,1,0,1,0,0,0,4,4905,0.4318181818181818,20
M19025,M,29.05000000000001,37.35000000000002,1507,40.4,111,0,0,0,0,0,0,0,4995,0.3607142857142857,352
H33580,H,29.150000000000034,37.450000000000045,1525,48.7,114,0,0,0,0,0,0,0,5130,0.42347826086956525,151
M19027,M,29.150000000000034,37.55000000000001,1559,33.9,119,0,0,0,0,0,0,1,5355,0.2825,227
L51348,L,29.05000000000001,37.450000000000045,1632,30.5,122,0,0,0,0,0,0,1,5490,0.24796747967479674,217
L51349,L,28.950000000000045,37.35000000000002,1559,36.0,124,0,0,0,0,0,0,0,5580,0.288,247
M19030,M,29.05000000000001,37.450000000000045,1355,51.5,126,1,0,1,0,0,0,2,5670,0.40551181102362205,7
M19031,M,29.05000000000001,37.35000000000002,1832,23.7,129,0,0,0,0,0,0,0,5805,0.1823076923076923,259
L51352,L,29.05000000000001,37.450000000000045,1386,50.0,132,0,0,0,0,0,0,0,5940,0.37593984962406013,316
M19033,M,29.05000000000001,37.450000000000045,1346,49.2,134,1,0,1,0,0,0,4,6030,0.36444444444444446,15
L51354,L,29.150000000000034,37.55000000000001,1499,37.8,137,0,0,0,0,0,0,1,6165,0.27391304347826084,190
L51355,L,29.150000000000034,37.55000000000001,1612,33.4,139,0,0,0,0,0,0,0,6255,0.23857142857142857,348
M19036,M,29.150000000000034,37.55000000000001,1544,39.7,141,0,0,0,0,0,0,0,6345,0.2795774647887324,264
L51357,L,29.350000000000023,37.75,1477,39.2,144,0,0,0,0,0,0,0,6480,0.2703448275862069,230
L51358,L,29.350000000000023,37.75,1624,34.4,146,0,0,0,0,0,0,1,6570,0.23401360544217686,271
L51359,L,29.25,37.75,1349,46.1,148,1,0,1,0,0,0,5,6660,0.3093959731543624,13
L51360,L,29.25,37.650000000000034,1686,28.8,150,0,0,0,0,0,0,1,6750,0.19072847682119207,352
M19041,M,29.25,37.55000000000001,1521,40.4,152,0,0,0,0,0,0,0,6840,0.26405228758169935,171
L51362,L,29.25,37.55000000000001,1362,54.8,155,1,0,1,0,0,0,5,6975,0.35128205128205126,53
L51363,L,29.150000000000034,37.55000000000001,1402,50.9,157,0,0,0,0,0,0,0,7065,0.3221518987341772,198
L51364,L,29.05000000000001,37.450000000000045,1334,53.2,159,1,0,1,0,0,0,2,7155,0.3325,16
L51365,L,29.05000000000001,37.450000000000045,1348,48.4,161,1,0,1,0,0,0,2,7245,0.29876543209876544,26
M19046,M,29.05000000000001,37.450000000000045,1570,34.6,163,0,0,0,0,0,0,0,7335,0.21097560975609758,217
M19047,M,29.05000000000001,37.55000000000001,1601,33.0,166,0,0,0,0,0,0,0,7470,0.19760479041916168,339
M19048,M,29.150000000000034,37.650000000000034,1611,31.8,169,0,0,0,0,0,0,0,7605,0.18705882352941178,313
L51369,L,29.25,37.75,1560,31.8,172,0,0,0,0,0,0,1,7740,0.1838150289017341,171
H33604,H,29.25,37.75,1444,40.7,174,0,0,0,0,0,0,1,7830,0.2325714285714286,288
L51371,L,29.25,37.85000000000002,1317,59.4,179,0,0,0,0,0,0,1,8055,0.33,234
M19052,M,29.350000000000023,37.85000000000002,1463,43.1,181,0,0,0,0,0,0,1,8145,0.23681318681318683,270
L51373,L,29.25,37.950000000000045,1634,34.2,184,0,0,0,0,0,0,1,8280,0.1848648648648649,229
L51374,L,29.25,37.85000000000002,1423,46.2,186,0,0,0,0,0,0,0,8370,0.24705882352941178,319
L51375,L,29.350000000000023,37.85000000000002,1548,38.4,188,0,0,0,0,0,0,1,8460,0.20317460317460317,204
M19056,M,29.350000000000023,37.85000000000002,1563,35.6,190,0,0,0,0,0,0,1,8550,0.18638743455497384,350
L51377,L,29.25,37.85000000000002,1573,36.5,193,0,0,0,0,0,0,1,8685,0.18814432989690721,184
M19058,M,29.25,37.950000000000045,1432,44.5,195,0,0,0,0,0,0,1,8775,0.22704081632653061,334
M19059,M,29.350000000000023,37.950000000000045,1638,32.0,198,0,0,0,0,0,0,0,8910,0.16080402010050251,183
L51380,L,29.350000000000023,37.950000000000045,1571,34.2,201,0,0,0,0,0,0,0,9045,0.16930693069306932,222
L51381,L,29.25,37.85000000000002,2211,15.4,203,0,0,0,0,0,0,0,9135,0.07549019607843137,226
L51382,L,29.25,37.85000000000002,1555,40.6,205,0,0,0,0,0,0,0,9225,0.19708737864077672,347
M19063,M,29.150000000000034,37.75,1558,31.9,207,0,0,0,0,0,0,1,9315,0.1533653846153846,281
M19064,M,29.150000000000034,37.75,1523,43.2,210,0,0,0,0,0,0,1,9450,0.204739336492891,323
L51385,L,29.150000000000034,37.650000000000034,1723,26.3,213,0,0,0,0,0,0,0,9585,0.12289719626168225,274
M19066,M,29.150000000000034,37.650000000000034,1721,28.4,215,0,0,0,0,0,0,0,9675,0.13148148148148148,160
M19067,M,29.150000000000034,37.75,1710,30.4,218,1,1,0,0,0,0,4,9810,0.13881278538812786,31
M19068,M,29.150000000000034,37.75,1627,32.3,0,0,0,0,0,0,0,1,0,32.3,271
M19069,M,29.05000000000001,37.650000000000034,1422,47.0,3,0,0,0,0,0,0,0,135,11.75,184
L51390,L,28.950000000000045,37.650000000000034,1565,35.3,6,0,0,0,0,0,0,0,270,5.042857142857143,218
L51391,L,28.950000000000045,37.55000000000001,1314,52.8,8,1,0,1,0,0,0,2,360,5.866666666666666,6
M19072,M,28.850000000000023,37.450000000000045,1392,60.5,10,0,0,0,0,0,0,0,450,5.5,288
L51393,L,28.950000000000045,37.55000000000001,1465,40.7,13,0,0,0,0,0,0,1,585,2.9071428571428575,161
L51394,L,28.75,37.450000000000045,1573,36.6,15,0,0,0,0,0,0,1,675,2.2875,274
M19075,M,28.850000000000023,37.55000000000001,2157,17.8,17,0,0,0,0,0,0,1,765,0.9888888888888889,192
L51396,L,28.75,37.55000000000001,1370,50.3,20,0,0,0,0,0,0,0,900,2.395238095238095,296
L51397,L,28.75,37.450000000000045,1462,38.8,22,0,0,0,0,0,0,1,990,1.6869565217391302,226
M19078,M,28.850000000000023,37.450000000000045,1479,40.5,24,0,0,0,0,0,0,1,1080,1.62,217
L51399,L,28.75,37.55000000000001,1717,26.8,27,0,0,0,0,0,0,0,1215,0.9571428571428572,355
M19080,M,28.75,37.450000000000045,1260,65.9,29,0,0,0,0,0,0,0,1305,2.1966666666666668,208
L51401,L,28.75,37.450000000000045,1467,39.3,32,0,0,0,0,0,0,0,1440,1.190909090909091,151
M19082,M,28.850000000000023,37.450000000000045,1535,38.6,34,0,0,0,0,0,0,0,1530,1.102857142857143,285
L51403,L,28.850000000000023,37.55000000000001,1657,31.9,37,0,0,0,0,0,0,0,1665,0.8394736842105263,299
L51404,L,28.850000000000023,37.55000000000001,1698,28.1,39,0,0,0,0,0,0,0,1755,0.7025,354
L51405,L,28.950000000000045,37.55000000000001,1359,49.3,41,1,0,1,0,0,0,2,1845,1.1738095238095236,43
L51406,L,28.950000000000045,37.650000000000034,1596,37.1,43,0,0,0,0,0,0,1,1935,0.8431818181818183,362
L51407,L,29.05000000000001,37.650000000000034,1383,46.9,45,0,0,0,0,0,0,1,2025,1.0195652173913043,306
L51408,L,29.05000000000001,37.650000000000034,2203,16.6,47,0,0,0,0,0,0,1,2115,0.3458333333333334,250
M19089,M,29.05000000000001,37.650000000000034,1408,46.8,49,0,0,0,0,0,0,1,2205,0.9359999999999999,235
L51410,L,29.05000000000001,37.650000000000034,1673,32.9,52,0,0,0,0,0,0,1,2340,0.620754716981132,271
L51411,L,29.05000000000001,37.650000000000034,1340,47.8,54,0,0,0,0,0,0,0,2430,0.869090909090909,224
L51412,L,29.05000000000001,37.75,1452,42.3,56,0,0,0,0,0,0,0,2520,0.7421052631578947,224
M19093,M,29.05000000000001,37.75,1302,53.4,58,0,0,0,0,0,0,0,2610,0.9050847457627118,232
H33648,H,29.05000000000001,37.75,1522,35.9,61,0,0,0,0,0,0,1,2745,0.5790322580645161,314
L51415,L,29.05000000000001,37.650000000000034,1438,41.4,66,0,0,0,0,0,0,1,2970,0.617910447761194,227
L51416,L,29.05000000000001,37.75,1604,40.5,68,0,0,0,0,0,0,0,3060,0.5869565217391305,306
L51417,L,29.05000000000001,37.85000000000002,1832,23.2,70,0,0,0,0,0,0,0,3150,0.3267605633802817,360
M19098,M,29.150000000000034,37.85000000000002,1521,34.8,72,0,0,0,0,0,0,0,3240,0.4767123287671233,314
L51419,L,29.150000000000034,37.85000000000002,1446,37.6,75,0,0,0,0,0,0,0,3375,0.4947368421052632,170
L51420,L,29.25,37.950000000000045,1905,20.9,77,0,0,0,0,0,0,0,3465,0.26794871794871794,269
L51421,L,29.25,37.85000000000002,1475,47.9,79,0,0,0,0,0,0,1,3555,0.59875,161
L51422,L,29.25,37.85000000000002,1462,48.5,81,0,0,0,0,0,0,1,3645,0.5914634146341463,325
M19103,M,29.25,37.75,1435,42.3,83,0,0,0,0,0,0,1,3735,0.5035714285714286,232
L51424,L,29.25,37.75,1469,39.6,86,0,0,0,0,0,0,0,3870,0.45517241379310347,324
M19105,M,29.450000000000045,37.950000000000045,1520,43.0,88,0,0,0,0,0,0,1,3960,0.48314606741573035,262
L51426,L,29.450000000000045,37.85000000000002,1537,35.5,91,0,0,0,0,0,0,0,4095,0.3858695652173913,164
L51427,L,29.450000000000045,37.85000000000002,1369,60.0,93,1,0,1,0,0,0,3,4185,0.6382978723404256,53
L51428,L,29.450000000000045,37.85000000000002,1506,37.2,95,0,0,0,0,0,0,0,4275,0.3875,262
L51429,L,29.350000000000023,37.75,1330,56.9,97,1,0,1,0,0,0,6,4365,0.5806122448979592,34
L51430,L,29.450000000000045,37.85000000000002,1660,38.0,99,0,0,0,0,0,0,1,4455,0.38,336
H33665,H,29.350000000000023,37.75,1356,55.5,101,1,0,1,0,0,0,4,4545,0.5441176470588235,43
H33666,H,29.450000000000045,37.85000000000002,1438,51.0,106,0,0,0,0,0,0,1,4770,0.4766355140186916,273
M19113,M,29.450000000000045,37.85000000000002,1329,48.6,111,1,0,1,0,0,0,6,4995,0.43392857142857144,16
L51434,L,29.450000000000045,37.85000000000002,1284,68.0,114,1,0,1,1,0,0,4,5130,0.591304347826087,38
M19115,M,29.350000000000023,37.85000000000002,1387,52.1,116,0,0,0,0,0,0,0,5220,0.4452991452991453,264
M19116,M,29.450000000000045,37.85000000000002,1591,33.9,119,0,0,0,0,0,0,1,5355,0.2825,355
M19117,M,29.450000000000045,37.85000000000002,1589,39.0,122,0,0,0,0,0,0,1,5490,0.3170731707317073,349
M19118,M,29.55000000000001,37.950000000000045,1297,60.7,125,1,0,1,0,0,0,5,5625,0.48174603174603176,8
L51439,L,29.55000000000001,38.05000000000001,1545,35.1,128,0,0,0,0,0,0,1,5760,0.27209302325581397,334
H33674,H,29.55000000000001,37.950000000000045,1418,43.4,130,0,0,0,0,0,0,0,5850,0.3312977099236641,181
L51441,L,29.55000000000001,37.950000000000045,1730,28.1,135,0,0,0,0,0,0,1,6075,0.20661764705882354,248
L51442,L,29.450000000000045,37.85000000000002,2001,20.7,137,0,0,0,0,0,0,1,6165,0.15,236
L51443,L,29.450000000000045,37.85000000000002,1620,36.2,139,0,0,0,0,0,0,0,6255,0.2585714285714286,298
M19124,M,29.450000000000045,37.85000000000002,1542,39.7,141,0,0,0,0,0,0,1,6345,0.2795774647887324,359
L51445,L,29.450000000000045,37.85000000000002,1424,38.0,144,0,0,0,0,0,0,1,6480,0.2620689655172414,261
L51446,L,29.55000000000001,37.950000000000045,1440,39.5,146,0,0,0,0,0,0,1,6570,0.2687074829931973,291
L51447,L,29.450000000000045,37.85000000000002,1520,42.8,148,0,0,0,0,0,0,1,6660,0.287248322147651,357
L51448,L,29.55000000000001,37.85000000000002,1694,29.8,150,0,0,0,0,0,0,0,6750,0.19735099337748344,173
L51449,L,29.450000000000045,37.85000000000002,1610,39.2,152,0,0,0,0,0,0,0,6840,0.2562091503267974,198
L51450,L,29.450000000000045,37.75,1331,52.0,154,1,0,1,0,0,0,4,6930,0.33548387096774196,25
L51451,L,29.450000000000045,37.650000000000034,1470,41.2,156,0,0,0,0,0,0,1,7020,0.2624203821656051,224
L51452,L,29.350000000000023,37.650000000000034,1577,36.9,158,0,0,0,0,0,0,0,7110,0.2320754716981132,258
L51453,L,29.450000000000045,37.650000000000034,1486,36.4,160,0,0,0,0,0,0,0,7200,0.22608695652173913,160
L51454,L,29.25,37.450000000000045,1445,40.3,162,0,0,0,0,0,0,1,7290,0.24723926380368097,337
M19135,M,29.25,37.35000000000002,1500,36.7,164,0,0,0,0,0,0,0,7380,0.22242424242424244,217
M19136,M,29.05000000000001,37.25,1456,47.5,167,0,0,0,0,0,0,0,7515,0.28273809523809523,338
L51457,L,29.05000000000001,37.25,1743,28.1,170,0,0,0,0,0,0,0,7650,0.16432748538011696,239
L51458,L,28.850000000000023,36.950000000000045,1409,50.4,172,0,0,0,0,0,0,0,7740,0.2913294797687861,259
L51459,L,28.850000000000023,36.950000000000045,1361,45.4,174,1,0,1,0,0,0,4,7830,0.2594285714285714,50
L51460,L,28.950000000000045,36.950000000000045,1753,28.9,176,0,0,0,0,0,0,0,7920,0.16327683615819208,313
L51461,L,28.850000000000023,36.85000000000002,1832,22.9,178,0,0,0,0,0,0,1,8010,0.12793296089385475,341
L51462,L,28.75,36.75,1374,48.5,180,1,0,1,0,0,0,6,8100,0.26795580110497236,18
M19143,M,28.650000000000034,36.75,1334,61.0,182,1,0,1,0,0,0,5,8190,0.3333333333333333,50
L51464,L,28.650000000000034,36.85000000000002,1493,40.3,185,0,0,0,0,0,0,1,8325,0.21666666666666665,220
L51465,L,28.55000000000001,36.75,1317,49.0,187,1,0,1,0,0,0,3,8415,0.26063829787234044,42
M19146,M,28.55000000000001,36.75,1434,47.9,189,0,0,0,0,0,0,0,8505,0.2521052631578947,343
M19147,M,28.55000000000001,36.75,1457,39.2,192,0,0,0,0,0,0,0,8640,0.20310880829015546,287
M19148,M,28.55000000000001,36.85000000000002,1391,50.6,195,0,0,0,0,0,0,0,8775,0.25816326530612244,248
M19149,M,28.650000000000034,36.85000000000002,1781,23.9,198,0,0,0,0,0,0,1,8910,0.12010050251256281,170
L51470,L,28.650000000000034,36.85000000000002,1642,32.6,201,0,0,0,0,0,0,1,9045,0.1613861386138614,189
L51471,L,28.650000000000034,36.85000000000002,2032,19.0,203,0,0,0,0,0,0,1,9135,0.09313725490196079,191
M19152,M,28.650000000000034,36.950000000000045,2372,13.9,205,1,0,0,1,0,0,6,9225,0.06747572815533981,33
L51473,L,28.650000000000034,36.85000000000002,1393,44.9,208,0,0,0,0,0,0,0,9360,0.21483253588516746,195
M19154,M,28.55000000000001,36.950000000000045,1743,27.3,210,0,0,0,0,0,0,1,9450,0.12938388625592417,231
L51475,L,28.650000000000034,37.05000000000001,1457,40.4,213,0,0,0,0,0,0,0,9585,0.18878504672897195,222
L51476,L,28.650000000000034,37.05000000000001,2825,5.8,215,1,0,0,1,0,0,6,9675,0.026851851851851852,6
M19157,M,28.650000000000034,37.05000000000001,1609,34.2,217,0,0,0,0,0,0,0,9765,0.15688073394495414,190
M19158,M,28.650000000000034,37.05000000000001,1437,42.3,0,0,0,0,0,0,0,0,0,42.3,243
L51479,L,28.55000000000001,36.950000000000045,1402,50.1,3,0,0,0,0,0,0,1,135,12.525,281
M19160,M,28.55000000000001,36.950000000000045,1644,34.6,5,0,0,0,0,0,0,0,225,5.766666666666667,248
L51481,L,28.55000000000001,37.05000000000001,1471,51.1,8,0,0,0,0,0,0,1,360,5.677777777777778,291
L51482,L,28.55000000000001,36.950000000000045,2695,12.6,10,0,0,0,0,0,0,0,450,1.1454545454545455,291
L51483,L,28.55000000000001,37.05000000000001,1435,48.1,12,0,0,0,0,0,0,0,540,3.7,202
L51484,L,28.450000000000045,36.950000000000045,1694,26.3,14,0,0,0,0,0,0,0,630,1.7533333333333334,277
L51485,L,28.450000000000045,36.950000000000045,1687,26.6,16,0,0,0,0,0,0,1,720,1.5647058823529412,361
L51486,L,28.450000000000045,36.85000000000002,1869,22.9,18,0,0,0,0,0,0,0,810,1.2052631578947368,178
L51487,L,28.25,36.75,1259,63.9,20,1,0,1,0,0,0,6,900,3.0428571428571427,22
H33722,H,28.25,36.75,1460,47.2,22,0,0,0,0,0,0,0,990,2.0521739130434784,234
M19169,M,28.150000000000034,36.75,1501,39.5,27,0,0,0,0,0,0,0,1215,1.4107142857142858,308
L51490,L,28.25,36.85000000000002,1776,25.6,30,0,0,0,0,0,0,1,1350,0.8258064516129032,245
M19171,M,28.350000000000023,36.950000000000045,1468,40.8,32,0,0,0,0,0,0,1,1440,1.2363636363636363,220
L51492,L,28.350000000000023,36.950000000000045,1430,46.5,35,0,0,0,0,0,0,0,1575,1.2916666666666667,354
L51493,L,28.25,36.950000000000045,1502,46.6,37,0,0,0,0,0,0,0,1665,1.2263157894736842,338
H33728,H,28.25,36.950000000000045,1623,32.3,39,0,0,0,0,0,0,1,1755,0.8074999999999999,300
M19175,M,28.25,36.85000000000002,1651,29.8,44,0,0,0,0,0,0,1,1980,0.6622222222222223,157
L51496,L,28.350000000000023,36.950000000000045,1639,33.4,47,0,0,0,0,0,0,1,2115,0.6958333333333333,225
M19177,M,28.350000000000023,36.85000000000002,1417,44.6,49,0,0,0,0,0,0,0,2205,0.892,249
L51498,L,28.350000000000023,36.950000000000045,1541,42.2,52,0,0,0,0,0,0,1,2340,0.7962264150943397,165
M19179,M,28.450000000000045,37.05000000000001,1411,45.1,54,0,0,0,0,0,0,0,2430,0.8200000000000001,303
L51500,L,28.55000000000001,37.150000000000034,1397,44.6,57,0,0,0,0,0,0,1,2565,0.7689655172413793,306
L51501,L,28.55000000000001,37.05000000000001,1686,28.9,59,0,0,0,0,0,0,1,2655,0.48166666666666663,242
M19182,M,28.55000000000001,36.950000000000045,1431,44.0,61,0,0,0,0,0,0,0,2745,0.7096774193548387,155
L51503,L,28.650000000000034,37.150000000000034,1341,50.5,64,1,0,1,0,0,0,4,2880,0.7769230769230769,17
L51504,L,28.55000000000001,37.05000000000001,1486,43.0,66,0,0,0,0,0,0,0,2970,0.6417910447761194,310
L51505,L,28.450000000000045,37.05000000000001,1384,57.1,68,0,0,0,0,0,0,1,3060,0.827536231884058,244
L51506,L,28.450000000000045,36.950000000000045,1362,55.8,70,1,0,1,0,0,0,4,3150,0.7859154929577464,59
H33741,H,28.55000000000001,36.950000000000045,1660,29.3,72,0,0,0,0,0,0,1,3240,0.40136986301369865,210
L51508,L,28.450000000000045,36.950000000000045,1326,48.2,77,1,0,1,0,0,0,4,3465,0.617948717948718,54
L51509,L,28.450000000000045,36.85000000000002,1566,30.3,79,0,0,0,0,0,0,0,3555,0.37875000000000003,167
L51510,L,28.350000000000023,36.650000000000034,1549,38.5,81,0,0,0,0,0,0,0,3645,0.4695121951219512,260
M19191,M,28.450000000000045,36.75,1746,31.1,83,0,0,0,0,0,0,0,3735,0.37023809523809526,244
M19192,M,28.55000000000001,36.75,1452,41.5,86,0,0,0,0,0,0,0,3870,0.47701149425287354,165
L51513,L,28.450000000000045,36.650000000000034,1588,33.9,89,0,0,0,0,0,0,1,4005,0.37666666666666665,253
L51514,L,28.450000000000045,36.650000000000034,1472,42.5,91,0,0,0,0,0,0,1,4095,0.46195652173913043,328
L51515,L,28.55000000000001,36.75,1607,37.7,93,0,0,0,0,0,0,1,4185,0.4010638297872341,314
H33750,H,28.450000000000045,36.75,1423,53.6,95,0,0,0,0,0,0,1,4275,0.5583333333333333,163
L51517,L,28.450000000000045,36.75,1440,43.4,100,0,0,0,0,0,0,1,4500,0.4297029702970297,252
L51518,L,28.450000000000045,36.75,1397,43.7,102,0,0,0,0,0,0,1,4590,0.4242718446601942,217
L51519,L,28.55000000000001,36.75,1524,46.6,104,0,0,0,0,0,0,0,4680,0.4438095238095238,179
M19200,M,28.55000000000001,36.75,1533,40.9,106,0,0,0,0,0,0,1,4770,0.3822429906542056,209
L51521,L,28.55000000000001,36.650000000000034,1398,46.0,109,0,0,0,0,0,0,1,4905,0.41818181818181815,202
M19202,M,28.55000000000001,36.650000000000034,1284,68.2,111,1,0,1,1,0,0,6,4995,0.6089285714285715,53
L51523,L,28.55000000000001,36.650000000000034,1491,39.3,114,0,0,0,0,0,0,1,5130,0.3417391304347826,307
H33758,H,28.650000000000034,36.75,1418,51.3,116,0,0,0,0,0,0,1,5220,0.43846153846153846,213
M19205,M,28.650000000000034,36.650000000000034,1546,39.8,121,0,0,0,0,0,0,1,5445,0.3262295081967213,163
L51526,L,28.650000000000034,36.55000000000001,1598,30.4,124,0,0,0,0,0,0,0,5580,0.2432,172
H33761,H,28.75,36.650000000000034,1724,27.5,126,0,0,0,0,0,0,0,5670,0.21653543307086615,325
L51528,L,28.75,36.650000000000034,1507,44.7,131,0,0,0,0,0,0,1,5895,0.3386363636363637,305
L51529,L,28.75,36.55000000000001,1595,31.4,133,0,0,0,0,0,0,0,5985,0.2343283582089552,271
M19210,M,28.75,36.55000000000001,1568,37.5,135,0,0,0,0,0,0,1,6075,0.2757352941176471,156
L51531,L,28.650000000000034,36.450000000000045,1432,43.7,138,0,0,0,0,0,0,1,6210,0.3143884892086331,319
L51532,L,28.75,36.55000000000001,1424,42.8,140,0,0,0,0,0,0,1,6300,0.30354609929078014,159
M19213,M,28.850000000000023,36.55000000000001,1386,62.7,142,1,0,0,1,0,0,6,6390,0.43846153846153846,44
L51534,L,28.850000000000023,36.650000000000034,1456,58.1,145,0,0,0,0,0,0,1,6525,0.39794520547945206,321
H33769,H,28.850000000000023,36.650000000000034,1280,57.3,147,1,0,1,0,0,0,2,6615,0.38716216216216215,59
L51536,L,28.850000000000023,36.650000000000034,1649,31.0,152,0,0,0,0,0,0,1,6840,0.20261437908496732,162
L51537,L,28.850000000000023,36.75,1407,52.8,154,0,0,0,0,0,0,1,6930,0.3406451612903226,362
H33772,H,28.850000000000023,36.75,1606,34.5,156,0,0,0,0,0,0,1,7020,0.2197452229299363,310
M19219,M,28.950000000000045,36.85000000000002,1531,38.0,161,0,0,0,0,0,0,0,7245,0.2345679012345679,364
L51540,L,28.950000000000045,36.950000000000045,1543,35.8,164,0,0,0,0,0,0,1,7380,0.21696969696969695,309
M19221,M,28.950000000000045,36.950000000000045,1379,48.2,166,1,0,1,0,0,0,6,7470,0.288622754491018,54
L51542,L,28.950000000000045,36.950000000000045,1447,46.6,169,0,0,0,0,0,0,1,7605,0.2741176470588235,197
H33777,H,28.950000000000045,36.950000000000045,1844,24.6,171,0,0,0,0,0,0,0,7695,0.1430232558139535,154
H33778,H,28.950000000000045,36.950000000000045,1615,29.9,176,0,0,0,0,0,0,1,7920,0.16892655367231638,210
L51545,L,28.850000000000023,36.85000000000002,1449,48.8,181,0,0,0,0,0,0,1,8145,0.2681318681318681,271
L51546,L,28.850000000000023,36.75,1388,51.4,183,0,0,0,0,0,0,0,8235,0.2793478260869565,239
H33781,H,28.850000000000023,36.75,1447,42.8,185,0,0,0,0,0,0,0,8325,0.23010752688172043,252
L51548,L,28.850000000000023,36.85000000000002,1664,28.6,190,0,0,0,0,0,0,1,8550,0.14973821989528796,239
H33783,H,28.850000000000023,36.75,1735,27.2,192,0,0,0,0,0,0,0,8640,0.14093264248704662,152
L51550,L,28.850000000000023,36.75,1308,57.6,197,1,0,1,0,1,0,3,8865,0.2909090909090909,56
L51551,L,28.850000000000023,36.650000000000034,1480,40.0,199,0,0,0,0,0,0,1,8955,0.2,266
M19232,M,28.75,36.450000000000045,1439,41.7,201,0,0,0,0,0,0,1,9045,0.20643564356435645,247
M19233,M,28.75,36.55000000000001,1533,35.9,204,0,0,0,0,0,0,1,9180,0.17512195121951218,311
L51554,L,28.850000000000023,36.55000000000001,1551,34.8,207,0,0,0,0,0,0,1,9315,0.1673076923076923,233
L51555,L,28.850000000000023,36.55000000000001,1414,36.3,209,0,0,0,0,0,0,1,9405,0.17285714285714285,268
M19236,M,28.75,36.450000000000045,1551,34.6,211,0,0,0,0,0,0,0,9495,0.16320754716981134,191
M19237,M,28.650000000000034,36.450000000000045,1436,49.0,214,0,0,0,0,0,0,1,9630,0.22790697674418606,297
M19238,M,28.75,36.450000000000045,1385,45.8,217,0,0,0,0,0,0,0,9765,0.21009174311926604,190
M19239,M,28.650000000000034,36.35000000000002,1732,30.1,220,0,0,0,0,0,0,1,9900,0.13619909502262445,231
L51560,L,28.75,36.450000000000045,1410,49.0,223,0,0,0,0,0,0,1,10035,0.21875,251
L51561,L,28.75,36.450000000000045,1446,43.2,225,0,0,0,0,0,0,0,10125,0.19115044247787613,297
L51562,L,28.650000000000034,36.35000000000002,1525,39.6,227,0,0,0,0,0,0,1,10215,0.1736842105263158,155
L51563,L,28.55000000000001,36.35000000000002,1298,65.5,229,1,0,1,0,1,0,2,10305,0.2847826086956522,58
L51564,L,28.650000000000034,36.450000000000045,1443,42.7,231,0,0,0,0,0,0,0,10395,0.18405172413793106,334
L51565,L,28.650000000000034,36.55000000000001,1442,45.3,233,1,1,0,0,0,0,2,10485,0.19358974358974357,7
L51566,L,28.75,36.55000000000001,1719,31.9,0,0,0,0,0,0,0,1,0,31.9,174
L51567,L,28.850000000000023,36.650000000000034,1532,39.4,2,0,0,0,0,0,0,1,90,13.133333333333333,190
L51568,L,28.850000000000023,36.650000000000034,1701,27.2,4,0,0,0,0,0,0,1,180,5.4399999999999995,318
M19249,M,28.950000000000045,36.85000000000002,1355,45.1,6,1,0,1,0,0,0,2,270,6.442857142857143,53
M19250,M,29.05000000000001,36.950000000000045,1421,45.4,9,0,0,0,0,0,0,1,405,4.54,257
M19251,M,29.05000000000001,36.950000000000045,1368,51.6,12,1,0,1,0,0,0,2,540,3.9692307692307693,44
L51572,L,29.05000000000001,36.950000000000045,1458,45.1,15,0,0,0,0,0,0,0,675,2.81875,323
M19253,M,29.05000000000001,36.950000000000045,1572,34.6,17,0,0,0,0,0,0,1,765,1.9222222222222223,206
L51574,L,29.05000000000001,36.85000000000002,1483,48.7,20,0,0,0,0,0,0,1,900,2.3190476190476192,232
L51575,L,29.150000000000034,36.950000000000045,1513,40.4,22,0,0,0,0,0,0,1,990,1.7565217391304346,223
H33810,H,29.150000000000034,36.950000000000045,1383,42.9,24,0,0,0,0,0,0,1,1080,1.716,328
L51577,L,29.25,37.05000000000001,1539,37.7,29,0,0,0,0,0,0,0,1305,1.2566666666666668,282
M19258,M,29.150000000000034,36.950000000000045,1563,37.8,31,0,0,0,0,0,0,0,1395,1.18125,235
L51579,L,29.150000000000034,36.950000000000045,1653,29.7,34,0,0,0,0,0,0,0,1530,0.8485714285714285,350
L51580,L,29.150000000000034,36.950000000000045,1353,50.9,36,1,0,1,0,0,0,4,1620,1.3756756756756756,29
H33815,H,29.05000000000001,36.85000000000002,1468,43.6,38,0,0,0,0,0,0,0,1710,1.117948717948718,164
H33816,H,29.150000000000034,37.05000000000001,1506,33.8,43,0,0,0,0,0,0,1,1935,0.7681818181818181,237
L51583,L,29.150000000000034,36.950000000000045,1388,49.9,48,0,0,0,0,0,0,0,2160,1.0183673469387755,243
M19264,M,29.25,37.05000000000001,1485,45.9,50,0,0,0,0,0,0,0,2250,0.9,275
L51585,L,29.25,37.05000000000001,1331,45.5,53,1,0,1,0,0,0,5,2385,0.8425925925925926,16
L51586,L,29.350000000000023,37.150000000000034,1326,58.5,55,1,0,1,0,0,0,3,2475,1.0446428571428572,15
L51587,L,29.150000000000034,37.05000000000001,1394,55.4,57,0,0,0,0,0,0,0,2565,0.9551724137931035,347
L51588,L,29.25,36.950000000000045,2009,18.9,59,0,0,0,0,0,0,1,2655,0.315,228
M19269,M,29.25,36.950000000000045,1358,54.6,61,1,0,1,0,0,0,3,2745,0.8806451612903226,32
L51590,L,29.350000000000023,37.05000000000001,1586,32.2,64,0,0,0,0,0,0,0,2880,0.4953846153846154,188
L51591,L,29.350000000000023,37.150000000000034,1688,31.6,66,0,0,0,0,0,0,1,2970,0.47164179104477616,201
L51592,L,29.450000000000045,37.35000000000002,1450,43.2,68,0,0,0,0,0,0,0,3060,0.6260869565217392,363
M19273,M,29.55000000000001,37.35000000000002,1398,47.3,70,0,0,0,0,0,0,0,3150,0.6661971830985915,280
L51594,L,29.55000000000001,37.35000000000002,1520,39.3,73,0,0,0,0,0,0,1,3285,0.5310810810810811,306
L51595,L,29.450000000000045,37.25,1514,42.7,75,0,0,0,0,0,0,0,3375,0.5618421052631579,275
M19276,M,29.450000000000045,37.25,1532,36.1,77,0,0,0,0,0,0,0,3465,0.46282051282051284,308
L51597,L,29.450000000000045,37.25,1365,66.8,80,1,0,1,1,0,0,4,3600,0.8246913580246913,13
L51598,L,29.450000000000045,37.150000000000034,1642,33.2,82,0,0,0,0,0,0,1,3690,0.4,194
M19279,M,29.450000000000045,37.05000000000001,2676,10.8,84,1,0,0,1,0,0,6,3780,0.12705882352941178,12
H33834,H,29.450000000000045,37.05000000000001,1873,21.3,87,0,0,0,0,0,0,1,3915,0.24204545454545456,171
L51601,L,29.450000000000045,37.05000000000001,1325,62.4,92,1,0,1,0,0,0,2,4140,0.6709677419354838,57
M19282,M,29.450000000000045,37.05000000000001,2157,17.2,94,0,0,0,0,0,0,1,4230,0.18105263157894735,287
M19283,M,29.450000000000045,37.05000000000001,1563,39.0,97,0,0,0,0,0,0,1,4365,0.3979591836734694,298
M19284,M,29.450000000000045,37.05000000000001,1631,31.0,100,0,0,0,0,0,0,0,4500,0.3069306930693069,166
L51605,L,29.350000000000023,37.05000000000001,1547,36.9,103,0,0,0,0,0,0,0,4635,0.35480769230769227,216
L51606,L,29.450000000000045,37.150000000000034,1479,40.4,105,0,0,0,0,0,0,0,4725,0.3811320754716981,156
M19287,M,29.25,36.950000000000045,1379,48.9,107,1,0,1,0,0,0,4,4815,0.4527777777777778,57
L51608,L,29.25,36.950000000000045,1906,21.2,110,0,0,0,0,0,0,1,4950,0.19099099099099098,185
M19289,M,29.150000000000034,36.950000000000045,1731,33.4,112,0,0,0,0,0,0,1,5040,0.29557522123893804,216
H33844,H,29.150000000000034,36.950000000000045,1688,30.4,115,0,0,0,0,0,0,0,5175,0.26206896551724135,226
H33845,H,29.150000000000034,37.05000000000001,1443,54.6,120,0,0,0,0,0,0,0,5400,0.45123966942148763,307
L51612,L,29.25,37.05000000000001,1445,46.4,125,0,0,0,0,0,0,0,5625,0.3682539682539682,236
H33847,H,29.25,37.05000000000001,1435,44.9,127,0,0,0,0,0,0,0,5715,0.35078125,348
L51614,L,29.25,36.950000000000045,1556,32.9,132,0,0,0,0,0,0,1,5940,0.24736842105263157,306
L51615,L,29.150000000000034,36.950000000000045,1321,52.7,134,1,0,1,0,0,0,2,6030,0.39037037037037037,11
M19296,M,29.25,36.950000000000045,1577,35.8,136,0,0,0,0,0,0,1,6120,0.26131386861313866,351
L51617,L,29.25,37.05000000000001,1578,31.2,139,0,0,0,0,0,0,0,6255,0.22285714285714286,310
L51618,L,29.25,36.950000000000045,1418,52.3,141,0,0,0,0,0,0,1,6345,0.36830985915492953,208
M19299,M,29.25,37.05000000000001,1392,55.8,143,0,0,0,0,0,0,1,6435,0.38749999999999996,169
L51620,L,29.350000000000023,37.150000000000034,1446,44.0,146,0,0,0,0,0,0,1,6570,0.29931972789115646,306
L51621,L,29.350000000000023,37.05000000000001,1329,50.6,148,1,0,1,0,0,0,5,6660,0.3395973154362416,15
L51622,L,29.350000000000023,37.05000000000001,1563,34.8,150,0,0,0,0,0,0,0,6750,0.2304635761589404,362
L51623,L,29.350000000000023,37.150000000000034,1405,57.4,152,0,0,0,0,0,0,1,6840,0.37516339869281046,278
L51624,L,29.25,37.05000000000001,2224,16.0,154,0,0,0,0,0,0,0,6930,0.1032258064516129,311
L51625,L,29.350000000000023,37.05000000000001,1716,29.9,156,0,0,0,0,0,0,1,7020,0.19044585987261145,321
L51626,L,29.350000000000023,37.150000000000034,1584,35.5,158,0,0,0,0,0,0,1,7110,0.22327044025157233,258
M19307,M,29.350000000000023,37.150000000000034,1488,41.8,160,0,0,0,0,0,0,0,7200,0.25962732919254655,163
L51628,L,29.25,37.150000000000034,1374,51.2,163,1,0,1,0,0,0,3,7335,0.3121951219512195,10
M19309,M,29.25,37.150000000000034,1378,54.3,165,1,0,1,0,0,0,3,7425,0.32710843373493975,26
L51630,L,29.350000000000023,37.150000000000034,1551,37.3,168,0,0,0,0,0,0,1,7560,0.2207100591715976,336
L51631,L,29.350000000000023,37.150000000000034,1549,40.9,170,0,0,0,0,0,0,0,7650,0.2391812865497076,173
M19312,M,29.350000000000023,37.150000000000034,1447,39.2,172,0,0,0,0,0,0,1,7740,0.22658959537572257,342
L51633,L,29.25,37.05000000000001,1400,53.7,175,0,0,0,0,0,0,0,7875,0.30511363636363636,259
L51634,L,29.25,36.950000000000045,1401,48.8,177,0,0,0,0,0,0,0,7965,0.2741573033707865,283
H33869,H,29.25,36.950000000000045,1597,28.9,179,0,0,0,0,0,0,0,8055,0.16055555555555553,345
L51636,L,29.150000000000034,36.950000000000045,1487,46.0,184,0,0,0,0,0,0,1,8280,0.24864864864864866,187
M19317,M,29.350000000000023,37.150000000000034,1710,27.3,186,0,0,0,0,0,0,1,8370,0.14598930481283423,278
L51638,L,29.450000000000045,37.25,1478,47.7,189,0,0,0,0,0,0,0,8505,0.25105263157894736,190
L51639,L,29.450000000000045,37.25,1743,26.3,191,0,0,0,0,0,0,0,8595,0.13697916666666668,180
L51640,L,29.450000000000045,37.35000000000002,1596,32.8,193,0,0,0,0,0,0,0,8685,0.1690721649484536,185
L51641,L,29.55000000000001,37.35000000000002,1642,30.8,195,0,0,0,0,0,0,0,8775,0.15714285714285714,350
L51642,L,29.55000000000001,37.35000000000002,1263,67.8,197,1,0,1,0,1,0,2,8865,0.3424242424242424,13
L51643,L,29.650000000000034,37.450000000000045,2016,19.9,199,0,0,0,0,0,0,0,8955,0.09949999999999999,331
L51644,L,29.650000000000034,37.450000000000045,1671,30.5,201,0,0,0,0,0,0,1,9045,0.15099009900990099,258
L51645,L,29.650000000000034,37.450000000000045,1404,43.2,203,0,0,0,0,0,0,0,9135,0.21176470588235297,364
L51646,L,29.650000000000034,37.450000000000045,1470,41.1,205,0,0,0,0,0,0,1,9225,0.19951456310679613,180
L51647,L,29.650000000000034,37.450000000000045,1617,37.9,207,0,0,0,0,0,0,1,9315,0.18221153846153845,306
L51648,L,29.55000000000001,37.35000000000002,1725,29.0,209,0,0,0,0,0,0,1,9405,0.1380952380952381,262
L51649,L,29.55000000000001,37.35000000000002,1446,40.9,211,1,1,0,0,0,0,2,9495,0.19292452830188678,17
L51650,L,29.55000000000001,37.450000000000045,1564,34.3,0,0,0,0,0,0,0,1,0,34.3,280
L51651,L,29.650000000000034,37.450000000000045,1670,29.1,2,0,0,0,0,0,0,0,90,9.700000000000001,335
L51652,L,29.55000000000001,37.450000000000045,1501,48.7,4,0,0,0,0,0,0,0,180,9.74,210
L51653,L,29.55000000000001,37.35000000000002,1551,35.9,6,0,0,0,0,0,0,1,270,5.128571428571428,155
L51654,L,29.55000000000001,37.35000000000002,1563,35.0,8,0,0,0,0,0,0,0,360,3.888888888888889,169
L51655,L,29.55000000000001,37.35000000000002,1351,41.8,10,1,0,1,0,0,0,3,450,3.8,5
L51656,L,29.450000000000045,37.25,1415,52.1,12,0,0,0,0,0,0,0,540,4.007692307692308,210
L51657,L,29.450000000000045,37.150000000000034,1647,34.2,14,0,0,0,0,0,0,0,630,2.2800000000000002,323
L51658,L,29.350000000000023,37.05000000000001,1477,41.6,16,0,0,0,0,0,0,0,720,2.447058823529412,290
L51659,L,29.450000000000045,37.05000000000001,1923,21.5,18,0,0,0,0,0,0,0,810,1.131578947368421,172
H33894,H,29.55000000000001,37.25,1305,55.2,20,1,0,1,0,0,0,5,900,2.6285714285714286,8
M19341,M,29.450000000000045,37.25,1544,35.1,25,0,0,0,0,0,0,1,1125,1.35,180
H33896,H,29.55000000000001,37.35000000000002,1568,36.9,28,0,0,0,0,0,0,0,1260,1.2724137931034483,153
L51663,L,29.55000000000001,37.25,1489,42.7,33,0,0,0,0,0,0,0,1485,1.2558823529411764,352
M19344,M,29.450000000000045,37.25,1451,43.1,35,0,0,0,0,0,0,0,1575,1.1972222222222222,267
L51665,L,29.55000000000001,37.25,1542,35.7,38,0,0,0,0,0,0,1,1710,0.9153846153846155,215
M19346,M,29.450000000000045,37.35000000000002,1965,20.2,40,0,0,0,0,0,0,1,1800,0.4926829268292683,293
L51667,L,29.350000000000023,37.35000000000002,1436,36.5,43,0,0,0,0,0,0,0,1935,0.8295454545454546,264
M19348,M,29.350000000000023,37.25,1509,37.6,45,0,0,0,0,0,0,1,2025,0.8173913043478261,180
L51669,L,29.350000000000023,37.25,1487,40.2,48,0,0,0,0,0,0,1,2160,0.8204081632653062,325
L51670,L,29.350000000000023,37.25,1967,20.3,50,0,0,0,0,0,0,0,2250,0.39803921568627454,272
H33905,H,29.450000000000045,37.25,1409,53.3,52,0,0,0,0,0,0,1,2340,1.0056603773584905,192
M19352,M,29.450000000000045,37.35000000000002,1420,56.4,57,0,0,0,0,0,0,0,2565,0.9724137931034482,153
L51673,L,29.55000000000001,37.35000000000002,1511,37.7,60,0,0,0,0,0,0,1,2700,0.618032786885246,339
H33908,H,29.450000000000045,37.25,1649,30.1,62,0,0,0,0,0,0,0,2790,0.4777777777777778,197
L51675,L,29.450000000000045,37.25,1359,57.2,67,1,0,1,0,0,0,2,3015,0.8411764705882353,14
M19356,M,29.350000000000023,37.25,1605,36.0,69,0,0,0,0,0,0,0,3105,0.5142857142857142,293
L51677,L,29.350000000000023,37.150000000000034,1523,36.0,72,0,0,0,0,0,0,0,3240,0.4931506849315068,238
H33912,H,29.450000000000045,37.25,1614,36.0,74,0,0,0,0,0,0,1,3330,0.48,275
H33913,H,29.450000000000045,37.150000000000034,1721,27.4,79,0,0,0,0,0,0,0,3555,0.34249999999999997,226
L51680,L,29.450000000000045,37.25,1638,36.2,84,0,0,0,0,0,0,0,3780,0.4258823529411765,346
L51681,L,29.350000000000023,37.05000000000001,1307,54.0,86,1,0,1,0,0,0,6,3870,0.6206896551724138,18
L51682,L,29.25,37.05000000000001,1642,28.3,88,0,0,0,0,0,0,0,3960,0.31797752808988766,214
M19363,M,29.350000000000023,37.05000000000001,1751,30.5,90,0,0,0,0,0,0,0,4050,0.33516483516483514,218
L51684,L,29.25,36.950000000000045,1645,31.6,93,0,0,0,0,0,0,1,4185,0.3361702127659575,163
L51685,L,29.25,36.950000000000045,1426,46.8,95,0,0,0,0,0,0,0,4275,0.4875,224
M19366,M,29.25,36.950000000000045,1520,36.6,97,0,0,0,0,0,0,1,4365,0.3734693877551021,311
L51687,L,29.25,36.950000000000045,1709,31.8,100,0,0,0,0,0,0,0,4500,0.31485148514851485,333
L51688,L,29.25,36.85000000000002,1426,46.6,102,0,0,0,0,0,0,1,4590,0.4524271844660194,178
L51689,L,29.25,36.950000000000045,1429,43.7,104,0,0,0,0,0,0,1,4680,0.4161904761904762,359
L51690,L,29.25,37.05000000000001,1346,62.4,106,1,0,1,0,0,0,2,4770,0.5831775700934579,17
L51691,L,29.350000000000023,37.05000000000001,1454,43.0,108,0,0,0,0,0,0,1,4860,0.3944954128440367,302
M19372,M,29.350000000000023,37.150000000000034,1411,49.5,110,0,0,0,0,0,0,0,4950,0.44594594594594594,243
L51693,L,29.25,37.150000000000034,1900,24.4,113,0,0,0,0,0,0,0,5085,0.21403508771929824,215
L51694,L,29.25,37.150000000000034,1479,36.2,115,0,0,0,0,0,0,1,5175,0.3120689655172414,264
L51695,L,29.350000000000023,37.25,1415,48.2,117,0,0,0,0,0,0,0,5265,0.40847457627118644,189
L51696,L,29.350000000000023,37.150000000000034,1539,39.0,119,0,0,0,0,0,0,0,5355,0.325,292
L51697,L,29.25,37.150000000000034,1520,31.6,121,0,0,0,0,0,0,1,5445,0.25901639344262295,181
L51698,L,29.25,37.150000000000034,1480,45.8,123,0,0,0,0,0,0,0,5535,0.3693548387096774,169
L51699,L,29.25,37.25,1666,29.7,125,0,0,0,0,0,0,0,5625,0.2357142857142857,202
L51700,L,29.25,37.25,1456,47.6,127,0,0,0,0,0,0,1,5715,0.371875,355
L51701,L,29.25,37.25,1865,23.9,129,0,0,0,0,0,0,0,5805,0.18384615384615383,344
M19382,M,29.350000000000023,37.35000000000002,1918,21.6,131,0,0,0,0,0,0,0,5895,0.16363636363636364,198
L51703,L,29.350000000000023,37.25,1488,48.4,134,0,0,0,0,0,0,1,6030,0.3585185185185185,344
M19384,M,29.350000000000023,37.35000000000002,1527,38.8,136,0,0,0,0,0,0,0,6120,0.2832116788321168,354
M19385,M,29.25,37.25,1463,42.2,139,0,0,0,0,0,0,0,6255,0.30142857142857143,238
L51706,L,29.25,37.25,1521,38.5,142,0,0,0,0,0,0,1,6390,0.2692307692307692,231
M19387,M,29.25,37.35000000000002,1372,45.7,144,1,0,1,0,0,0,6,6480,0.31517241379310346,46
L51708,L,29.350000000000023,37.35000000000002,1507,39.5,147,0,0,0,0,0,0,0,6615,0.2668918918918919,316
M19389,M,29.25,37.25,1586,34.3,149,0,0,0,0,0,0,1,6705,0.22866666666666666,210
L51710,L,29.350000000000023,37.25,1487,42.0,152,0,0,0,0,0,0,1,6840,0.27450980392156865,332
L51711,L,29.350000000000023,37.35000000000002,1520,41.2,154,0,0,0,0,0,0,0,6930,0.2658064516129032,346
H33946,H,29.350000000000023,37.25,1422,41.9,156,0,0,0,0,0,0,0,7020,0.26687898089171974,279
M19393,M,29.25,37.150000000000034,1375,52.5,161,1,0,1,0,0,0,2,7245,0.32407407407407407,37
L51714,L,29.25,37.05000000000001,1633,28.0,164,0,0,0,0,0,0,0,7380,0.1696969696969697,166
L51715,L,29.25,37.05000000000001,1503,36.2,166,0,0,0,0,0,0,0,7470,0.21676646706586827,306
L51716,L,29.25,37.05000000000001,1351,45.1,168,1,0,1,0,0,0,5,7560,0.2668639053254438,40
L51717,L,29.150000000000034,37.05000000000001,1548,35.3,170,0,0,0,0,0,0,1,7650,0.2064327485380117,255
L51718,L,29.25,37.150000000000034,1923,23.3,172,0,0,0,0,0,0,0,7740,0.1346820809248555,281
L51719,L,29.350000000000023,37.150000000000034,1592,32.6,174,0,0,0,0,0,0,0,7830,0.1862857142857143,350
M19400,M,29.350000000000023,37.25,1580,35.6,176,0,0,0,0,0,0,1,7920,0.20112994350282487,341
L51721,L,29.350000000000023,37.25,1427,46.8,179,0,0,0,0,0,0,1,8055,0.26,234
M19402,M,29.350000000000023,37.25,1581,32.7,181,0,0,0,0,0,0,1,8145,0.1796703296703297,192
M19403,M,29.450000000000045,37.35000000000002,1542,39.9,184,0,0,0,0,0,0,0,8280,0.21567567567567567,225
L51724,L,29.350000000000023,37.25,1349,55.1,187,1,0,1,0,0,0,2,8415,0.29308510638297874,51
L51725,L,29.350000000000023,37.35000000000002,1463,43.0,189,0,0,0,0,0,0,1,8505,0.22631578947368422,199
M19406,M,29.350000000000023,37.25,1429,43.2,191,0,0,0,0,0,0,0,8595,0.225,345
M19407,M,29.350000000000023,37.25,1451,53.6,194,0,0,0,0,0,0,0,8730,0.27487179487179486,210
L51728,L,29.450000000000045,37.35000000000002,1511,37.2,197,0,0,0,0,0,0,0,8865,0.1878787878787879,350
L51729,L,29.450000000000045,37.450000000000045,1549,37.5,199,0,0,0,0,0,0,0,8955,0.1875,253
M19410,M,29.350000000000023,37.35000000000002,1507,40.2,201,0,0,0,0,0,0,1,9045,0.19900990099009902,200
M19411,M,29.450000000000045,37.35000000000002,1524,33.7,204,0,0,0,0,0,0,1,9180,0.16439024390243903,226
M19412,M,29.55000000000001,37.35000000000002,1880,22.7,207,0,0,0,0,0,0,0,9315,0.10913461538461539,247
L51733,L,29.450000000000045,37.35000000000002,1461,45.4,0,0,0,0,0,0,0,1,0,45.4,232
L51734,L,29.450000000000045,37.35000000000002,1748,28.2,2,0,0,0,0,0,0,0,90,9.4,227
L51735,L,29.55000000000001,37.450000000000045,1690,26.7,4,0,0,0,0,0,0,0,180,5.34,154
M19416,M,29.55000000000001,37.450000000000045,1349,51.2,6,1,0,1,0,0,0,2,270,7.314285714285715,31
L51737,L,29.55000000000001,37.450000000000045,1686,26.3,9,0,0,0,0,0,0,1,405,2.63,287
L51738,L,29.55000000000001,37.55000000000001,1369,47.5,11,1,0,1,0,0,0,3,495,3.9583333333333335,34
L51739,L,29.55000000000001,37.55000000000001,1433,43.7,13,0,0,0,0,0,0,0,585,3.1214285714285714,358
L51740,L,29.55000000000001,37.55000000000001,1597,41.9,15,0,0,0,0,0,0,0,675,2.61875,329
L51741,L,29.75,37.650000000000034,1610,32.2,17,0,0,0,0,0,0,0,765,1.788888888888889,357
L51742,L,29.55000000000001,37.55000000000001,1398,57.7,19,0,0,0,0,0,0,1,855,2.8850000000000002,166
L51743,L,29.55000000000001,37.55000000000001,1977,20.0,21,0,0,0,0,0,0,1,945,0.9090909090909091,214
L51744,L,29.650000000000034,37.650000000000034,1516,39.5,23,0,0,0,0,0,0,0,1035,1.6458333333333333,273
H33979,H,29.55000000000001,37.650000000000034,1275,55.0,25,1,0,1,0,0,0,2,1125,2.1153846153846154,52
L51746,L,29.650000000000034,37.650000000000034,1402,50.5,30,0,0,0,0,0,0,1,1350,1.6290322580645162,331
M19427,M,29.650000000000034,37.650000000000034,1451,44.7,32,0,0,0,0,0,0,0,1440,1.3545454545454547,260
M19428,M,29.55000000000001,37.650000000000034,1555,36.1,35,0,0,0,0,0,0,1,1575,1.0027777777777778,326
L51749,L,29.650000000000034,37.75,1636,35.0,38,0,0,0,0,0,0,0,1710,0.8974358974358975,256
L51750,L,29.650000000000034,37.75,1312,52.2,40,1,0,1,0,0,0,5,1800,1.273170731707317,49
L51751,L,29.650000000000034,37.75,1708,29.8,42,0,0,0,0,0,0,0,1890,0.6930232558139535,218
M19432,M,29.75,37.85000000000002,1556,36.5,44,0,0,0,0,0,0,0,1980,0.8111111111111111,341
H33987,H,29.650000000000034,37.85000000000002,1436,43.5,47,0,0,0,0,0,0,0,2115,0.90625,185
M19434,M,29.75,37.85000000000002,1402,40.7,52,0,0,0,0,0,0,1,2340,0.7679245283018868,298
M19435,M,29.75,37.85000000000002,1437,49.9,55,0,0,0,0,0,0,1,2475,0.8910714285714285,333
M19436,M,29.75,37.950000000000045,1926,21.8,58,0,0,0,0,0,0,0,2610,0.3694915254237288,222
L51757,L,29.850000000000023,38.05000000000001,1800,23.7,61,0,0,0,0,0,0,0,2745,0.38225806451612904,240
L51758,L,29.850000000000023,38.05000000000001,1641,32.6,63,0,0,0,0,0,0,0,2835,0.509375,325
L51759,L,29.850000000000023,38.05000000000001,1374,48.2,65,1,0,1,0,0,0,4,2925,0.7303030303030303,10
L51760,L,29.850000000000023,38.05000000000001,1494,37.0,67,0,0,0,0,0,0,1,3015,0.5441176470588235,353
L51761,L,29.850000000000023,38.05000000000001,1601,32.9,69,0,0,0,0,0,0,1,3105,0.47,295
L51762,L,29.75,38.05000000000001,1634,36.9,71,0,0,0,0,0,0,1,3195,0.5125,248
M19443,M,29.75,38.05000000000001,1467,37.7,73,0,0,0,0,0,0,0,3285,0.5094594594594595,164
L51764,L,29.650000000000034,37.950000000000045,1550,32.3,76,0,0,0,0,0,0,0,3420,0.41948051948051945,193
L51765,L,29.650000000000034,37.950000000000045,1563,32.2,78,0,0,0,0,0,0,1,3510,0.4075949367088608,322
L51766,L,29.55000000000001,37.75,1395,48.3,80,0,0,0,0,0,0,0,3600,0.5962962962962962,246
M19447,M,29.650000000000034,37.85000000000002,1507,33.4,82,0,0,0,0,0,0,1,3690,0.40240963855421685,185
L51768,L,29.650000000000034,37.85000000000002,1564,38.5,85,0,0,0,0,0,0,1,3825,0.4476744186046512,317
L51769,L,29.650000000000034,37.950000000000045,1721,30.0,87,0,0,0,0,0,0,1,3915,0.3409090909090909,328
L51770,L,29.650000000000034,37.950000000000045,1456,36.1,89,0,0,0,0,0,0,1,4005,0.40111111111111114,179
H34005,H,29.75,38.05000000000001,2102,17.8,91,0,0,0,0,0,0,0,4095,0.19347826086956524,175
L51772,L,29.75,37.950000000000045,1555,33.9,96,0,0,0,0,0,0,1,4320,0.3494845360824742,234
L51773,L,29.850000000000023,38.05000000000001,1409,41.9,98,0,0,0,0,0,0,0,4410,0.42323232323232324,250
M19454,M,29.850000000000023,38.05000000000001,1387,41.4,100,0,0,0,0,0,0,1,4500,0.4099009900990099,270
M19455,M,29.850000000000023,38.05000000000001,1460,43.9,103,0,0,0,0,0,0,1,4635,0.4221153846153846,180
L51776,L,29.850000000000023,38.05000000000001,1361,47.6,106,1,0,1,0,0,0,4,4770,0.44485981308411215,39
M19457,M,29.850000000000023,37.950000000000045,1490,43.0,108,0,0,0,0,0,0,1,4860,0.3944954128440367,338
L51778,L,29.950000000000045,38.05000000000001,1399,49.2,111,0,0,0,0,0,0,0,4995,0.43928571428571433,166
L51779,L,29.950000000000045,37.950000000000045,1420,55.8,113,0,0,0,0,0,0,0,5085,0.4894736842105263,358
L51780,L,29.850000000000023,37.85000000000002,1359,44.2,115,1,0,1,0,0,0,4,5175,0.38103448275862073,17
M19461,M,29.850000000000023,37.950000000000045,1372,54.3,117,1,0,1,0,0,0,5,5265,0.4601694915254237,15
M19462,M,29.850000000000023,37.85000000000002,1409,41.7,120,0,0,0,0,0,0,1,5400,0.34462809917355375,173
H34017,H,29.75,37.85000000000002,1452,58.3,123,0,0,0,0,0,0,0,5535,0.47016129032258064,271
L51784,L,29.75,37.85000000000002,1820,24.6,128,0,0,0,0,0,0,0,5760,0.19069767441860466,281
H34019,H,29.75,37.85000000000002,1469,48.7,130,0,0,0,0,0,0,1,5850,0.3717557251908397,286
L51786,L,29.75,37.950000000000045,1556,45.3,135,0,0,0,0,0,0,0,6075,0.33308823529411763,279
L51787,L,29.850000000000023,37.950000000000045,1980,20.2,137,0,0,0,0,0,0,0,6165,0.1463768115942029,312
M19468,M,29.850000000000023,38.05000000000001,1519,38.0,139,0,0,0,0,0,0,0,6255,0.2714285714285714,272
L51789,L,29.850000000000023,38.05000000000001,1456,44.0,142,0,0,0,0,0,0,0,6390,0.3076923076923077,187
L51790,L,29.950000000000045,38.05000000000001,1394,45.3,144,0,0,0,0,0,0,1,6480,0.31241379310344825,322
L51791,L,29.850000000000023,38.150000000000034,1365,56.2,146,1,0,1,0,0,0,2,6570,0.38231292517006804,41
L51792,L,29.850000000000023,38.150000000000034,2194,16.5,148,0,0,0,0,0,0,0,6660,0.11073825503355705,319
L51793,L,29.950000000000045,38.150000000000034,1403,55.6,150,0,0,0,0,0,0,1,6750,0.36821192052980134,280
H34028,H,29.850000000000023,38.05000000000001,1503,37.0,152,0,0,0,0,0,0,0,6840,0.24183006535947713,308
L51795,L,29.850000000000023,38.150000000000034,1793,29.3,157,0,0,0,0,0,0,0,7065,0.18544303797468356,329
L51796,L,29.950000000000045,38.25,1829,24.5,159,0,0,0,0,0,0,0,7155,0.153125,318
M19477,M,29.950000000000045,38.25,1831,23.3,161,0,0,0,0,0,0,1,7245,0.14382716049382716,206
M19478,M,29.850000000000023,38.150000000000034,1335,53.6,164,1,0,1,0,0,0,5,7380,0.32484848484848483,42
H34033,H,29.950000000000045,38.150000000000034,2056,19.7,167,0,0,0,0,0,0,1,7515,0.11726190476190476,202
L51800,L,29.950000000000045,38.150000000000034,1336,52.6,172,1,0,1,0,0,0,6,7740,0.3040462427745665,46
L51801,L,29.850000000000023,38.05000000000001,1341,51.0,174,1,0,1,0,0,0,2,7830,0.2914285714285714,5
M19482,M,29.850000000000023,37.950000000000045,1526,37.3,176,0,0,0,0,0,0,1,7920,0.21073446327683615,205
L51803,L,29.850000000000023,37.950000000000045,1525,40.7,179,0,0,0,0,0,0,0,8055,0.22611111111111112,236
M19484,M,29.850000000000023,37.950000000000045,1428,39.8,181,0,0,0,0,0,0,1,8145,0.21868131868131865,225
L51805,L,29.850000000000023,38.05000000000001,1511,45.7,184,0,0,0,0,0,0,0,8280,0.24702702702702703,349
L51806,L,29.850000000000023,38.05000000000001,1664,29.8,186,0,0,0,0,0,0,0,8370,0.15935828877005348,330
M19487,M,29.850000000000023,38.05000000000001,1592,38.9,188,0,0,0,0,0,0,1,8460,0.20582010582010582,234
M19488,M,29.850000000000023,37.950000000000045,1597,36.7,191,0,0,0,0,0,0,0,8595,0.19114583333333335,234
L51809,L,29.850000000000023,38.05000000000001,1735,26.1,194,0,0,0,0,0,0,0,8730,0.13384615384615386,309
L51810,L,29.75,38.05000000000001,1751,23.8,196,0,0,0,0,0,0,0,8820,0.12081218274111676,230
L51811,L,29.850000000000023,38.05000000000001,1383,44.6,198,0,0,0,0,0,0,1,8910,0.2241206030150754,331
M19492,M,29.75,38.05000000000001,1330,53.7,200,1,0,1,0,0,0,2,9000,0.26716417910447765,43
L51813,L,29.850000000000023,38.05000000000001,1382,50.5,203,0,0,0,0,0,0,0,9135,0.24754901960784315,157
L51814,L,29.850000000000023,38.05000000000001,1755,30.4,205,0,0,0,0,0,0,1,9225,0.14757281553398058,359
M19495,M,29.850000000000023,38.05000000000001,1614,35.7,207,0,0,0,0,0,0,0,9315,0.17163461538461539,160
L51816,L,29.850000000000023,38.150000000000034,1466,43.0,210,0,0,0,0,0,0,1,9450,0.2037914691943128,331
M19497,M,29.950000000000045,38.150000000000034,1847,24.7,212,0,0,0,0,0,0,0,9540,0.115962441314554,337
L51818,L,29.950000000000045,38.150000000000034,1474,34.8,215,0,0,0,0,0,0,0,9675,0.1611111111111111,287
L51819,L,29.950000000000045,38.150000000000034,1657,31.8,217,0,0,0,0,0,0,1,9765,0.14587155963302753,347
L51820,L,29.950000000000045,38.05000000000001,1435,40.1,219,0,0,0,0,0,0,1,9855,0.18227272727272728,264
H34055,H,29.950000000000045,38.150000000000034,1494,42.7,221,0,0,0,0,0,0,1,9945,0.19234234234234235,230
L51822,L,30.05000000000001,38.25,1238,54.6,226,1,0,1,0,1,0,2,10170,0.24052863436123348,9
L51823,L,30.05000000000001,38.25,1324,54.2,228,1,0,1,0,1,0,4,10260,0.2366812227074236,5
L51824,L,30.05000000000001,38.25,1514,41.2,230,0,0,0,0,0,0,0,10350,0.17835497835497838,186
L51825,L,30.150000000000034,38.25,1732,25.6,232,0,0,0,0,0,0,0,10440,0.10987124463519314,241
L51826,L,30.150000000000034,38.25,1497,46.0,234,1,1,0,0,0,0,2,10530,0.19574468085106383,51
L51827,L,30.150000000000034,38.25,1958,21.5,0,0,0,0,0,0,0,1,0,21.5,353
L51828,L,30.150000000000034,38.25,1630,32.5,2,0,0,0,0,0,0,1,90,10.833333333333334,335
M19509,M,30.150000000000034,38.25,1395,59.1,4,0,0,0,0,0,0,0,180,11.82,234
L51830,L,30.150000000000034,38.25,1658,30.5,7,0,0,0,0,0,0,0,315,3.8125,208
L51831,L,30.05000000000001,38.25,1349,51.1,9,1,0,1,0,0,0,5,405,5.11,9
L51832,L,29.950000000000045,38.05000000000001,1452,52.9,11,0,0,0,0,0,0,0,495,4.408333333333333,305
M19513,M,29.950000000000045,37.950000000000045,1594,35.5,13,0,0,0,0,0,0,1,585,2.5357142857142856,186
M19514,M,29.950000000000045,37.85000000000002,1510,47.6,16,0,0,0,0,0,0,0,720,2.8000000000000003,170
L51835,L,29.950000000000045,37.950000000000045,1854,22.6,19,0,0,0,0,0,0,1,855,1.1300000000000001,310
L51836,L,29.950000000000045,38.05000000000001,1626,32.3,21,0,0,0,0,0,0,0,945,1.468181818181818,279
L51837,L,29.950000000000045,38.05000000000001,1628,35.2,23,0,0,0,0,0,0,1,1035,1.4666666666666668,232
L51838,L,29.950000000000045,38.05000000000001,1679,34.8,25,0,0,0,0,0,0,1,1125,1.3384615384615384,305
M19519,M,29.950000000000045,38.05000000000001,1489,44.5,27,0,0,0,0,0,0,1,1215,1.5892857142857142,292
L51840,L,30.05000000000001,38.05000000000001,1439,43.9,30,0,0,0,0,0,0,1,1350,1.4161290322580644,150
L51841,L,30.150000000000034,38.150000000000034,1350,48.1,32,1,0,1,0,0,0,3,1440,1.4575757575757575,26
H34076,H,30.150000000000034,38.05000000000001,1607,31.7,34,0,0,0,0,0,0,0,1530,0.9057142857142857,177
L51843,L,30.150000000000034,38.150000000000034,1389,53.9,39,0,0,0,0,0,0,0,1755,1.3475,199
M19524,M,30.150000000000034,38.150000000000034,1566,46.1,41,0,0,0,0,0,0,1,1845,1.0976190476190477,184
M19525,M,30.25,38.25,1307,54.0,44,1,0,1,0,0,0,3,1980,1.2,52
M19526,M,30.150000000000034,38.35000000000002,1569,36.6,47,0,0,0,0,0,0,0,2115,0.7625000000000001,286
H34081,H,30.150000000000034,38.25,1651,30.6,50,0,0,0,0,0,0,0,2250,0.6,301
H34082,H,30.150000000000034,38.25,1692,27.9,55,0,0,0,0,0,0,1,2475,0.49821428571428567,340
M19529,M,30.150000000000034,38.35000000000002,1373,47.3,60,1,0,1,0,0,0,2,2700,0.7754098360655737,34
L51850,L,30.05000000000001,38.25,1610,35.5,63,0,0,0,0,0,0,1,2835,0.5546875,333
L51851,L,30.150000000000034,38.25,1511,43.4,65,0,0,0,0,0,0,0,2925,0.6575757575757576,190
L51852,L,30.150000000000034,38.35000000000002,1412,55.6,67,0,0,0,0,0,0,0,3015,0.8176470588235294,216
L51853,L,30.25,38.35000000000002,1501,36.2,69,0,0,0,0,0,0,0,3105,0.5171428571428572,197
L51854,L,30.25,38.35000000000002,1414,44.8,71,0,0,0,0,0,0,1,3195,0.6222222222222222,235
H34089,H,30.350000000000023,38.35000000000002,1629,33.5,73,0,0,0,0,0,0,0,3285,0.4527027027027027,207
L51856,L,30.25,38.35000000000002,1879,21.3,78,0,0,0,0,0,0,1,3510,0.26962025316455696,188
H34091,H,30.350000000000023,38.450000000000045,1466,47.0,80,0,0,0,0,0,0,1,3600,0.5802469135802469,174
H34092,H,30.450000000000045,38.55000000000001,1476,40.1,85,0,0,0,0,0,0,1,3825,0.4662790697674419,209
L51859,L,30.450000000000045,38.650000000000034,1695,30.7,90,0,0,0,0,0,0,1,4050,0.33736263736263733,266
L51860,L,30.450000000000045,38.55000000000001,1491,39.8,92,0,0,0,0,0,0,0,4140,0.4279569892473118,235
M19541,M,30.450000000000045,38.650000000000034,1659,34.7,94,0,0,0,0,0,0,0,4230,0.36526315789473685,263
L51862,L,30.450000000000045,38.650000000000034,1567,31.7,97,0,0,0,0,0,0,1,4365,0.32346938775510203,324
L51863,L,30.450000000000045,38.650000000000034,1736,32.9,99,0,0,0,0,0,0,0,4455,0.32899999999999996,338
M19544,M,30.450000000000045,38.650000000000034,1421,44.8,101,1,0,0,0,0,0,3,4545,0.4392156862745098,28
M19545,M,30.450000000000045,38.650000000000034,1627,30.8,104,0,0,0,0,0,0,0,4680,0.29333333333333333,304
M19546,M,30.350000000000023,38.450000000000045,1562,34.2,107,0,0,0,0,0,0,0,4815,0.3166666666666667,273
L51867,L,30.350000000000023,38.450000000000045,2183,17.0,110,0,0,0,0,0,0,1,4950,0.15315315315315314,260
L51868,L,30.350000000000023,38.450000000000045,1577,38.1,112,0,0,0,0,0,0,1,5040,0.33716814159292036,191
M19549,M,30.25,38.35000000000002,1560,36.4,114,0,0,0,0,0,0,1,5130,0.31652173913043474,201
M19550,M,30.25,38.35000000000002,1483,43.0,117,0,0,0,0,0,0,1,5265,0.3644067796610169,197
L51871,L,30.350000000000023,38.35000000000002,1535,33.3,120,0,0,0,0,0,0,0,5400,0.2752066115702479,181
M19552,M,30.25,38.25,1606,29.6,122,0,0,0,0,0,0,1,5490,0.24065040650406505,301
M19553,M,30.25,38.35000000000002,1817,24.7,125,0,0,0,0,0,0,0,5625,0.19603174603174603,280
L51874,L,30.25,38.35000000000002,1424,50.8,128,0,0,0,0,0,0,1,5760,0.39379844961240307,267
L51875,L,30.150000000000034,38.450000000000045,1514,34.7,130,0,0,0,0,0,0,0,5850,0.2648854961832061,304
L51876,L,30.25,38.450000000000045,1449,41.7,132,0,0,0,0,0,0,1,5940,0.31353383458646616,350
M19557,M,30.350000000000023,38.450000000000045,1573,34.0,134,0,0,0,0,0,0,0,6030,0.2518518518518518,317
L51878,L,30.25,38.450000000000045,1564,41.9,137,0,0,0,0,0,0,0,6165,0.3036231884057971,172
L51879,L,30.350000000000023,38.450000000000045,1428,46.2,139,0,0,0,0,0,0,0,6255,0.33,284
L51880,L,30.350000000000023,38.55000000000001,1620,31.0,141,0,0,0,0,0,0,1,6345,0.21830985915492956,358
H34115,H,30.350000000000023,38.55000000000001,1584,32.7,143,0,0,0,0,0,0,1,6435,0.22708333333333336,276
L51882,L,30.450000000000045,38.650000000000034,1222,66.8,148,1,0,1,0,0,0,6,6660,0.4483221476510067,43
M19563,M,30.450000000000045,38.650000000000034,1432,42.5,150,0,0,0,0,0,0,1,6750,0.2814569536423841,156
L51884,L,30.55000000000001,38.75,1561,33.3,153,0,0,0,0,0,0,0,6885,0.21623376623376622,226
L51885,L,30.450000000000045,38.650000000000034,1614,33.2,155,0,0,0,0,0,0,0,6975,0.21282051282051284,231
L51886,L,30.350000000000023,38.55000000000001,1959,22.3,157,0,0,0,0,0,0,0,7065,0.14113924050632912,244
L51887,L,30.350000000000023,38.650000000000034,1944,23.5,159,0,0,0,0,0,0,1,7155,0.146875,171
L51888,L,30.25,38.55000000000001,1793,25.8,161,0,0,0,0,0,0,0,7245,0.15925925925925927,227
M19569,M,30.25,38.450000000000045,1446,50.0,163,0,0,0,0,0,0,0,7335,0.3048780487804878,231
L51890,L,30.25,38.55000000000001,1673,32.2,166,0,0,0,0,0,0,1,7470,0.19281437125748505,294
M19571,M,30.25,38.55000000000001,1515,44.2,168,0,0,0,0,0,0,1,7560,0.26153846153846155,168
L51892,L,30.25,38.650000000000034,1564,35.9,171,0,0,0,0,0,0,0,7695,0.20872093023255814,244
L51893,L,30.350000000000023,38.650000000000034,1451,45.2,173,0,0,0,0,0,0,1,7785,0.2597701149425288,188
H34128,H,30.25,38.650000000000034,1693,28.3,175,0,0,0,0,0,0,1,7875,0.16079545454545455,266
L51895,L,30.25,38.55000000000001,1476,42.3,180,0,0,0,0,0,0,1,8100,0.23370165745856353,185
L51896,L,30.25,38.450000000000045,1712,30.1,182,0,0,0,0,0,0,1,8190,0.1644808743169399,164
M19577,M,30.25,38.450000000000045,1425,45.4,184,0,0,0,0,0,0,0,8280,0.2454054054054054,340
L51898,L,30.150000000000034,38.450000000000045,1337,56.8,187,1,0,1,0,0,0,2,8415,0.3021276595744681,31
M19579,M,30.25,38.55000000000001,1690,34.9,189,0,0,0,0,0,0,0,8505,0.18368421052631578,209
M19580,M,30.25,38.55000000000001,1353,44.1,192,1,0,1,0,0,0,3,8640,0.22849740932642487,28
L51901,L,30.350000000000023,38.650000000000034,1927,21.9,195,0,0,0,0,0,0,0,8775,0.11173469387755101,317
M19582,M,30.25,38.650000000000034,1391,42.7,197,0,0,0,0,0,0,1,8865,0.21565656565656566,293
L51903,L,30.25,38.650000000000034,1366,50.9,200,1,0,1,0,0,0,6,9000,0.2532338308457711,58
L51904,L,30.25,38.75,1771,31.6,202,0,0,0,0,0,0,0,9090,0.15566502463054188,238
M19585,M,30.25,38.650000000000034,1515,42.6,204,0,0,0,0,0,0,1,9180,0.2078048780487805,165
M19586,M,30.25,38.650000000000034,2133,18.3,207,0,0,0,0,0,0,1,9315,0.08798076923076924,307
M19587,M,30.25,38.650000000000034,1341,47.0,210,1,0,1,0,0,0,5,9450,0.22274881516587677,55
L51908,L,30.25,38.55000000000001,1406,47.1,213,0,0,0,0,0,0,0,9585,0.22009345794392524,343
L51909,L,30.25,38.650000000000034,1306,61.0,215,1,0,1,0,1,0,6,9675,0.2824074074074074,37
L51910,L,30.150000000000034,38.55000000000001,1508,35.5,217,0,0,0,0,0,0,1,9765,0.1628440366972477,193
L51911,L,30.150000000000034,38.450000000000045,1301,45.1,219,1,0,1,0,0,0,5,9855,0.20500000000000002,58
L51912,L,30.150000000000034,38.55000000000001,1539,38.5,221,0,0,0,0,0,0,0,9945,0.17342342342342343,200
L51913,L,30.150000000000034,38.450000000000045,1484,44.6,223,0,0,0,0,0,0,1,10035,0.19910714285714287,337
L51914,L,30.05000000000001,38.35000000000002,1507,39.2,225,0,0,0,0,0,0,1,10125,0.17345132743362834,167
L51915,L,30.05000000000001,38.35000000000002,1544,42.5,227,0,0,0,0,0,0,0,10215,0.18640350877192982,154
L51916,L,30.05000000000001,38.35000000000002,1513,37.9,0,0,0,0,0,0,0,1,0,37.9,317
M19597,M,30.05000000000001,38.35000000000002,1336,58.2,2,1,0,1,0,0,0,6,90,19.400000000000002,23
M19598,M,30.05000000000001,38.25,2102,19.0,5,0,0,0,0,0,0,0,225,3.1666666666666665,225
L51919,L,30.05000000000001,38.25,1351,53.8,8,1,0,1,0,0,0,3,360,5.977777777777778,55
L51920,L,30.150000000000034,38.35000000000002,1601,35.2,10,0,0,0,0,0,0,0,450,3.2,161
L51921,L,30.05000000000001,38.150000000000034,1393,52.9,12,0,0,0,0,0,0,1,540,4.069230769230769,161
L51922,L,30.150000000000034,38.150000000000034,1592,33.7,14,0,0,0,0,0,0,1,630,2.246666666666667,222
L51923,L,30.150000000000034,38.150000000000034,1409,51.8,16,0,0,0,0,0,0,1,720,3.0470588235294116,255
L51924,L,30.150000000000034,38.150000000000034,1393,47.4,18,0,0,0,0,0,0,1,810,2.494736842105263,299
H34159,H,30.05000000000001,38.05000000000001,1475,43.1,20,0,0,0,0,0,0,0,900,2.0523809523809526,198
L51926,L,30.05000000000001,38.05000000000001,1427,45.6,25,0,0,0,0,0,0,1,1125,1.7538461538461538,327
L51927,L,30.150000000000034,38.05000000000001,1763,27.3,27,0,0,0,0,0,0,1,1215,0.975,357
L51928,L,30.05000000000001,38.05000000000001,1363,46.7,29,1,0,1,0,0,0,5,1305,1.5566666666666669,50
L51929,L,30.05000000000001,38.05000000000001,1404,50.9,31,0,0,0,0,0,0,0,1395,1.590625,327
M19610,M,30.05000000000001,38.05000000000001,1688,31.9,33,0,0,0,0,0,0,0,1485,0.9382352941176471,152
L51931,L,30.150000000000034,38.25,1510,37.3,36,0,0,0,0,0,0,1,1620,1.008108108108108,293
H34166,H,30.150000000000034,38.150000000000034,1502,39.5,38,0,0,0,0,0,0,0,1710,1.0128205128205128,163
H34167,H,30.05000000000001,38.25,1607,36.6,43,0,0,0,0,0,0,0,1935,0.8318181818181819,213
M19614,M,30.150000000000034,38.35000000000002,1384,54.8,48,0,0,0,0,0,0,1,2160,1.1183673469387754,269
L51935,L,30.25,38.55000000000001,1295,51.3,51,1,0,1,0,0,0,2,2295,0.9865384615384615,24
H34170,H,30.25,38.55000000000001,1991,19.0,53,0,0,0,0,0,0,1,2385,0.35185185185185186,217
L51937,L,30.25,38.450000000000045,1497,42.8,58,0,0,0,0,0,0,1,2610,0.7254237288135593,208
L51938,L,30.350000000000023,38.450000000000045,1465,48.7,60,0,0,0,0,0,0,1,2700,0.798360655737705,279
L51939,L,30.350000000000023,38.450000000000045,1361,46.5,62,1,0,1,0,0,0,3,2790,0.7380952380952381,47
L51940,L,30.450000000000045,38.55000000000001,1546,38.5,64,0,0,0,0,0,0,1,2880,0.5923076923076923,159
H34175,H,30.55000000000001,38.75,1332,52.7,66,1,0,1,0,0,0,6,2970,0.7865671641791045,34
M19622,M,30.55000000000001,38.85000000000002,2663,11.4,71,1,0,0,1,0,0,6,3195,0.15833333333333333,34
L51943,L,30.55000000000001,38.950000000000045,1443,45.9,74,0,0,0,0,0,0,1,3330,0.612,250
M19624,M,30.55000000000001,38.85000000000002,1402,48.6,76,0,0,0,0,0,0,1,3420,0.6311688311688312,303
L51945,L,30.55000000000001,38.85000000000002,1892,22.5,79,0,0,0,0,0,0,0,3555,0.28125,281
M19626,M,30.450000000000045,38.85000000000002,1645,35.7,81,0,0,0,0,0,0,1,3645,0.43536585365853664,177
L51947,L,30.450000000000045,38.75,1473,50.1,84,0,0,0,0,0,0,0,3780,0.5894117647058824,279
L51948,L,30.450000000000045,38.85000000000002,1309,52.9,86,1,0,1,0,0,0,4,3870,0.6080459770114942,11
H34183,H,30.450000000000045,38.75,1544,37.1,88,0,0,0,0,0,0,1,3960,0.41685393258426967,293
L51950,L,30.350000000000023,38.75,1344,49.3,93,1,0,1,0,0,0,2,4185,0.524468085106383,24
M19631,M,30.450000000000045,38.75,1617,36.0,95,0,0,0,0,0,0,0,4275,0.375,206
M19632,M,30.450000000000045,38.85000000000002,1435,37.9,98,0,0,0,0,0,0,1,4410,0.3828282828282828,300
L51953,L,30.450000000000045,38.85000000000002,1391,50.3,101,0,0,0,0,0,0,1,4545,0.49313725490196075,300
L51954,L,30.450000000000045,38.85000000000002,1827,23.3,103,0,0,0,0,0,0,1,4635,0.22403846153846155,354
L51955,L,30.350000000000023,38.85000000000002,1761,25.8,105,0,0,0,0,0,0,1,4725,0.24339622641509434,170
L51956,L,30.350000000000023,38.950000000000045,1522,36.4,107,0,0,0,0,0,0,1,4815,0.337037037037037,252
M19637,M,30.350000000000023,39.05000000000001,1818,23.6,109,0,0,0,0,0,0,1,4905,0.21454545454545457,302
H34192,H,30.450000000000045,39.05000000000001,1371,54.6,112,1,0,1,0,0,0,6,5040,0.4831858407079646,14
L51959,L,30.55000000000001,39.150000000000034,1511,38.9,117,0,0,0,0,0,0,0,5265,0.3296610169491525,186
L51960,L,30.55000000000001,39.25,1404,46.6,119,0,0,0,0,0,0,1,5355,0.38833333333333336,326
L51961,L,30.55000000000001,39.150000000000034,1384,45.9,121,0,0,0,0,0,0,1,5445,0.3762295081967213,354
L51962,L,30.650000000000034,39.35000000000002,1368,52.6,123,0,0,0,0,0,0,1,5535,0.4241935483870968,292
L51963,L,30.55000000000001,39.35000000000002,1641,36.0,125,0,0,0,0,0,0,0,5625,0.2857142857142857,305
L51964,L,30.75,39.450000000000045,1642,32.3,127,0,0,0,0,0,0,0,5715,0.25234375,344
H34199,H,30.75,39.55000000000001,1401,50.0,129,0,0,0,0,0,0,1,5805,0.38461538461538464,364
L51966,L,30.650000000000034,39.450000000000045,1577,41.3,134,0,0,0,0,0,0,0,6030,0.3059259259259259,281
L51967,L,30.55000000000001,39.450000000000045,1396,44.1,136,0,0,0,0,0,0,1,6120,0.3218978102189781,196
H34202,H,30.55000000000001,39.450000000000045,1514,35.5,138,0,0,0,0,0,0,1,6210,0.25539568345323743,327
L51969,L,30.650000000000034,39.650000000000034,1646,35.8,143,0,0,0,0,0,0,0,6435,0.2486111111111111,337
L51970,L,30.650000000000034,39.650000000000034,1443,40.7,145,0,0,0,0,0,0,1,6525,0.2787671232876712,339
M19651,M,30.55000000000001,39.55000000000001,1469,48.5,147,0,0,0,0,0,0,0,6615,0.3277027027027027,344
H34206,H,30.55000000000001,39.55000000000001,1564,40.2,150,0,0,0,0,0,0,0,6750,0.2662251655629139,252
H34207,H,30.450000000000045,39.450000000000045,1498,40.2,155,0,0,0,0,0,0,0,6975,0.2576923076923077,221
L51974,L,30.450000000000045,39.450000000000045,1699,27.9,160,0,0,0,0,0,0,1,7200,0.1732919254658385,320
L51975,L,30.450000000000045,39.35000000000002,1431,49.0,162,0,0,0,0,0,0,1,7290,0.3006134969325153,238
L51976,L,30.350000000000023,39.25,1390,47.3,164,0,0,0,0,0,0,1,7380,0.2866666666666666,207
L51977,L,30.350000000000023,39.35000000000002,1380,46.1,166,0,0,0,0,0,0,1,7470,0.2760479041916168,254
L51978,L,30.350000000000023,39.35000000000002,1457,46.4,168,0,0,0,0,0,0,1,7560,0.27455621301775146,329
L51979,L,30.350000000000023,39.35000000000002,1418,42.2,170,0,0,0,0,0,0,1,7650,0.24678362573099416,353
M19660,M,30.350000000000023,39.35000000000002,1353,51.0,172,0,0,0,0,0,0,1,7740,0.2947976878612717,218
L51981,L,30.350000000000023,39.25,1574,32.7,175,0,0,0,0,0,0,0,7875,0.18579545454545457,195
M19662,M,30.350000000000023,39.25,1318,54.2,177,0,0,0,0,0,0,1,7965,0.3044943820224719,302
L51983,L,30.450000000000045,39.35000000000002,1710,31.4,180,0,0,0,0,0,0,1,8100,0.1734806629834254,174
L51984,L,30.55000000000001,39.450000000000045,1621,38.8,182,0,0,0,0,0,0,1,8190,0.21202185792349726,270
L51985,L,30.450000000000045,39.450000000000045,1606,33.6,184,0,0,0,0,0,0,0,8280,0.18162162162162163,184
H34220,H,30.450000000000045,39.35000000000002,1375,54.0,186,0,0,0,0,0,0,0,8370,0.2887700534759358,338
L51987,L,30.350000000000023,39.25,1503,36.5,191,0,0,0,0,0,0,0,8595,0.19010416666666666,164
L51988,L,30.350000000000023,39.150000000000034,1404,48.6,193,0,0,0,0,0,0,1,8685,0.25051546391752577,255
L51989,L,30.25,39.05000000000001,1656,32.7,195,0,0,0,0,0,0,0,8775,0.16683673469387755,277
M19670,M,30.25,38.950000000000045,1499,39.4,197,0,0,0,0,0,0,0,8865,0.198989898989899,223
M19671,M,30.25,38.85000000000002,1748,28.4,200,0,0,0,0,0,0,1,9000,0.14129353233830846,237
L51992,L,30.25,38.75,1531,37.9,203,0,0,0,0,0,0,1,9135,0.1857843137254902,312
M19673,M,30.150000000000034,38.650000000000034,1536,40.6,205,0,0,0,0,0,0,1,9225,0.19708737864077672,178
L51994,L,30.25,38.650000000000034,1401,53.0,208,1,0,0,0,1,0,2,9360,0.2535885167464115,40
H34229,H,30.25,38.75,1534,33.2,210,0,0,0,0,0,0,1,9450,0.15734597156398106,346
L51996,L,30.25,38.85000000000002,1521,35.9,215,1,1,0,0,0,0,4,9675,0.1662037037037037,12
L51997,L,30.350000000000023,38.950000000000045,1674,30.8,0,0,0,0,0,0,0,1,0,30.8,168
M19678,M,30.450000000000045,38.950000000000045,1967,20.9,2,0,0,0,0,0,0,1,90,6.966666666666666,323
L51999,L,30.450000000000045,39.05000000000001,1696,30.7,5,0,0,0,0,0,0,1,225,5.116666666666666,198
M19680,M,30.450000000000045,38.950000000000045,1627,32.5,7,0,0,0,0,0,0,1,315,4.0625,193
L52001,L,30.350000000000023,38.75,1405,45.6,10,0,0,0,0,0,0,0,450,4.1454545454545455,350
L52002,L,30.350000000000023,38.75,1565,38.9,12,0,0,0,0,0,0,1,540,2.9923076923076923,303
L52003,L,30.350000000000023,38.75,1493,38.7,14,0,0,0,0,0,0,0,630,2.58,302
L52004,L,30.25,38.650000000000034,1499,45.0,16,0,0,0,0,0,0,0,720,2.6470588235294117,184
L52005,L,30.150000000000034,38.650000000000034,1692,30.6,18,0,0,0,0,0,0,1,810,1.6105263157894738,313
L52006,L,30.25,38.650000000000034,2268,15.8,20,0,0,0,0,0,0,0,900,0.7523809523809524,291
L52007,L,30.25,38.650000000000034,1438,58.9,22,0,0,0,0,0,0,0,990,2.5608695652173914,205
L52008,L,30.350000000000023,38.75,1515,39.2,24,0,0,0,0,0,0,0,1080,1.568,283
L52009,L,30.25,38.75,1491,38.2,26,0,0,0,0,0,0,1,1170,1.414814814814815,181
L52010,L,30.350000000000023,38.85000000000002,1756,29.7,28,0,0,0,0,0,0,0,1260,1.0241379310344827,175
L52011,L,30.350000000000023,38.85000000000002,1366,54.5,30,1,0,1,0,0,0,2,1350,1.7580645161290323,46
L52012,L,30.350000000000023,38.85000000000002,1436,45.1,32,0,0,0,0,0,0,0,1440,1.3666666666666667,326
L52013,L,30.25,38.75,1377,41.6,34,1,0,1,0,0,0,6,1530,1.1885714285714286,21
M19694,M,30.25,38.75,1510,42.2,36,0,0,0,0,0,0,1,1620,1.1405405405405407,186
M19695,M,30.25,38.75,1419,50.9,39,0,0,0,0,0,0,1,1755,1.2725,274
L52016,L,30.150000000000034,38.650000000000034,1315,62.0,42,1,0,1,0,0,0,4,1890,1.441860465116279,26
H34251,H,30.150000000000034,38.650000000000034,1806,27.7,44,0,0,0,0,0,0,1,1980,0.6155555555555555,335
H34252,H,30.150000000000034,38.650000000000034,1649,29.4,49,0,0,0,0,0,0,1,2205,0.588,250
H34253,H,30.25,38.75,1402,50.0,54,0,0,0,0,0,0,0,2430,0.9090909090909091,360
L52020,L,30.25,38.75,1298,63.9,59,1,0,1,0,0,0,4,2655,1.065,15
M19701,M,30.150000000000034,38.650000000000034,1441,44.9,61,0,0,0,0,0,0,1,2745,0.7241935483870967,185
M19702,M,30.150000000000034,38.650000000000034,1489,49.4,64,0,0,0,0,0,0,0,2880,0.76,250
L52023,L,30.150000000000034,38.650000000000034,1842,24.5,67,0,0,0,0,0,0,0,3015,0.3602941176470588,160
M19704,M,30.25,38.650000000000034,1316,50.9,69,1,0,1,0,0,0,4,3105,0.7271428571428571,9
M19705,M,30.150000000000034,38.650000000000034,1583,33.3,72,0,0,0,0,0,0,1,3240,0.4561643835616438,151
M19706,M,30.150000000000034,38.650000000000034,1548,33.5,75,0,0,0,0,0,0,1,3375,0.4407894736842105,171
L52027,L,30.25,38.75,1434,44.6,78,0,0,0,0,0,0,1,3510,0.5645569620253165,215
H34262,H,30.350000000000023,38.85000000000002,1397,52.9,80,0,0,0,0,0,0,0,3600,0.6530864197530865,361
M19709,M,30.350000000000023,38.85000000000002,1475,42.9,85,0,0,0,0,0,0,0,3825,0.49883720930232556,261
L52030,L,30.350000000000023,38.85000000000002,1441,56.8,88,0,0,0,0,0,0,0,3960,0.6382022471910112,166
L52031,L,30.55000000000001,38.950000000000045,1363,51.8,90,1,0,1,0,0,0,3,4050,0.5692307692307692,34
L52032,L,30.55000000000001,39.05000000000001,1619,34.9,92,0,0,0,0,0,0,0,4140,0.37526881720430105,163
L52033,L,30.55000000000001,39.05000000000001,1487,34.0,94,0,0,0,0,0,0,1,4230,0.35789473684210527,156
L52034,L,30.55000000000001,39.05000000000001,1568,33.8,96,0,0,0,0,0,0,1,4320,0.34845360824742266,228
L52035,L,30.55000000000001,39.150000000000034,1375,46.2,98,0,0,0,0,0,0,0,4410,0.4666666666666667,293
M19716,M,30.450000000000045,39.150000000000034,1698,31.3,100,0,0,0,0,0,0,0,4500,0.3099009900990099,253
L52037,L,30.55000000000001,39.150000000000034,1606,37.4,103,0,0,0,0,0,0,0,4635,0.3596153846153846,343
L52038,L,30.55000000000001,39.150000000000034,1349,51.0,105,0,0,0,0,0,0,1,4725,0.4811320754716981,296
L52039,L,30.55000000000001,39.25,1535,38.6,107,0,0,0,0,0,0,1,4815,0.3574074074074074,150
M19720,M,30.450000000000045,39.25,1504,49.5,109,0,0,0,0,0,0,1,4905,0.45,180
L52041,L,30.350000000000023,39.150000000000034,1946,21.1,112,0,0,0,0,0,0,0,5040,0.18672566371681418,277
L52042,L,30.350000000000023,38.950000000000045,1326,55.7,114,0,0,0,0,0,0,0,5130,0.48434782608695653,281
M19723,M,30.450000000000045,39.150000000000034,1915,22.3,116,0,0,0,0,0,0,0,5220,0.19059829059829062,240
L52044,L,30.450000000000045,39.150000000000034,1451,43.4,119,0,0,0,0,0,0,0,5355,0.36166666666666664,207
M19725,M,30.350000000000023,39.150000000000034,1624,34.8,121,0,0,0,0,0,0,0,5445,0.2852459016393442,205
L52046,L,30.450000000000045,39.25,1781,28.7,124,0,0,0,0,0,0,1,5580,0.2296,330
L52047,L,30.450000000000045,39.35000000000002,1345,54.1,126,0,0,0,0,0,0,0,5670,0.4259842519685039,363
L52048,L,30.450000000000045,39.25,1418,46.0,128,0,0,0,0,0,0,1,5760,0.35658914728682173,192
L52049,L,30.55000000000001,39.25,1718,26.5,130,0,0,0,0,0,0,1,5850,0.20229007633587787,223
M19730,M,30.55000000000001,39.25,1631,28.5,132,0,0,0,0,0,0,1,5940,0.21428571428571427,198
L52051,L,30.55000000000001,39.25,1513,40.1,135,0,0,0,0,0,0,1,6075,0.2948529411764706,261
L52052,L,30.55000000000001,39.25,1316,59.3,137,0,0,0,0,0,0,1,6165,0.42971014492753623,257
M19733,M,30.55000000000001,39.25,1474,38.8,139,0,0,0,0,0,0,0,6255,0.27714285714285714,209
L52054,L,30.650000000000034,39.35000000000002,1619,30.9,142,0,0,0,0,0,0,0,6390,0.21608391608391608,243
L52055,L,30.55000000000001,39.25,1702,31.2,144,0,0,0,0,0,0,0,6480,0.21517241379310345,293
M19736,M,30.55000000000001,39.25,1540,37.4,146,0,0,0,0,0,0,1,6570,0.254421768707483,222
M19737,M,30.55000000000001,39.25,1546,33.7,149,0,0,0,0,0,0,1,6705,0.22466666666666668,358
L52058,L,30.55000000000001,39.25,1348,51.0,152,0,0,0,0,0,0,1,6840,0.3333333333333333,248
H34293,H,30.55000000000001,39.35000000000002,1520,35.6,154,0,0,0,0,0,0,1,6930,0.2296774193548387,337
M19740,M,30.650000000000034,39.450000000000045,1527,41.9,159,0,0,0,0,0,0,1,7155,0.26187499999999997,263
M19741,M,30.650000000000034,39.450000000000045,1406,47.1,162,0,0,0,0,0,0,1,7290,0.2889570552147239,324
L52062,L,30.55000000000001,39.35000000000002,1462,46.2,165,0,0,0,0,0,0,0,7425,0.27831325301204823,164
M19743,M,30.650000000000034,39.450000000000045,1684,29.3,167,0,0,0,0,0,0,1,7515,0.1744047619047619,212
H34298,H,30.650000000000034,39.35000000000002,1655,28.0,170,0,0,0,0,0,0,1,7650,0.16374269005847952,177
H34299,H,30.650000000000034,39.35000000000002,1748,25.1,175,0,0,0,0,0,0,0,7875,0.14261363636363636,297
L52066,L,30.650000000000034,39.35000000000002,1372,45.7,180,0,0,0,0,0,0,1,8100,0.25248618784530386,340
L52067,L,30.55000000000001,39.35000000000002,1481,33.3,182,0,0,0,0,0,0,0,8190,0.18196721311475408,310
L52068,L,30.55000000000001,39.25,1512,39.2,184,0,0,0,0,0,0,0,8280,0.21189189189189192,185
L52069,L,30.55000000000001,39.35000000000002,1632,36.6,186,0,0,0,0,0,0,0,8370,0.19572192513368986,274
L52070,L,30.55000000000001,39.25,1525,43.9,188,0,0,0,0,0,0,1,8460,0.23227513227513227,290
M19751,M,30.55000000000001,39.150000000000034,1756,26.4,190,0,0,0,0,0,0,0,8550,0.1382198952879581,211
L52072,L,30.55000000000001,39.150000000000034,1922,23.1,193,0,0,0,0,0,0,0,8685,0.11907216494845362,345
M19753,M,30.650000000000034,39.35000000000002,1448,44.3,195,0,0,0,0,0,0,1,8775,0.2260204081632653,300
H34308,H,30.650000000000034,39.35000000000002,1447,46.6,198,0,0,0,0,0,0,0,8910,0.23417085427135678,349
M19755,M,30.650000000000034,39.25,1597,33.4,203,0,0,0,0,0,0,1,9135,0.16372549019607843,162
M19756,M,30.55000000000001,39.25,1642,32.3,206,0,0,0,0,0,0,1,9270,0.15603864734299516,237
H34311,H,30.650000000000034,39.35000000000002,1525,38.0,209,0,0,0,0,0,0,0,9405,0.18095238095238095,189
H34312,H,30.450000000000045,39.25,1460,53.7,214,0,0,0,0,0,0,1,9630,0.24976744186046512,307
L52079,L,30.450000000000045,39.150000000000034,2168,17.7,219,0,0,0,0,0,0,1,9855,0.08045454545454545,273
L52080,L,30.450000000000045,39.25,1388,41.9,221,0,0,0,0,0,0,0,9945,0.18873873873873873,174
M19761,M,30.450000000000045,39.150000000000034,1630,32.4,223,0,0,0,0,0,0,0,10035,0.14464285714285713,350
L52082,L,30.450000000000045,39.150000000000034,1616,29.3,226,0,0,0,0,0,0,0,10170,0.1290748898678414,303
L52083,L,30.450000000000045,39.25,2232,16.8,0,0,0,0,0,0,0,0,0,16.8,173
H34318,H,30.450000000000045,39.25,1480,50.7,2,0,0,0,0,0,0,1,90,16.900000000000002,246
L52085,L,30.450000000000045,39.25,1363,53.1,7,0,0,0,0,0,0,0,315,6.6375,188
H34320,H,30.450000000000045,39.25,1436,45.6,9,0,0,0,0,0,0,0,405,4.5600000000000005,258
M19767,M,30.450000000000045,39.35000000000002,1607,33.7,14,0,0,0,0,0,0,0,630,2.246666666666667,356
M19768,M,30.450000000000045,39.35000000000002,1459,48.2,17,0,0,0,0,0,0,1,765,2.677777777777778,210
L52089,L,30.350000000000023,39.25,1481,43.7,20,0,0,0,0,0,0,1,900,2.080952380952381,326
M19770,M,30.350000000000023,39.25,1606,31.7,22,0,0,0,0,0,0,1,990,1.3782608695652174,318
L52091,L,30.350000000000023,39.150000000000034,1681,29.8,25,0,0,0,0,0,0,1,1125,1.146153846153846,347
L52092,L,30.350000000000023,39.05000000000001,1511,37.1,27,0,0,0,0,0,0,1,1215,1.325,169
M19773,M,30.350000000000023,39.150000000000034,1593,35.2,29,0,0,0,0,0,0,0,1305,1.1733333333333333,321
M19774,M,30.350000000000023,39.150000000000034,1532,41.7,32,0,0,0,0,0,0,1,1440,1.2636363636363637,165
H34329,H,30.350000000000023,39.150000000000034,1386,49.0,35,0,0,0,0,0,0,1,1575,1.3611111111111112,298
H34330,H,30.25,39.150000000000034,1769,27.9,40,0,0,0,0,0,0,1,1800,0.6804878048780487,164
M19777,M,30.25,39.05000000000001,1561,38.2,45,0,0,0,0,0,0,0,2025,0.8304347826086957,316
L52098,L,30.150000000000034,39.05000000000001,1457,40.7,48,0,0,0,0,0,0,0,2160,0.8306122448979593,191
L52099,L,30.150000000000034,39.05000000000001,1506,40.0,50,0,0,0,0,0,0,1,2250,0.7843137254901961,338
L52100,L,30.25,39.05000000000001,1337,69.4,52,1,0,0,1,0,0,4,2340,1.309433962264151,53
L52101,L,30.25,39.150000000000034,1287,54.8,54,0,0,0,0,0,0,1,2430,0.9963636363636363,301
M19782,M,30.25,39.05000000000001,1615,35.7,56,0,0,0,0,0,0,0,2520,0.6263157894736843,280
M19783,M,30.25,39.05000000000001,1972,23.5,59,0,0,0,0,0,0,0,2655,0.39166666666666666,263
H34338,H,30.25,39.150000000000034,1522,42.1,62,0,0,0,0,0,0,1,2790,0.6682539682539683,278
L52105,L,30.25,39.150000000000034,1680,30.6,67,0,0,0,0,0,0,0,3015,0.45,290
L52106,L,30.25,39.150000000000034,1502,36.0,69,0,0,0,0,0,0,1,3105,0.5142857142857142,203
M19787,M,30.350000000000023,39.150000000000034,1543,33.3,71,0,0,0,0,0,0,1,3195,0.46249999999999997,231
L52108,L,30.350000000000023,39.150000000000034,1584,35.2,74,0,0,0,0,0,0,1,3330,0.4693333333333334,189
L52109,L,30.350000000000023,39.25,1340,44.5,76,0,0,0,0,0,0,0,3420,0.577922077922078,276
L52110,L,30.25,39.150000000000034,1663,33.9,78,0,0,0,0,0,0,0,3510,0.42911392405063287,288
M19791,M,30.150000000000034,38.950000000000045,1693,30.0,80,0,0,0,0,0,0,1,3600,0.37037037037037035,191
L52112,L,30.150000000000034,38.950000000000045,1418,44.7,83,0,0,0,0,0,0,1,3735,0.5321428571428571,242
H34347,H,30.25,39.05000000000001,1554,36.8,85,0,0,0,0,0,0,0,3825,0.42790697674418604,153
L52114,L,30.25,39.05000000000001,1580,35.8,90,0,0,0,0,0,0,1,4050,0.3934065934065934,174
L52115,L,30.25,39.150000000000034,1479,42.8,92,0,0,0,0,0,0,0,4140,0.46021505376344085,249
L52116,L,30.350000000000023,39.25,1284,70.6,94,1,0,0,1,0,0,5,4230,0.743157894736842,58
L52117,L,30.25,39.150000000000034,1540,38.7,96,0,0,0,0,0,0,0,4320,0.3989690721649485,341
M19798,M,30.350000000000023,39.25,1606,30.1,98,0,0,0,0,0,0,1,4410,0.30404040404040406,274
L52119,L,30.450000000000045,39.35000000000002,1286,62.4,101,0,0,0,0,0,0,1,4545,0.6117647058823529,321
L52120,L,30.450000000000045,39.450000000000045,1502,39.5,103,0,0,0,0,0,0,0,4635,0.3798076923076923,189
M19801,M,30.450000000000045,39.55000000000001,1699,31.5,105,0,0,0,0,0,0,1,4725,0.2971698113207547,241
L52122,L,30.350000000000023,39.450000000000045,1602,34.2,108,0,0,0,0,0,0,1,4860,0.3137614678899083,322
H34357,H,30.450000000000045,39.450000000000045,1436,42.0,110,0,0,0,0,0,0,0,4950,0.3783783783783784,285
M19804,M,30.450000000000045,39.55000000000001,1765,27.5,115,0,0,0,0,0,0,0,5175,0.23706896551724138,234
L52125,L,30.450000000000045,39.55000000000001,1418,44.1,118,0,0,0,0,0,0,1,5310,0.37058823529411766,184
M19806,M,30.55000000000001,39.55000000000001,1669,31.7,120,0,0,0,0,0,0,0,5400,0.26198347107438014,321
L52127,L,30.55000000000001,39.55000000000001,1395,53.9,123,0,0,0,0,0,0,1,5535,0.4346774193548387,295
M19808,M,30.650000000000034,39.55000000000001,1500,41.7,125,0,0,0,0,0,0,0,5625,0.330952380952381,196
M19809,M,30.650000000000034,39.55000000000001,1555,33.4,128,0,0,0,0,0,0,0,5760,0.2589147286821705,302
M19810,M,30.650000000000034,39.55000000000001,1919,20.2,131,0,0,0,0,0,0,1,5895,0.15303030303030302,318
L52131,L,30.650000000000034,39.55000000000001,1596,36.6,134,0,0,0,0,0,0,1,6030,0.27111111111111114,154
M19812,M,30.650000000000034,39.55000000000001,1374,53.6,136,0,0,0,0,0,0,1,6120,0.39124087591240875,341
L52133,L,30.55000000000001,39.35000000000002,1670,26.1,139,0,0,0,0,0,0,1,6255,0.18642857142857144,339
L52134,L,30.55000000000001,39.450000000000045,1702,29.1,141,0,0,0,0,0,0,1,6345,0.20492957746478874,274
M19815,M,30.650000000000034,39.35000000000002,1366,45.1,143,0,0,0,0,0,0,0,6435,0.31319444444444444,260
M19816,M,30.650000000000034,39.35000000000002,2344,15.2,146,0,0,0,0,0,0,0,6570,0.10340136054421768,221
M19817,M,30.650000000000034,39.450000000000045,1768,23.9,149,0,0,0,0,0,0,1,6705,0.15933333333333333,236
L52138,L,30.650000000000034,39.35000000000002,1523,47.0,152,0,0,0,0,0,0,0,6840,0.30718954248366015,152
L52139,L,30.650000000000034,39.450000000000045,1735,25.9,154,0,0,0,0,0,0,1,6930,0.16709677419354838,314
L52140,L,30.75,39.55000000000001,1339,62.3,156,0,0,0,0,0,0,0,7020,0.3968152866242038,242
L52141,L,30.75,39.55000000000001,1800,24.3,158,0,0,0,0,0,0,0,7110,0.15283018867924528,190
M19822,M,30.850000000000023,39.55000000000001,1456,51.2,160,0,0,0,0,0,0,1,7200,0.31801242236024846,297
L52143,L,30.75,39.55000000000001,1789,24.4,163,0,0,0,0,0,0,1,7335,0.14878048780487804,344
L52144,L,30.75,39.55000000000001,1602,33.9,165,0,0,0,0,0,0,1,7425,0.20421686746987952,236
M19825,M,30.650000000000034,39.55000000000001,1364,49.3,167,0,0,0,0,0,0,0,7515,0.2934523809523809,317
L52146,L,30.650000000000034,39.450000000000045,1793,28.1,170,0,0,0,0,0,0,1,7650,0.16432748538011696,234
L52147,L,30.75,39.450000000000045,1426,53.4,172,0,0,0,0,0,0,1,7740,0.3086705202312139,354
M19828,M,30.75,39.55000000000001,1485,43.3,174,0,0,0,0,0,0,1,7830,0.24742857142857141,285
L52149,L,30.75,39.55000000000001,1528,38.4,177,0,0,0,0,0,0,1,7965,0.2157303370786517,282
L52150,L,30.650000000000034,39.450000000000045,1565,36.0,179,0,0,0,0,0,0,1,8055,0.2,174
L52151,L,30.650000000000034,39.55000000000001,1838,27.8,181,0,0,0,0,0,0,1,8145,0.15274725274725276,188
H34386,H,30.650000000000034,39.450000000000045,1811,24.9,183,0,0,0,0,0,0,0,8235,0.13532608695652174,314
L52153,L,30.650000000000034,39.55000000000001,1461,38.2,188,0,0,0,0,0,0,0,8460,0.20211640211640214,274
L52154,L,30.650000000000034,39.55000000000001,1414,41.7,190,0,0,0,0,0,0,0,8550,0.21832460732984293,254
L52155,L,30.55000000000001,39.55000000000001,1426,45.5,192,0,0,0,0,0,0,0,8640,0.23575129533678757,154
L52156,L,30.55000000000001,39.55000000000001,1359,56.8,194,1,0,0,0,1,0,5,8730,0.29128205128205126,7
L52157,L,30.55000000000001,39.55000000000001,1540,44.8,196,0,0,0,0,0,0,1,8820,0.22741116751269033,153
L52158,L,30.450000000000045,39.55000000000001,1429,47.7,198,0,0,0,0,0,0,0,8910,0.23969849246231156,318
M19839,M,30.55000000000001,39.55000000000001,1612,36.3,200,0,0,0,0,0,0,0,9000,0.1805970149253731,209
M19840,M,30.55000000000001,39.650000000000034,1685,31.8,203,0,0,0,0,0,0,0,9135,0.15588235294117647,203
M19841,M,30.55000000000001,39.650000000000034,1558,37.7,206,0,0,0,0,0,0,1,9270,0.1821256038647343,299
L52162,L,30.55000000000001,39.85000000000002,1811,24.3,209,0,0,0,0,0,0,1,9405,0.11571428571428571,227
L52163,L,30.650000000000034,39.950000000000045,1869,25.8,211,0,0,0,0,0,0,1,9495,0.12169811320754717,168
L52164,L,30.650000000000034,39.950000000000045,1256,58.7,213,1,0,0,0,1,0,5,9585,0.27429906542056076,6
M19845,M,30.650000000000034,39.85000000000002,1789,23.5,215,0,0,0,0,0,0,0,9675,0.1087962962962963,248
L52166,L,30.55000000000001,39.75,1502,40.5,0,0,0,0,0,0,0,0,0,40.5,217
M19847,M,30.55000000000001,39.85000000000002,1303,54.4,2,0,0,0,0,0,0,0,90,18.133333333333333,182
L52168,L,30.650000000000034,39.950000000000045,2497,13.0,5,1,0,0,1,0,0,2,225,2.1666666666666665,35
L52169,L,30.75,40.05000000000001,1499,37.4,7,0,0,0,0,0,0,1,315,4.675,342
L52170,L,30.75,40.05000000000001,1393,46.5,9,0,0,0,0,0,0,1,405,4.65,288
M19851,M,30.75,39.85000000000002,1475,41.0,11,0,0,0,0,0,0,1,495,3.4166666666666665,165
L52172,L,30.650000000000034,39.75,1573,34.6,14,0,0,0,0,0,0,1,630,2.3066666666666666,345
L52173,L,30.650000000000034,39.75,1819,23.7,16,0,0,0,0,0,0,1,720,1.3941176470588235,276
M19854,M,30.350000000000023,39.450000000000045,1642,29.4,18,0,0,0,0,0,0,0,810,1.5473684210526315,242
L52175,L,30.450000000000045,39.450000000000045,1540,39.8,21,0,0,0,0,0,0,1,945,1.8090909090909089,193
M19856,M,30.450000000000045,39.650000000000034,1400,43.2,23,0,0,0,0,0,0,0,1035,1.8,158
M19857,M,30.450000000000045,39.650000000000034,2659,11.4,26,1,0,0,1,0,0,6,1170,0.4222222222222222,34
M19858,M,30.450000000000045,39.650000000000034,1825,25.2,29,0,0,0,0,0,0,0,1305,0.84,227
M19859,M,30.55000000000001,39.75,1532,41.3,32,0,0,0,0,0,0,0,1440,1.2515151515151515,228
L52180,L,30.55000000000001,39.650000000000034,1832,23.6,35,0,0,0,0,0,0,0,1575,0.6555555555555556,339
M19861,M,30.450000000000045,39.55000000000001,2174,17.6,37,0,0,0,0,0,0,0,1665,0.46315789473684216,235
L52182,L,30.55000000000001,39.650000000000034,1627,31.7,40,0,0,0,0,0,0,0,1800,0.7731707317073171,164
L52183,L,30.55000000000001,39.650000000000034,1437,51.3,42,0,0,0,0,0,0,0,1890,1.1930232558139535,155
L52184,L,30.55000000000001,39.650000000000034,1364,46.3,44,0,0,0,0,0,0,1,1980,1.0288888888888887,150
M19865,M,30.55000000000001,39.75,1444,52.7,46,0,0,0,0,0,0,0,2070,1.1212765957446809,169
M19866,M,30.55000000000001,39.650000000000034,1366,47.3,49,0,0,0,0,0,0,0,2205,0.946,313
L52187,L,30.650000000000034,39.75,1442,48.3,52,0,0,0,0,0,0,1,2340,0.911320754716981,279
H34422,H,30.55000000000001,39.650000000000034,1488,42.8,54,0,0,0,0,0,0,0,2430,0.7781818181818181,219
L52189,L,30.55000000000001,39.650000000000034,1523,40.7,59,0,0,0,0,0,0,1,2655,0.6783333333333333,151
L52190,L,30.55000000000001,39.650000000000034,1543,38.3,61,0,0,0,0,0,0,1,2745,0.6177419354838709,280
M19871,M,30.55000000000001,39.650000000000034,1634,33.8,63,0,0,0,0,0,0,0,2835,0.528125,156
M19872,M,30.650000000000034,39.75,1815,27.8,66,0,0,0,0,0,0,0,2970,0.41492537313432837,233
M19873,M,30.650000000000034,39.75,1594,35.2,69,0,0,0,0,0,0,1,3105,0.5028571428571429,341
L52194,L,30.650000000000034,39.85000000000002,1452,38.6,72,0,0,0,0,0,0,0,3240,0.5287671232876713,318
L52195,L,30.75,39.85000000000002,1759,28.4,74,0,0,0,0,0,0,1,3330,0.37866666666666665,203
L52196,L,30.75,39.85000000000002,1408,47.5,76,0,0,0,0,0,0,0,3420,0.6168831168831169,190
L52197,L,30.75,39.85000000000002,1483,45.0,78,0,0,0,0,0,0,1,3510,0.569620253164557,264
M19878,M,30.75,39.85000000000002,1620,36.6,80,0,0,0,0,0,0,0,3600,0.4518518518518519,282
M19879,M,30.850000000000023,39.950000000000045,1466,39.5,83,0,0,0,0,0,0,0,3735,0.47023809523809523,251
L52200,L,30.950000000000045,39.950000000000045,1556,36.3,86,0,0,0,0,0,0,1,3870,0.4172413793103448,231
L52201,L,30.850000000000023,39.85000000000002,1350,61.1,88,0,0,0,0,0,0,1,3960,0.6865168539325843,212
L52202,L,30.850000000000023,39.950000000000045,1404,47.1,90,0,0,0,0,0,0,1,4050,0.5175824175824176,150
M19883,M,30.850000000000023,39.85000000000002,1575,34.5,92,0,0,0,0,0,0,1,4140,0.3709677419354839,174
L52204,L,30.75,39.950000000000045,1639,29.0,95,0,0,0,0,0,0,0,4275,0.3020833333333333,358
M19885,M,30.75,39.950000000000045,1473,42.8,97,0,0,0,0,0,0,1,4365,0.436734693877551,323
L52206,L,30.75,40.05000000000001,1481,40.0,100,0,0,0,0,0,0,1,4500,0.39603960396039606,292
L52207,L,30.850000000000023,40.150000000000034,1294,54.6,102,0,0,0,0,0,0,0,4590,0.5300970873786408,346
M19888,M,30.75,40.05000000000001,1630,29.3,104,0,0,0,0,0,0,0,4680,0.27904761904761904,294
M19889,M,30.75,40.05000000000001,1624,39.8,107,0,0,0,0,0,0,1,4815,0.36851851851851847,298
M19890,M,30.75,39.950000000000045,1437,48.3,110,0,0,0,0,0,0,0,4950,0.43513513513513513,330
M19891,M,30.650000000000034,39.85000000000002,1514,45.0,113,0,0,0,0,0,0,1,5085,0.39473684210526316,204
M19892,M,30.850000000000023,39.950000000000045,1694,31.4,116,0,0,0,0,0,0,0,5220,0.26837606837606837,364
L52213,L,30.850000000000023,39.950000000000045,1564,50.9,119,0,0,0,0,0,0,1,5355,0.42416666666666664,256
M19894,M,30.75,39.950000000000045,1514,41.1,121,0,0,0,0,0,0,0,5445,0.3368852459016394,287
M19895,M,30.850000000000023,40.05000000000001,1500,40.6,124,0,0,0,0,0,0,1,5580,0.32480000000000003,358
L52216,L,30.850000000000023,40.05000000000001,1615,37.8,127,0,0,0,0,0,0,1,5715,0.2953125,334
M19897,M,30.950000000000045,40.05000000000001,1586,41.1,129,0,0,0,0,0,0,0,5805,0.3161538461538462,214
L52218,L,30.950000000000045,40.150000000000034,1732,28.5,132,0,0,0,0,0,0,0,5940,0.21428571428571427,186
H34453,H,30.950000000000045,40.150000000000034,1689,32.5,134,0,0,0,0,0,0,1,6030,0.24074074074074073,261
H34454,H,30.950000000000045,40.05000000000001,1586,34.6,139,0,0,0,0,0,0,1,6255,0.24714285714285716,156
L52221,L,30.850000000000023,40.05000000000001,1314,47.1,144,0,0,0,0,0,0,0,6480,0.32482758620689656,225
L52222,L,30.950000000000045,40.05000000000001,1569,35.8,146,0,0,0,0,0,0,0,6570,0.24353741496598638,189
L52223,L,30.950000000000045,40.05000000000001,1468,39.4,148,0,0,0,0,0,0,0,6660,0.2644295302013423,327
L52224,L,30.950000000000045,40.05000000000001,1412,47.5,150,0,0,0,0,0,0,0,6750,0.31456953642384106,150
M19905,M,30.950000000000045,40.05000000000001,1510,46.9,152,0,0,0,0,0,0,0,6840,0.30653594771241827,297
M19906,M,30.950000000000045,40.05000000000001,1410,42.4,155,0,0,0,0,0,0,0,6975,0.2717948717948718,257
M19907,M,30.950000000000045,40.150000000000034,1680,29.3,158,0,0,0,0,0,0,0,7110,0.18427672955974844,308
H34462,H,30.850000000000023,40.05000000000001,1271,68.6,161,1,0,0,1,0,0,6,7245,0.42345679012345677,31
H34463,H,30.850000000000023,39.950000000000045,1472,45.5,166,0,0,0,0,0,0,0,7470,0.27245508982035926,161
H34464,H,30.850000000000023,39.85000000000002,1701,30.4,171,0,0,0,0,0,0,1,7695,0.17674418604651163,299
L52231,L,30.75,39.85000000000002,1480,39.9,176,0,0,0,0,0,0,0,7920,0.22542372881355932,278
L52232,L,30.75,39.85000000000002,1433,48.4,178,0,0,0,0,0,0,0,8010,0.27039106145251396,275
L52233,L,30.650000000000034,39.75,1514,34.3,180,0,0,0,0,0,0,1,8100,0.18950276243093922,150
L52234,L,30.650000000000034,39.75,1619,35.7,182,0,0,0,0,0,0,1,8190,0.19508196721311477,280
H34469,H,30.650000000000034,39.75,1378,45.6,184,0,0,0,0,0,0,1,8280,0.2464864864864865,266
M19916,M,30.75,39.75,1430,53.5,189,0,0,0,0,0,0,1,8505,0.28157894736842104,353
L52237,L,30.650000000000034,39.75,1367,49.9,192,0,0,0,0,0,0,1,8640,0.25854922279792747,298
L52238,L,30.75,39.75,1526,42.5,194,0,0,0,0,0,0,1,8730,0.21794871794871795,162
L52239,L,30.75,39.650000000000034,1419,47.9,196,0,0,0,0,0,0,0,8820,0.2431472081218274,338
L52240,L,30.850000000000023,39.650000000000034,1542,42.7,198,0,0,0,0,0,0,1,8910,0.21457286432160805,290
L52241,L,30.850000000000023,39.75,1363,62.5,200,1,0,0,0,1,0,4,9000,0.31094527363184077,57
L52242,L,30.850000000000023,39.75,1313,53.9,202,0,0,0,0,0,0,1,9090,0.2655172413793103,359
H34477,H,30.850000000000023,39.75,1495,46.6,0,0,0,0,0,0,0,0,0,46.6,310
L52244,L,30.850000000000023,39.85000000000002,1407,42.1,5,0,0,0,0,0,0,1,225,7.016666666666667,283
L52245,L,30.950000000000045,39.85000000000002,1566,37.2,7,0,0,0,0,0,0,0,315,4.65,174
L52246,L,30.950000000000045,39.950000000000045,1550,30.9,9,0,0,0,0,0,0,1,405,3.09,300
M19927,M,31.05000000000001,40.05000000000001,1396,50.5,11,0,0,0,0,0,0,1,495,4.208333333333333,237
M19928,M,31.150000000000034,40.150000000000034,1540,39.0,14,0,0,0,0,0,0,0,630,2.6,250
M19929,M,31.05000000000001,40.05000000000001,1380,48.7,17,0,0,0,0,0,0,0,765,2.7055555555555557,175
M19930,M,31.05000000000001,39.950000000000045,1608,31.1,20,0,0,0,0,0,0,1,900,1.480952380952381,281
H34485,H,31.05000000000001,39.85000000000002,1442,40.9,23,0,0,0,0,0,0,0,1035,1.7041666666666666,251
L52252,L,30.950000000000045,39.85000000000002,1408,45.3,28,0,0,0,0,0,0,0,1260,1.5620689655172413,312
M19933,M,30.850000000000023,39.85000000000002,1454,46.8,30,0,0,0,0,0,0,1,1350,1.5096774193548386,352
L52254,L,30.950000000000045,39.950000000000045,1666,34.6,33,0,0,0,0,0,0,1,1485,1.0176470588235293,249
L52255,L,30.950000000000045,40.05000000000001,1366,46.6,35,0,0,0,0,0,0,1,1575,1.2944444444444445,174
L52256,L,31.05000000000001,40.05000000000001,1464,44.9,37,0,0,0,0,0,0,0,1665,1.181578947368421,297
L52257,L,31.150000000000034,40.150000000000034,1775,24.9,39,0,0,0,0,0,0,1,1755,0.6224999999999999,150
M19938,M,31.150000000000034,40.25,1482,43.8,41,0,0,0,0,0,0,1,1845,1.0428571428571427,243
M19939,M,31.05000000000001,40.25,1411,54.8,44,0,0,0,0,0,0,0,1980,1.2177777777777776,217
L52260,L,31.05000000000001,40.150000000000034,1410,51.6,47,0,0,0,0,0,0,0,2115,1.075,172
M19941,M,30.950000000000045,40.150000000000034,1494,39.0,49,0,0,0,0,0,0,1,2205,0.78,255
H34496,H,30.950000000000045,40.05000000000001,1590,43.4,52,0,0,0,0,0,0,0,2340,0.8188679245283018,299
L52263,L,30.950000000000045,39.950000000000045,1327,54.1,57,0,0,0,0,0,0,1,2565,0.9327586206896552,244
L52264,L,30.950000000000045,39.950000000000045,1969,20.8,59,0,0,0,0,0,0,0,2655,0.3466666666666667,211
M19945,M,30.850000000000023,39.85000000000002,1377,56.0,61,0,0,0,0,0,0,1,2745,0.9032258064516129,278
L52266,L,30.850000000000023,39.85000000000002,1541,45.9,64,0,0,0,0,0,0,0,2880,0.7061538461538461,336
M19947,M,30.850000000000023,39.85000000000002,1685,28.2,66,0,0,0,0,0,0,0,2970,0.4208955223880597,217
L52268,L,30.850000000000023,39.950000000000045,1465,41.0,69,0,0,0,0,0,0,0,3105,0.5857142857142857,296
M19949,M,30.75,39.950000000000045,1483,47.2,71,0,0,0,0,0,0,0,3195,0.6555555555555556,179
M19950,M,30.75,40.05000000000001,1570,40.7,74,0,0,0,0,0,0,1,3330,0.5426666666666667,278
L52271,L,30.75,40.05000000000001,1345,48.2,77,0,0,0,0,0,0,0,3465,0.617948717948718,197
M19952,M,30.75,40.05000000000001,1608,40.6,79,0,0,0,0,0,0,1,3555,0.5075000000000001,168
M19953,M,30.850000000000023,40.150000000000034,1415,52.8,82,0,0,0,0,0,0,0,3690,0.636144578313253,276
M19954,M,30.950000000000045,40.35000000000002,1470,45.8,85,0,0,0,0,0,0,0,3825,0.5325581395348837,329
M19955,M,30.950000000000045,40.35000000000002,1428,39.9,88,0,0,0,0,0,0,1,3960,0.44831460674157303,362
H34510,H,31.05000000000001,40.35000000000002,1627,32.2,91,0,0,0,0,0,0,0,4095,0.35000000000000003,299
L52277,L,31.05000000000001,40.25,1457,49.4,96,0,0,0,0,0,0,0,4320,0.5092783505154639,199
L52278,L,31.05000000000001,40.25,1475,40.2,98,0,0,0,0,0,0,1,4410,0.40606060606060607,343
L52279,L,31.05000000000001,40.35000000000002,1438,50.1,100,0,0,0,0,0,0,0,4500,0.49603960396039604,283
M19960,M,31.05000000000001,40.35000000000002,1437,47.2,102,0,0,0,0,0,0,1,4590,0.45825242718446607,341
M19961,M,30.950000000000045,40.25,1518,42.4,105,0,0,0,0,0,0,0,4725,0.39999999999999997,298
M19962,M,30.950000000000045,40.35000000000002,1587,33.6,108,0,0,0,0,0,0,0,4860,0.30825688073394497,296
L52283,L,30.950000000000045,40.25,1399,43.7,111,0,0,0,0,0,0,0,4995,0.39017857142857143,314
L52284,L,30.950000000000045,40.35000000000002,1469,44.6,113,0,0,0,0,0,0,1,5085,0.3912280701754386,212
L52285,L,30.950000000000045,40.25,1374,56.6,115,0,0,0,0,0,0,0,5175,0.48793103448275865,306
L52286,L,30.850000000000023,40.150000000000034,1519,36.7,117,0,0,0,0,0,0,0,5265,0.3110169491525424,337
L52287,L,30.75,40.05000000000001,1540,44.4,119,0,0,0,0,0,0,0,5355,0.37,311
L52288,L,30.75,40.150000000000034,1394,51.6,121,0,0,0,0,0,0,0,5445,0.42295081967213116,278
M19969,M,30.850000000000023,40.25,1389,45.8,123,0,0,0,0,0,0,0,5535,0.3693548387096774,197
M19970,M,30.850000000000023,40.35000000000002,1732,26.2,126,0,0,0,0,0,0,0,5670,0.20629921259842518,238
L52291,L,30.950000000000045,40.450000000000045,1556,37.4,129,0,0,0,0,0,0,0,5805,0.2876923076923077,276
M19972,M,30.950000000000045,40.450000000000045,1441,43.7,131,0,0,0,0,0,0,0,5895,0.33106060606060606,298
L52293,L,30.950000000000045,40.450000000000045,1382,46.7,134,0,0,0,0,0,0,0,6030,0.34592592592592597,311
M19974,M,31.05000000000001,40.650000000000034,1481,44.9,136,0,0,0,0,0,0,1,6120,0.32773722627737223,303
M19975,M,31.05000000000001,40.55000000000001,2113,18.4,139,0,0,0,0,0,0,0,6255,0.13142857142857142,185
L52296,L,31.05000000000001,40.650000000000034,1401,53.9,142,0,0,0,0,0,0,1,6390,0.3769230769230769,300
L52297,L,30.950000000000045,40.450000000000045,1611,31.4,144,0,0,0,0,0,0,1,6480,0.21655172413793103,230
M19978,M,31.05000000000001,40.450000000000045,1512,33.4,146,0,0,0,0,0,0,1,6570,0.22721088435374148,196
L52299,L,31.05000000000001,40.450000000000045,1411,46.0,149,0,0,0,0,0,0,0,6705,0.30666666666666664,353
M19980,M,31.05000000000001,40.450000000000045,1424,43.7,151,0,0,0,0,0,0,1,6795,0.28750000000000003,321
L52301,L,31.05000000000001,40.450000000000045,1469,40.0,154,0,0,0,0,0,0,1,6930,0.25806451612903225,297
H34536,H,31.05000000000001,40.35000000000002,1684,29.8,156,0,0,0,0,0,0,1,7020,0.18980891719745224,176
M19983,M,31.05000000000001,40.35000000000002,1532,41.3,161,0,0,0,0,0,0,0,7245,0.25493827160493826,338
M19984,M,31.05000000000001,40.35000000000002,1557,37.3,164,0,0,0,0,0,0,1,7380,0.22606060606060605,314
M19985,M,31.150000000000034,40.35000000000002,1416,48.1,167,0,0,0,0,0,0,0,7515,0.2863095238095238,361
L52306,L,31.150000000000034,40.35000000000002,1802,25.4,170,0,0,0,0,0,0,1,7650,0.1485380116959064,201
M19987,M,31.150000000000034,40.35000000000002,2245,15.1,172,0,0,0,0,0,0,1,7740,0.08728323699421965,224
L52308,L,31.05000000000001,40.25,1434,42.5,175,0,0,0,0,0,0,0,7875,0.24147727272727273,241
M19989,M,30.950000000000045,40.150000000000034,1725,28.3,177,0,0,0,0,0,0,0,7965,0.15898876404494383,211
L52310,L,31.05000000000001,40.150000000000034,1668,35.7,180,0,0,0,0,0,0,1,8100,0.1972375690607735,215
L52311,L,30.950000000000045,40.150000000000034,1452,43.9,182,0,0,0,0,0,0,1,8190,0.23989071038251367,301
L52312,L,30.950000000000045,40.150000000000034,1415,50.0,184,0,0,0,0,0,0,1,8280,0.2702702702702703,229
L52313,L,30.950000000000045,40.05000000000001,1824,25.8,186,0,0,0,0,0,0,0,8370,0.13796791443850268,289
L52314,L,30.950000000000045,40.150000000000034,1438,45.5,188,0,0,0,0,0,0,0,8460,0.24074074074074073,293
L52315,L,30.950000000000045,40.150000000000034,1883,24.5,190,0,0,0,0,0,0,1,8550,0.12827225130890052,313
L52316,L,31.05000000000001,40.25,1735,28.9,192,0,0,0,0,0,0,1,8640,0.14974093264248703,279
L52317,L,31.150000000000034,40.35000000000002,1464,36.7,194,0,0,0,0,0,0,0,8730,0.18820512820512822,339
M19998,M,31.150000000000034,40.450000000000045,1489,40.3,196,0,0,0,0,0,0,0,8820,0.20456852791878172,213
M19999,M,31.25,40.450000000000045,1510,38.9,199,0,0,0,0,0,0,1,8955,0.1945,178
M20000,M,31.150000000000034,40.450000000000045,1585,32.1,202,0,0,0,0,0,0,0,9090,0.158128078817734,351
L52321,L,31.25,40.55000000000001,1509,35.0,205,1,1,0,0,0,0,3,9225,0.16990291262135923,52
L52322,L,31.25,40.450000000000045,1568,39.1,0,0,0,0,0,0,0,0,0,39.1,245
M20003,M,31.150000000000034,40.35000000000002,1525,42.0,2,0,0,0,0,0,0,1,90,14.0,180
L52324,L,31.25,40.55000000000001,1607,33.5,5,0,0,0,0,0,0,1,225,5.583333333333333,232
L52325,L,31.350000000000023,40.55000000000001,1670,32.9,7,0,0,0,0,0,0,1,315,4.1125,292
L52326,L,31.25,40.450000000000045,1585,38.9,9,0,0,0,0,0,0,0,405,3.8899999999999997,332
L52327,L,31.25,40.450000000000045,1569,38.4,11,0,0,0,0,0,0,1,495,3.1999999999999997,182
L52328,L,31.25,40.450000000000045,1507,43.1,13,0,0,0,0,0,0,1,585,3.0785714285714287,358
L52329,L,31.150000000000034,40.35000000000002,1452,41.5,15,0,0,0,0,0,0,0,675,2.59375,329
L52330,L,31.150000000000034,40.35000000000002,1590,29.8,17,0,0,0,0,0,0,1,765,1.6555555555555557,249
L52331,L,31.150000000000034,40.450000000000045,1409,56.0,19,0,0,0,0,0,0,1,855,2.8,297
L52332,L,31.150000000000034,40.35000000000002,2643,12.7,21,0,0,0,0,0,0,1,945,0.5772727272727273,222
L52333,L,31.05000000000001,40.25,1644,31.7,23,0,0,0,0,0,0,0,1035,1.3208333333333333,315
L52334,L,31.05000000000001,40.25,1568,37.6,25,0,0,0,0,0,0,0,1125,1.4461538461538461,280
H34569,H,31.05000000000001,40.150000000000034,1625,37.3,27,0,0,0,0,0,0,0,1215,1.332142857142857,331
L52336,L,31.05000000000001,40.25,1482,41.4,32,0,0,0,0,0,0,0,1440,1.2545454545454544,343
H34571,H,30.950000000000045,40.150000000000034,1397,49.6,34,0,0,0,0,0,0,1,1530,1.4171428571428573,167
L52338,L,30.950000000000045,40.150000000000034,1459,50.3,39,0,0,0,0,0,0,0,1755,1.2574999999999998,364
L52339,L,31.05000000000001,40.25,1490,44.0,41,0,0,0,0,0,0,0,1845,1.0476190476190477,275
L52340,L,30.950000000000045,40.05000000000001,1434,50.1,43,0,0,0,0,0,0,0,1935,1.1386363636363637,360
M20021,M,30.950000000000045,40.05000000000001,2028,18.9,45,0,0,0,0,0,0,1,2025,0.41086956521739126,156
L52342,L,31.05000000000001,40.150000000000034,1464,45.9,48,0,0,0,0,0,0,1,2160,0.936734693877551,312
M20023,M,31.05000000000001,40.25,1713,23.5,50,0,0,0,0,0,0,1,2250,0.46078431372549017,273
M20024,M,31.150000000000034,40.25,1624,32.1,53,0,0,0,0,0,0,0,2385,0.5944444444444444,263
L52345,L,31.05000000000001,40.25,1421,43.4,56,0,0,0,0,0,0,1,2520,0.7614035087719297,233
H34580,H,31.05000000000001,40.35000000000002,1546,41.4,58,0,0,0,0,0,0,1,2610,0.7016949152542372,233
L52347,L,31.05000000000001,40.25,1639,32.7,63,0,0,0,0,0,0,0,2835,0.5109375,232
H34582,H,30.950000000000045,40.25,1696,29.6,65,0,0,0,0,0,0,1,2925,0.4484848484848485,254
L52349,L,30.950000000000045,40.150000000000034,1470,39.9,70,0,0,0,0,0,0,0,3150,0.5619718309859155,357
M20030,M,30.950000000000045,40.150000000000034,1480,38.4,72,0,0,0,0,0,0,0,3240,0.5260273972602739,251
M20031,M,31.05000000000001,40.25,1329,54.5,75,0,0,0,0,0,0,1,3375,0.7171052631578947,362
L52352,L,31.05000000000001,40.25,1740,28.2,78,0,0,0,0,0,0,0,3510,0.3569620253164557,242
M20033,M,31.05000000000001,40.35000000000002,1739,28.1,80,0,0,0,0,0,0,0,3600,0.3469135802469136,209
M20034,M,31.05000000000001,40.35000000000002,1390,47.8,83,0,0,0,0,0,0,0,3735,0.569047619047619,251
L52355,L,31.05000000000001,40.25,1740,23.7,86,0,0,0,0,0,0,0,3870,0.27241379310344827,173
M20036,M,30.850000000000023,40.150000000000034,1844,27.1,88,0,0,0,0,0,0,0,3960,0.3044943820224719,258
H34591,H,30.850000000000023,39.950000000000045,1388,53.2,91,0,0,0,0,0,0,0,4095,0.5782608695652174,316
H34592,H,30.850000000000023,40.05000000000001,1517,43.1,96,0,0,0,0,0,0,1,4320,0.4443298969072165,289
M20039,M,30.850000000000023,39.950000000000045,1450,42.8,101,0,0,0,0,0,0,0,4545,0.41960784313725485,243
L52360,L,30.850000000000023,40.05000000000001,1584,38.7,104,0,0,0,0,0,0,0,4680,0.3685714285714286,330
L52361,L,30.850000000000023,39.950000000000045,1720,28.7,106,0,0,0,0,0,0,0,4770,0.26822429906542056,213
L52362,L,30.75,39.950000000000045,1586,31.9,108,0,0,0,0,0,0,0,4860,0.2926605504587156,153
M20043,M,30.75,39.85000000000002,1901,22.5,110,0,0,0,0,0,0,1,4950,0.20270270270270271,243
L52364,L,30.850000000000023,39.85000000000002,1397,42.4,113,0,0,0,0,0,0,1,5085,0.3719298245614035,282
L52365,L,30.850000000000023,39.85000000000002,2012,21.1,115,0,0,0,0,0,0,0,5175,0.18189655172413793,165
L52366,L,30.850000000000023,39.85000000000002,2354,15.0,117,0,0,0,0,0,0,1,5265,0.1271186440677966,176
L52367,L,30.850000000000023,39.950000000000045,1648,35.7,119,0,0,0,0,0,0,0,5355,0.29750000000000004,281
L52368,L,30.850000000000023,40.05000000000001,1632,30.6,121,0,0,0,0,0,0,0,5445,0.25081967213114753,221
M20049,M,30.950000000000045,40.05000000000001,1427,46.9,123,0,0,0,0,0,0,0,5535,0.3782258064516129,197
L52370,L,30.950000000000045,40.05000000000001,1452,48.0,126,0,0,0,0,0,0,0,5670,0.3779527559055118,285
L52371,L,30.850000000000023,40.05000000000001,1416,46.0,128,0,0,0,0,0,0,1,5760,0.35658914728682173,230
L52372,L,30.75,39.950000000000045,1310,62.9,130,0,0,0,0,0,0,1,5850,0.4801526717557252,323
H34607,H,30.850000000000023,39.950000000000045,1408,39.8,132,0,0,0,0,0,0,0,5940,0.2992481203007519,193
M20054,M,30.75,39.950000000000045,1668,34.4,137,0,0,0,0,0,0,0,6165,0.24927536231884057,344
L52375,L,30.75,39.85000000000002,1551,36.8,140,0,0,0,0,0,0,1,6300,0.26099290780141843,201
H34610,H,30.75,39.85000000000002,1517,36.0,142,0,0,0,0,0,0,1,6390,0.2517482517482518,183
H34611,H,30.650000000000034,39.75,1570,35.8,147,0,0,0,0,0,0,0,6615,0.24189189189189186,339
L52378,L,30.650000000000034,39.650000000000034,1428,53.3,152,0,0,0,0,0,0,1,6840,0.3483660130718954,170
L52379,L,30.650000000000034,39.650000000000034,1503,40.0,154,0,0,0,0,0,0,0,6930,0.25806451612903225,173
L52380,L,30.650000000000034,39.650000000000034,1416,58.7,156,0,0,0,0,0,0,1,7020,0.37388535031847137,193
M20061,M,30.55000000000001,39.55000000000001,1396,47.3,158,0,0,0,0,0,0,1,7110,0.29748427672955974,263
L52382,L,30.55000000000001,39.55000000000001,1335,51.1,161,0,0,0,0,0,0,1,7245,0.3154320987654321,318
M20063,M,30.55000000000001,39.450000000000045,1671,30.5,163,0,0,0,0,0,0,1,7335,0.18597560975609756,306
L52384,L,30.55000000000001,39.55000000000001,1989,22.4,166,0,0,0,0,0,0,0,7470,0.1341317365269461,252
L52385,L,30.55000000000001,39.55000000000001,1468,43.3,168,0,0,0,0,0,0,0,7560,0.25621301775147926,283
H34620,H,30.55000000000001,39.450000000000045,1711,27.6,170,0,0,0,0,0,0,1,7650,0.16140350877192983,205
M20067,M,30.650000000000034,39.55000000000001,1488,41.3,175,0,0,0,0,0,0,0,7875,0.2346590909090909,163
L52388,L,30.650000000000034,39.55000000000001,1664,29.3,178,0,0,0,0,0,0,1,8010,0.16368715083798882,327
M20069,M,30.650000000000034,39.55000000000001,1507,38.5,180,0,0,0,0,0,0,1,8100,0.212707182320442,355
L52390,L,30.55000000000001,39.450000000000045,1466,42.5,183,0,0,0,0,0,0,0,8235,0.23097826086956522,250
L52391,L,30.55000000000001,39.35000000000002,1433,53.6,185,0,0,0,0,0,0,0,8325,0.2881720430107527,329
L52392,L,30.55000000000001,39.35000000000002,1397,45.7,187,0,0,0,0,0,0,0,8415,0.24308510638297873,354
M20073,M,30.55000000000001,39.450000000000045,1429,43.3,189,0,0,0,0,0,0,1,8505,0.22789473684210526,150
L52394,L,30.55000000000001,39.55000000000001,1572,37.2,192,0,0,0,0,0,0,0,8640,0.1927461139896373,161
M20075,M,30.55000000000001,39.55000000000001,1532,42.7,194,0,0,0,0,0,0,0,8730,0.218974358974359,264
M20076,M,30.55000000000001,39.55000000000001,1316,51.8,197,0,0,0,0,0,0,0,8865,0.2616161616161616,255
M20077,M,30.650000000000034,39.650000000000034,1420,47.9,200,0,0,0,0,0,0,0,9000,0.23830845771144277,301
L52398,L,30.650000000000034,39.75,1589,37.2,203,0,0,0,0,0,0,1,9135,0.1823529411764706,186
L52399,L,30.650000000000034,39.85000000000002,1365,59.9,205,1,0,0,0,1,0,5,9225,0.29077669902912623,53
L52400,L,30.650000000000034,39.85000000000002,1633,32.9,207,0,0,0,0,0,0,1,9315,0.15817307692307692,347
L52401,L,30.75,39.85000000000002,1626,31.4,209,0,0,0,0,0,0,1,9405,0.1495238095238095,353
L52402,L,30.75,39.950000000000045,1665,29.6,0,0,0,0,0,0,0,1,0,29.6,362
M20083,M,30.75,40.05000000000001,1350,47.2,2,0,0,0,0,0,0,1,90,15.733333333333334,152
L52404,L,30.75,40.05000000000001,1590,31.9,5,0,0,0,0,0,0,1,225,5.316666666666666,304
M20085,M,30.850000000000023,40.05000000000001,1437,53.9,7,0,0,0,0,0,0,0,315,6.7375,202
L52406,L,30.75,39.85000000000002,1403,48.3,10,0,0,0,0,0,0,1,450,4.390909090909091,249
L52407,L,30.75,39.950000000000045,1440,41.1,12,0,0,0,0,0,0,1,540,3.161538461538462,166
M20088,M,30.75,39.950000000000045,1343,61.4,14,0,0,0,0,0,0,1,630,4.093333333333333,262
H34643,H,30.75,39.950000000000045,1790,26.7,17,0,0,0,0,0,0,1,765,1.4833333333333334,259
M20090,M,30.650000000000034,39.950000000000045,2117,18.6,22,0,0,0,0,0,0,0,990,0.8086956521739131,292
L52411,L,30.650000000000034,39.950000000000045,1458,42.2,25,0,0,0,0,0,0,1,1125,1.623076923076923,316
L52412,L,30.450000000000045,39.75,1381,57.8,27,0,0,0,0,0,0,1,1215,2.064285714285714,153
L52413,L,30.450000000000045,39.75,1450,45.3,29,0,0,0,0,0,0,0,1305,1.51,294
L52414,L,30.55000000000001,39.75,1461,50.1,31,0,0,0,0,0,0,1,1395,1.565625,288
M20095,M,30.55000000000001,39.75,1511,41.0,33,0,0,0,0,0,0,1,1485,1.2058823529411764,161
L52416,L,30.650000000000034,39.950000000000045,1394,45.4,36,0,0,0,0,0,0,1,1620,1.227027027027027,181
L52417,L,30.650000000000034,39.85000000000002,1499,42.3,38,0,0,0,0,0,0,1,1710,1.0846153846153845,304
L52418,L,30.55000000000001,39.85000000000002,1457,44.1,40,0,0,0,0,0,0,1,1800,1.075609756097561,321
L52419,L,30.55000000000001,39.85000000000002,1753,29.0,42,0,0,0,0,0,0,1,1890,0.6744186046511628,192
L52420,L,30.55000000000001,39.85000000000002,1694,28.0,44,0,0,0,0,0,0,1,1980,0.6222222222222222,326
L52421,L,30.55000000000001,39.950000000000045,1683,28.4,46,0,0,0,0,0,0,0,2070,0.6042553191489362,253
L52422,L,30.55000000000001,39.950000000000045,1496,47.4,48,0,0,0,0,0,0,0,2160,0.9673469387755101,242
L52423,L,30.55000000000001,39.950000000000045,1721,34.8,50,0,0,0,0,0,0,1,2250,0.6823529411764705,350
L52424,L,30.450000000000045,39.85000000000002,1593,31.6,52,0,0,0,0,0,0,0,2340,0.5962264150943396,192
L52425,L,30.450000000000045,39.85000000000002,1575,38.3,54,0,0,0,0,0,0,1,2430,0.6963636363636363,280
L52426,L,30.350000000000023,39.85000000000002,1465,41.0,56,0,0,0,0,0,0,0,2520,0.7192982456140351,306
L52427,L,30.450000000000045,39.950000000000045,1405,38.3,58,0,0,0,0,0,0,1,2610,0.6491525423728813,234
M20108,M,30.350000000000023,39.85000000000002,1902,21.6,60,0,0,0,0,0,0,0,2700,0.35409836065573774,184
M20109,M,30.25,39.75,1422,39.9,63,0,0,0,0,0,0,1,2835,0.6234375,266
L52430,L,30.350000000000023,39.75,1332,52.9,66,0,0,0,0,0,0,0,2970,0.7895522388059701,325
M20111,M,30.25,39.75,1307,54.3,68,0,0,0,0,0,0,0,3060,0.7869565217391304,351
L52432,L,30.350000000000023,39.85000000000002,1322,59.5,71,0,0,0,0,0,0,1,3195,0.8263888888888888,364
L52433,L,30.350000000000023,39.85000000000002,1547,40.3,73,0,0,0,0,0,0,1,3285,0.5445945945945946,316
L52434,L,30.350000000000023,39.950000000000045,1897,23.6,75,0,0,0,0,0,0,0,3375,0.3105263157894737,301
M20115,M,30.350000000000023,39.85000000000002,1403,51.9,77,0,0,0,0,0,0,0,3465,0.6653846153846154,169
L52436,L,30.350000000000023,39.85000000000002,1393,51.6,80,0,0,0,0,0,0,1,3600,0.6370370370370371,292
L52437,L,30.350000000000023,39.85000000000002,1482,38.5,82,0,0,0,0,0,0,0,3690,0.463855421686747,234
M20118,M,30.350000000000023,39.75,1572,44.7,84,0,0,0,0,0,0,1,3780,0.5258823529411765,266
L52439,L,30.350000000000023,39.75,1544,36.9,87,0,0,0,0,0,0,0,3915,0.4193181818181818,255
M20120,M,30.350000000000023,39.85000000000002,1492,46.1,89,0,0,0,0,0,0,0,4005,0.5122222222222222,353
L52441,L,30.25,39.650000000000034,1513,35.8,92,0,0,0,0,0,0,1,4140,0.38494623655913973,295
L52442,L,30.25,39.650000000000034,1449,43.9,94,0,0,0,0,0,0,1,4230,0.46210526315789474,337
L52443,L,30.350000000000023,39.650000000000034,1877,22.3,96,0,0,0,0,0,0,1,4320,0.22989690721649486,364
L52444,L,30.25,39.650000000000034,1376,53.4,98,0,0,0,0,0,0,0,4410,0.5393939393939394,254
M20125,M,30.350000000000023,39.75,1883,23.3,100,0,0,0,0,0,0,0,4500,0.2306930693069307,242
M20126,M,30.25,39.650000000000034,1518,38.7,103,0,0,0,0,0,0,0,4635,0.3721153846153846,190
M20127,M,30.350000000000023,39.75,1438,42.8,106,0,0,0,0,0,0,1,4770,0.39999999999999997,249
L52448,L,30.25,39.75,1389,54.1,109,0,0,0,0,0,0,0,4905,0.4918181818181818,218
L52449,L,30.350000000000023,39.75,1504,44.8,111,0,0,0,0,0,0,0,4995,0.39999999999999997,352
L52450,L,30.350000000000023,39.75,1275,64.4,113,0,0,0,0,0,0,1,5085,0.5649122807017545,255
L52451,L,30.450000000000045,39.85000000000002,1534,39.7,115,0,0,0,0,0,0,0,5175,0.3422413793103449,288
M20132,M,30.450000000000045,39.85000000000002,1396,38.2,117,0,0,0,0,0,0,0,5265,0.32372881355932204,333
L52453,L,30.450000000000045,39.950000000000045,1395,44.1,120,0,0,0,0,0,0,1,5400,0.36446280991735536,295
L52454,L,30.450000000000045,39.85000000000002,1617,30.9,122,0,0,0,0,0,0,1,5490,0.25121951219512195,289
L52455,L,30.55000000000001,39.950000000000045,1423,41.2,124,0,0,0,0,0,0,1,5580,0.3296,293
L52456,L,30.350000000000023,39.85000000000002,1606,34.0,126,0,0,0,0,0,0,1,5670,0.2677165354330709,176
L52457,L,30.350000000000023,39.75,1501,44.0,128,0,0,0,0,0,0,1,5760,0.34108527131782945,249
M20138,M,30.350000000000023,39.75,1618,30.4,130,0,0,0,0,0,0,1,5850,0.23206106870229007,294
L52459,L,30.450000000000045,39.85000000000002,1522,35.8,133,0,0,0,0,0,0,1,5985,0.2671641791044776,234
L52460,L,30.450000000000045,39.75,1480,41.4,135,0,0,0,0,0,0,1,6075,0.3044117647058823,268
M20141,M,30.55000000000001,39.85000000000002,1469,39.9,137,0,0,0,0,0,0,1,6165,0.2891304347826087,180
H34696,H,30.650000000000034,40.05000000000001,1381,52.4,140,0,0,0,0,0,0,0,6300,0.37163120567375885,258
L52463,L,30.650000000000034,40.05000000000001,1525,41.9,145,0,0,0,0,0,0,1,6525,0.28698630136986303,312
M20144,M,30.650000000000034,40.05000000000001,1732,29.6,147,0,0,0,0,0,0,1,6615,0.2,176
L52465,L,30.650000000000034,39.950000000000045,1523,39.8,150,0,0,0,0,0,0,0,6750,0.2635761589403973,236
L52466,L,30.650000000000034,39.950000000000045,1422,42.4,152,0,0,0,0,0,0,1,6840,0.27712418300653596,309
H34701,H,30.650000000000034,40.05000000000001,1506,46.9,154,0,0,0,0,0,0,0,6930,0.3025806451612903,166
L52468,L,30.650000000000034,40.05000000000001,1531,39.4,159,0,0,0,0,0,0,0,7155,0.24625,160
M20149,M,30.75,40.150000000000034,1507,34.3,161,0,0,0,0,0,0,1,7245,0.21172839506172839,278
L52470,L,30.75,40.150000000000034,1526,40.7,164,0,0,0,0,0,0,0,7380,0.24666666666666667,231
L52471,L,30.650000000000034,40.150000000000034,1406,52.1,166,0,0,0,0,0,0,1,7470,0.31197604790419164,198
M20152,M,30.75,40.150000000000034,1567,35.0,168,0,0,0,0,0,0,1,7560,0.20710059171597633,190
M20153,M,30.75,40.25,1464,49.1,171,0,0,0,0,0,0,0,7695,0.2854651162790698,169
L52474,L,30.75,40.25,1442,48.5,174,0,0,0,0,0,0,0,7830,0.27714285714285714,220
L52475,L,30.650000000000034,40.05000000000001,1336,47.8,176,0,0,0,0,0,0,0,7920,0.27005649717514124,186
H34710,H,30.650000000000034,40.05000000000001,1379,50.2,178,0,0,0,0,0,0,1,8010,0.2804469273743017,275
L52477,L,30.55000000000001,39.950000000000045,1406,48.6,183,0,0,0,0,0,0,1,8235,0.2641304347826087,293
M20158,M,30.55000000000001,39.950000000000045,2130,18.1,185,0,0,0,0,0,0,0,8325,0.09731182795698926,188
L52479,L,30.55000000000001,39.950000000000045,1355,49.1,188,0,0,0,0,0,0,1,8460,0.2597883597883598,258
M20160,M,30.650000000000034,40.05000000000001,1710,26.5,190,0,0,0,0,0,0,1,8550,0.1387434554973822,322
L52481,L,30.650000000000034,39.950000000000045,1309,55.8,193,0,0,0,0,0,0,0,8685,0.2876288659793814,213
L52482,L,30.75,39.950000000000045,1491,37.2,195,0,0,0,0,0,0,0,8775,0.18979591836734697,324
L52483,L,30.75,40.05000000000001,1481,44.1,197,0,0,0,0,0,0,0,8865,0.22272727272727275,172
L52484,L,30.75,39.950000000000045,1425,49.3,199,0,0,0,0,0,0,0,8955,0.2465,181
H34719,H,30.75,40.05000000000001,1680,29.1,201,0,0,0,0,0,0,0,9045,0.14405940594059408,326
H34720,H,30.850000000000023,40.05000000000001,1612,31.7,206,0,0,0,0,0,0,0,9270,0.15314009661835748,358
L52487,L,30.850000000000023,40.150000000000034,1530,34.8,211,0,0,0,0,0,0,0,9495,0.1641509433962264,272
L52488,L,30.850000000000023,40.05000000000001,1481,42.6,213,0,0,0,0,0,0,0,9585,0.19906542056074766,168
M20169,M,30.75,40.05000000000001,1422,48.0,215,1,1,0,0,0,0,6,9675,0.2222222222222222,52
L52490,L,30.650000000000034,39.85000000000002,1427,43.0,0,0,0,0,0,0,0,0,0,43.0,355
H34725,H,30.55000000000001,39.75,1460,49.8,2,0,0,0,0,0,0,1,90,16.599999999999998,216
L52492,L,30.450000000000045,39.75,1873,23.5,7,0,0,0,0,0,0,1,315,2.9375,316
M20173,M,30.55000000000001,39.75,1566,32.6,9,0,0,0,0,0,0,0,405,3.2600000000000002,238
L52494,L,30.450000000000045,39.650000000000034,1701,30.8,12,0,0,0,0,0,0,1,540,2.3692307692307693,209
L52495,L,30.450000000000045,39.650000000000034,1710,27.2,14,0,0,0,0,0,0,1,630,1.8133333333333332,160
M20176,M,30.450000000000045,39.650000000000034,1689,33.1,16,0,0,0,0,0,0,1,720,1.947058823529412,198
L52497,L,30.450000000000045,39.55000000000001,1637,32.9,19,0,0,0,0,0,0,1,855,1.645,292
L52498,L,30.350000000000023,39.450000000000045,1496,39.0,21,0,0,0,0,0,0,1,945,1.7727272727272727,277
M20179,M,30.350000000000023,39.55000000000001,1402,47.0,23,0,0,0,0,0,0,1,1035,1.9583333333333333,360
L52500,L,30.25,39.55000000000001,1363,45.5,26,0,0,0,0,0,0,0,1170,1.6851851851851851,210
M20181,M,30.25,39.55000000000001,1576,49.9,28,0,0,0,0,0,0,0,1260,1.7206896551724138,320
M20182,M,30.25,39.55000000000001,1357,55.3,31,0,0,0,0,0,0,1,1395,1.728125,292
M20183,M,30.25,39.55000000000001,1399,48.4,34,0,0,0,0,0,0,1,1530,1.3828571428571428,356
M20184,M,30.25,39.650000000000034,1526,30.8,37,0,0,0,0,0,0,0,1665,0.8105263157894737,356
L52505,L,30.350000000000023,39.55000000000001,1694,27.3,40,0,0,0,0,0,0,1,1800,0.6658536585365854,350
M20186,M,30.350000000000023,39.55000000000001,1420,49.1,42,0,0,0,0,0,0,1,1890,1.1418604651162791,154
M20187,M,30.350000000000023,39.55000000000001,2116,16.7,45,0,0,0,0,0,0,1,2025,0.3630434782608695,360
M20188,M,30.55000000000001,39.75,1406,41.9,48,0,0,0,0,0,0,1,2160,0.8551020408163265,178
L52509,L,30.55000000000001,39.85000000000002,1456,45.5,51,0,0,0,0,0,0,1,2295,0.875,339
L52510,L,30.450000000000045,39.75,1588,31.9,53,0,0,0,0,0,0,0,2385,0.5907407407407407,337
L52511,L,30.55000000000001,39.650000000000034,1448,44.5,55,0,0,0,0,0,0,0,2475,0.7946428571428571,218
H34746,H,30.450000000000045,39.55000000000001,1403,46.2,57,0,0,0,0,0,0,1,2565,0.7965517241379311,299
M20193,M,30.350000000000023,39.450000000000045,1405,51.6,62,0,0,0,0,0,0,0,2790,0.819047619047619,162
M20194,M,30.25,39.450000000000045,2706,9.8,65,1,0,0,1,0,0,5,2925,0.1484848484848485,59
M20195,M,30.150000000000034,39.25,1505,38.9,68,0,0,0,0,0,0,1,3060,0.5637681159420289,265
L52516,L,30.05000000000001,39.25,1663,33.7,71,0,0,0,0,0,0,1,3195,0.4680555555555556,324
M20197,M,30.150000000000034,39.450000000000045,1482,44.4,73,0,0,0,0,0,0,1,3285,0.6,259
M20198,M,30.150000000000034,39.35000000000002,1674,32.7,76,0,0,0,0,0,0,1,3420,0.4246753246753247,306
M20199,M,30.25,39.55000000000001,1594,32.8,79,0,0,0,0,0,0,1,3555,0.41,229
L52520,L,30.350000000000023,39.55000000000001,1393,49.3,82,0,0,0,0,0,0,1,3690,0.5939759036144578,249
H34755,H,30.350000000000023,39.650000000000034,1404,55.8,84,0,0,0,0,0,0,1,3780,0.6564705882352941,166
M20202,M,30.350000000000023,39.650000000000034,1375,45.7,89,0,0,0,0,0,0,1,4005,0.5077777777777778,297
L52523,L,30.350000000000023,39.650000000000034,1607,38.4,92,0,0,0,0,0,0,0,4140,0.4129032258064516,355
L52524,L,30.25,39.650000000000034,1360,50.8,94,0,0,0,0,0,0,1,4230,0.5347368421052632,263
L52525,L,30.350000000000023,39.650000000000034,1524,39.4,96,0,0,0,0,0,0,0,4320,0.4061855670103093,155
L52526,L,30.25,39.55000000000001,1534,35.5,98,0,0,0,0,0,0,0,4410,0.35858585858585856,171
L52527,L,30.150000000000034,39.55000000000001,1262,63.8,100,0,0,0,0,0,0,1,4500,0.6316831683168317,286
L52528,L,30.150000000000034,39.450000000000045,1623,34.6,102,0,0,0,0,0,0,0,4590,0.3359223300970874,309
M20209,M,30.150000000000034,39.55000000000001,1642,33.6,104,0,0,0,0,0,0,1,4680,0.32,237
M20210,M,30.25,39.650000000000034,1622,35.1,107,0,0,0,0,0,0,1,4815,0.325,182
M20211,M,30.350000000000023,39.75,1530,34.5,110,0,0,0,0,0,0,1,4950,0.3108108108108108,354
M20212,M,30.25,39.650000000000034,1590,36.3,113,0,0,0,0,0,0,1,5085,0.31842105263157894,219
L52533,L,30.25,39.55000000000001,1589,34.0,116,0,0,0,0,0,0,0,5220,0.2905982905982906,198
L52534,L,30.25,39.450000000000045,1462,37.5,118,0,0,0,0,0,0,0,5310,0.31512605042016806,253
H34769,H,30.150000000000034,39.35000000000002,1328,49.8,120,0,0,0,0,0,0,1,5400,0.41157024793388425,307
H34770,H,30.150000000000034,39.450000000000045,1692,29.0,125,0,0,0,0,0,0,0,5625,0.23015873015873015,251
L52537,L,30.150000000000034,39.35000000000002,1968,20.6,130,0,0,0,0,0,0,0,5850,0.15725190839694658,293
H34772,H,30.150000000000034,39.450000000000045,1827,24.2,132,0,0,0,0,0,0,0,5940,0.18195488721804512,342
M20219,M,30.150000000000034,39.450000000000045,1397,47.1,137,0,0,0,0,0,0,1,6165,0.341304347826087,255
L52540,L,30.150000000000034,39.450000000000045,1463,44.0,140,0,0,0,0,0,0,0,6300,0.3120567375886525,231
L52541,L,30.150000000000034,39.55000000000001,1643,30.7,142,0,0,0,0,0,0,0,6390,0.21468531468531468,235
L52542,L,30.05000000000001,39.450000000000045,1281,57.0,144,0,0,0,0,0,0,0,6480,0.3931034482758621,163
L52543,L,30.05000000000001,39.35000000000002,1518,39.9,146,0,0,0,0,0,0,1,6570,0.2714285714285714,333
L52544,L,30.05000000000001,39.450000000000045,1601,35.3,148,0,0,0,0,0,0,0,6660,0.23691275167785233,314
L52545,L,29.950000000000045,39.450000000000045,1548,36.4,150,0,0,0,0,0,0,0,6750,0.2410596026490066,198
H34780,H,29.950000000000045,39.450000000000045,1404,40.6,152,0,0,0,0,0,0,1,6840,0.265359477124183,355
M20227,M,29.950000000000045,39.35000000000002,1766,26.7,157,0,0,0,0,0,0,0,7065,0.16898734177215188,199
M20228,M,29.950000000000045,39.35000000000002,1667,30.0,160,0,0,0,0,0,0,1,7200,0.18633540372670807,313
H34783,H,29.850000000000023,39.35000000000002,1507,37.9,163,0,0,0,0,0,0,1,7335,0.23109756097560974,329
H34784,H,29.850000000000023,39.25,1627,37.1,168,0,0,0,0,0,0,1,7560,0.21952662721893493,172
L52551,L,29.75,39.150000000000034,1435,47.7,173,0,0,0,0,0,0,1,7785,0.27413793103448275,215
H34786,H,29.75,39.150000000000034,1509,46.8,175,0,0,0,0,0,0,1,7875,0.2659090909090909,348
M20233,M,29.75,39.150000000000034,1809,25.0,180,0,0,0,0,0,0,1,8100,0.13812154696132597,322
L52554,L,29.75,39.150000000000034,1515,40.8,183,0,0,0,0,0,0,0,8235,0.2217391304347826,264
L52555,L,29.75,39.150000000000034,1530,34.9,185,0,0,0,0,0,0,1,8325,0.18763440860215053,363
H34790,H,29.650000000000034,39.150000000000034,1336,57.5,187,0,0,0,0,0,0,0,8415,0.3058510638297872,177
L52557,L,29.75,39.25,2030,19.1,192,0,0,0,0,0,0,0,8640,0.0989637305699482,169
L52558,L,29.75,39.25,1550,36.9,194,0,0,0,0,0,0,1,8730,0.18923076923076923,326
L52559,L,29.75,39.25,1446,41.7,196,0,0,0,0,0,0,0,8820,0.2116751269035533,334
L52560,L,29.650000000000034,39.150000000000034,1494,37.5,198,0,0,0,0,0,0,0,8910,0.1884422110552764,359
L52561,L,29.650000000000034,39.25,1651,27.0,200,0,0,0,0,0,0,0,9000,0.13432835820895522,270
L52562,L,29.75,39.25,1698,33.8,202,0,0,0,0,0,0,1,9090,0.16650246305418717,246
L52563,L,29.650000000000034,39.150000000000034,1504,40.3,204,0,0,0,0,0,0,0,9180,0.19658536585365852,336
M20244,M,29.75,39.25,1421,46.0,206,0,0,0,0,0,0,0,9270,0.2222222222222222,268
H34799,H,29.75,39.150000000000034,1754,26.9,209,0,0,0,0,0,0,1,9405,0.1280952380952381,258
L52566,L,29.75,39.05000000000001,1469,42.0,214,0,0,0,0,0,0,0,9630,0.19534883720930232,175
L52567,L,29.650000000000034,39.05000000000001,1433,50.0,216,0,0,0,0,0,0,0,9720,0.2304147465437788,296
M20248,M,29.650000000000034,39.150000000000034,1432,49.0,218,0,0,0,0,0,0,0,9810,0.2237442922374429,255
L52569,L,29.650000000000034,39.150000000000034,1366,49.1,221,0,0,0,0,0,0,1,9945,0.2211711711711712,290
H34804,H,29.650000000000034,39.150000000000034,1483,47.2,223,0,0,0,0,0,0,0,10035,0.21071428571428572,351
L52571,L,29.55000000000001,39.05000000000001,1572,34.4,228,0,0,0,0,0,0,0,10260,0.1502183406113537,211
L52572,L,29.650000000000034,39.05000000000001,1481,40.2,230,0,0,0,0,0,0,1,10350,0.17402597402597403,275
L52573,L,29.650000000000034,39.150000000000034,1473,42.6,232,0,0,0,0,0,0,1,10440,0.18283261802575107,291
M20254,M,29.650000000000034,39.150000000000034,1262,70.5,234,1,0,0,1,1,0,4,10530,0.3,9
L52575,L,29.650000000000034,39.25,1529,36.8,237,0,0,0,0,0,0,0,10665,0.15462184873949578,288
L52576,L,29.650000000000034,39.25,1523,39.7,239,0,0,0,0,0,0,1,10755,0.16541666666666668,216
M20257,M,29.650000000000034,39.150000000000034,1416,42.7,241,0,0,0,0,0,0,1,10845,0.17644628099173554,161
L52578,L,29.75,39.25,1923,23.9,244,0,0,0,0,0,0,1,10980,0.09755102040816326,184
H34813,H,29.650000000000034,39.25,1411,53.8,246,1,0,0,0,1,0,2,11070,0.21781376518218623,22
L52580,L,29.55000000000001,39.25,1477,46.3,251,1,0,0,0,1,0,5,11295,0.18373015873015872,33
M20261,M,29.450000000000045,39.150000000000034,1454,54.8,253,1,1,0,0,1,0,4,11385,0.21574803149606298,10
L52582,L,29.55000000000001,39.150000000000034,1421,48.5,0,0,0,0,0,0,0,1,0,48.5,163
L52583,L,29.55000000000001,39.150000000000034,1858,25.4,2,0,0,0,0,0,0,1,90,8.466666666666667,342
H34818,H,29.650000000000034,39.35000000000002,1422,46.1,4,0,0,0,0,0,0,1,180,9.22,304
L52585,L,29.55000000000001,39.25,1444,48.7,9,0,0,0,0,0,0,0,405,4.87,250
L52586,L,29.55000000000001,39.25,1360,47.8,11,0,0,0,0,0,0,0,495,3.983333333333333,209
L52587,L,29.55000000000001,39.25,1954,24.8,13,0,0,0,0,0,0,1,585,1.7714285714285716,192
L52588,L,29.450000000000045,39.25,1628,33.0,15,0,0,0,0,0,0,1,675,2.0625,342
L52589,L,29.55000000000001,39.25,1433,44.2,17,0,0,0,0,0,0,1,765,2.4555555555555557,204
M20270,M,29.55000000000001,39.35000000000002,1417,51.5,19,0,0,0,0,0,0,0,855,2.575,258
L52591,L,29.650000000000034,39.450000000000045,1462,39.4,22,0,0,0,0,0,0,0,990,1.7130434782608694,242
L52592,L,29.75,39.450000000000045,1328,59.9,24,0,0,0,0,0,0,0,1080,2.396,358
H34827,H,29.55000000000001,39.35000000000002,1527,36.4,26,0,0,0,0,0,0,0,1170,1.348148148148148,312
L52594,L,29.450000000000045,39.150000000000034,1534,34.3,31,0,0,0,0,0,0,1,1395,1.071875,244
M20275,M,29.450000000000045,39.25,1410,50.3,33,0,0,0,0,0,0,1,1485,1.4794117647058822,309
L52596,L,29.450000000000045,39.150000000000034,1660,30.3,36,0,0,0,0,0,0,1,1620,0.818918918918919,296
L52597,L,29.450000000000045,39.25,1386,45.8,38,0,0,0,0,0,0,1,1710,1.1743589743589742,244
L52598,L,29.450000000000045,39.25,1398,41.6,40,0,0,0,0,0,0,0,1800,1.0146341463414634,316
L52599,L,29.450000000000045,39.150000000000034,1321,53.4,42,0,0,0,0,0,0,1,1890,1.241860465116279,297
L52600,L,29.450000000000045,39.150000000000034,1512,34.2,44,0,0,0,0,0,0,0,1980,0.76,177
M20281,M,29.450000000000045,39.150000000000034,1566,36.6,46,0,0,0,0,0,0,0,2070,0.7787234042553192,152
M20282,M,29.55000000000001,39.25,1422,44.5,49,0,0,0,0,0,0,1,2205,0.89,309
L52603,L,29.450000000000045,39.150000000000034,1647,31.8,52,0,0,0,0,0,0,0,2340,0.6,235
L52604,L,29.450000000000045,39.05000000000001,1377,45.5,54,0,0,0,0,0,0,0,2430,0.8272727272727273,257
L52605,L,29.350000000000023,39.05000000000001,1775,27.9,56,0,0,0,0,0,0,1,2520,0.4894736842105263,335
L52606,L,29.450000000000045,39.150000000000034,1554,42.0,58,0,0,0,0,0,0,0,2610,0.711864406779661,331
L52607,L,29.55000000000001,39.25,1423,51.9,60,0,0,0,0,0,0,0,2700,0.8508196721311475,319
L52608,L,29.55000000000001,39.25,1453,47.3,62,0,0,0,0,0,0,1,2790,0.7507936507936508,266
L52609,L,29.650000000000034,39.25,1590,34.4,64,0,0,0,0,0,0,0,2880,0.5292307692307692,257
L52610,L,29.650000000000034,39.35000000000002,1694,28.4,66,0,0,0,0,0,0,0,2970,0.42388059701492536,164
L52611,L,29.650000000000034,39.35000000000002,1462,43.4,68,0,0,0,0,0,0,1,3060,0.6289855072463768,360
L52612,L,29.650000000000034,39.25,1392,46.2,70,0,0,0,0,0,0,0,3150,0.6507042253521127,211
L52613,L,29.75,39.35000000000002,1550,45.5,72,0,0,0,0,0,0,1,3240,0.6232876712328768,180
L52614,L,29.75,39.35000000000002,1629,30.4,74,0,0,0,0,0,0,0,3330,0.4053333333333333,338
M20295,M,29.850000000000023,39.35000000000002,1524,42.1,76,0,0,0,0,0,0,0,3420,0.5467532467532468,175
M20296,M,29.75,39.35000000000002,1679,30.9,79,0,0,0,0,0,0,1,3555,0.38625,346
M20297,M,29.75,39.450000000000045,1394,46.4,82,0,0,0,0,0,0,1,3690,0.5590361445783132,334
L52618,L,29.75,39.35000000000002,1683,32.1,85,0,0,0,0,0,0,0,3825,0.3732558139534884,297
L52619,L,29.850000000000023,39.35000000000002,1626,30.5,87,0,0,0,0,0,0,1,3915,0.3465909090909091,215
H34854,H,29.850000000000023,39.35000000000002,1698,30.0,89,0,0,0,0,0,0,0,4005,0.3333333333333333,298
M20301,M,29.850000000000023,39.450000000000045,1392,42.9,94,0,0,0,0,0,0,1,4230,0.451578947368421,264
L52622,L,29.950000000000045,39.55000000000001,1353,51.8,97,0,0,0,0,0,0,0,4365,0.5285714285714286,209
M20303,M,29.850000000000023,39.55000000000001,1426,46.8,99,0,0,0,0,0,0,0,4455,0.46799999999999997,212
L52624,L,29.850000000000023,39.55000000000001,2024,19.9,102,0,0,0,0,0,0,0,4590,0.1932038834951456,328
M20305,M,29.850000000000023,39.650000000000034,1648,32.1,104,0,0,0,0,0,0,0,4680,0.3057142857142857,361
L52626,L,29.950000000000045,39.75,1511,40.1,107,0,0,0,0,0,0,0,4815,0.3712962962962963,250
L52627,L,29.950000000000045,39.650000000000034,1465,44.1,109,0,0,0,0,0,0,1,4905,0.40090909090909094,316
L52628,L,29.850000000000023,39.55000000000001,1551,41.8,111,0,0,0,0,0,0,1,4995,0.37321428571428567,249
L52629,L,29.950000000000045,39.650000000000034,2329,15.1,113,0,0,0,0,0,0,0,5085,0.1324561403508772,288
H34864,H,29.950000000000045,39.650000000000034,1435,41.9,115,0,0,0,0,0,0,0,5175,0.3612068965517241,268
L52631,L,29.850000000000023,39.55000000000001,1361,48.8,120,0,0,0,0,0,0,1,5400,0.4033057851239669,206
M20312,M,29.850000000000023,39.55000000000001,1553,35.8,122,0,0,0,0,0,0,1,5490,0.29105691056910565,280
L52633,L,29.850000000000023,39.450000000000045,1451,42.1,125,0,0,0,0,0,0,1,5625,0.33412698412698416,186
L52634,L,29.850000000000023,39.35000000000002,1461,40.2,127,0,0,0,0,0,0,1,5715,0.3140625,361
M20315,M,29.950000000000045,39.450000000000045,1895,23.5,129,0,0,0,0,0,0,1,5805,0.18076923076923077,260
M20316,M,29.950000000000045,39.450000000000045,1567,32.9,132,0,0,0,0,0,0,0,5940,0.24736842105263157,302
M20317,M,29.850000000000023,39.35000000000002,1602,33.7,135,0,0,0,0,0,0,0,6075,0.24779411764705883,298
L52638,L,29.950000000000045,39.450000000000045,1514,42.1,138,0,0,0,0,0,0,1,6210,0.30287769784172663,357
L52639,L,29.950000000000045,39.35000000000002,1453,49.1,140,0,0,0,0,0,0,1,6300,0.34822695035460993,261
M20320,M,29.850000000000023,39.25,1526,36.1,142,0,0,0,0,0,0,1,6390,0.25244755244755246,319
M20321,M,29.75,39.150000000000034,1339,52.1,145,0,0,0,0,0,0,1,6525,0.35684931506849316,150
L52642,L,29.75,39.150000000000034,1889,22.8,148,0,0,0,0,0,0,1,6660,0.15302013422818792,172
L52643,L,29.75,39.25,1561,34.8,150,0,0,0,0,0,0,1,6750,0.2304635761589404,256
M20324,M,29.75,39.25,1659,33.1,152,0,0,0,0,0,0,1,6840,0.21633986928104576,262
L52645,L,29.75,39.25,1424,49.5,155,0,0,0,0,0,0,1,6975,0.3173076923076923,301
M20326,M,29.75,39.150000000000034,1426,44.7,157,0,0,0,0,0,0,1,7065,0.2829113924050633,324
L52647,L,29.75,39.25,1383,51.4,160,0,0,0,0,0,0,0,7200,0.31925465838509315,238
L52648,L,29.650000000000034,39.150000000000034,1764,29.9,162,0,0,0,0,0,0,1,7290,0.18343558282208589,284
M20329,M,29.55000000000001,39.05000000000001,1439,42.5,164,0,0,0,0,0,0,1,7380,0.25757575757575757,187
M20330,M,29.55000000000001,39.05000000000001,1585,35.5,167,0,0,0,0,0,0,0,7515,0.2113095238095238,196
L52651,L,29.55000000000001,39.150000000000034,1346,61.2,170,0,0,0,0,0,1,0,7650,0.35789473684210527,252
L52652,L,29.650000000000034,39.150000000000034,1386,57.8,172,0,0,0,0,0,0,0,7740,0.33410404624277457,312
L52653,L,29.55000000000001,39.05000000000001,1369,51.8,174,0,0,0,0,0,0,1,7830,0.296,355
M20334,M,29.55000000000001,38.950000000000045,1378,46.9,176,0,0,0,0,0,0,1,7920,0.26497175141242935,211
L52655,L,29.55000000000001,39.05000000000001,1336,46.8,179,0,0,0,0,0,0,1,8055,0.26,222
M20336,M,29.450000000000045,38.950000000000045,1445,42.0,181,0,0,0,0,0,0,1,8145,0.23076923076923078,152
L52657,L,29.55000000000001,38.950000000000045,1763,26.5,184,0,0,0,0,0,0,0,8280,0.14324324324324325,251
L52658,L,29.55000000000001,39.05000000000001,1611,34.1,186,0,0,0,0,0,0,1,8370,0.1823529411764706,297
M20339,M,29.55000000000001,38.950000000000045,1564,32.1,188,0,0,0,0,0,0,1,8460,0.16984126984126985,254
H34894,H,29.55000000000001,38.950000000000045,1478,36.0,191,0,0,0,0,0,0,0,8595,0.1875,193
L52661,L,29.450000000000045,38.85000000000002,1781,28.5,196,0,0,0,0,0,0,1,8820,0.1446700507614213,309
L52662,L,29.450000000000045,38.950000000000045,1782,26.8,198,0,0,0,0,0,0,1,8910,0.13467336683417086,249
M20343,M,29.450000000000045,38.950000000000045,2000,21.9,200,0,0,0,0,0,0,1,9000,0.108955223880597,175
M20344,M,29.350000000000023,38.85000000000002,1826,25.3,203,0,0,0,0,0,0,1,9135,0.12401960784313726,197
L52665,L,29.450000000000045,38.950000000000045,1344,51.0,206,0,0,0,0,0,0,0,9270,0.2463768115942029,154
L52666,L,29.450000000000045,39.05000000000001,1520,43.0,208,0,0,0,0,0,0,0,9360,0.20574162679425836,208
M20347,M,29.450000000000045,38.950000000000045,1611,39.9,210,0,0,0,0,0,0,0,9450,0.1890995260663507,210
L52668,L,29.55000000000001,39.05000000000001,1450,52.1,213,1,0,0,0,1,0,6,9585,0.24345794392523365,39
L52669,L,29.450000000000045,38.950000000000045,1499,35.0,215,0,0,0,0,0,1,1,9675,0.16203703703703703,307
L52670,L,29.450000000000045,38.950000000000045,1288,68.5,0,1,0,0,1,0,0,4,0,68.5,38
M20351,M,29.55000000000001,39.05000000000001,1350,58.6,2,0,0,0,0,0,0,1,90,19.533333333333335,219
M20352,M,29.75,39.25,1334,50.9,5,0,0,0,0,0,0,0,225,8.483333333333333,335
L52673,L,29.650000000000034,39.25,1376,57.1,8,0,0,0,0,0,0,0,360,6.344444444444445,340
L52674,L,29.650000000000034,39.25,1368,49.5,10,0,0,0,0,0,0,0,450,4.5,338
H34909,H,29.75,39.35000000000002,1357,55.0,12,0,0,0,0,0,1,1,540,4.230769230769231,340
M20356,M,29.75,39.35000000000002,1924,24.0,17,0,0,0,0,0,0,1,765,1.3333333333333333,164
M20357,M,29.75,39.35000000000002,1551,40.0,20,0,0,0,0,0,0,0,900,1.9047619047619047,150
M20358,M,29.75,39.35000000000002,1903,21.2,23,0,0,0,0,0,0,0,1035,0.8833333333333333,290
H34913,H,29.75,39.150000000000034,1417,48.7,26,0,0,0,0,0,0,1,1170,1.8037037037037038,325
L52680,L,29.55000000000001,38.950000000000045,1601,35.2,31,0,0,0,0,0,0,1,1395,1.1,277
L52681,L,29.55000000000001,38.950000000000045,1543,37.5,33,0,0,0,0,0,0,1,1485,1.1029411764705883,311
L52682,L,29.450000000000045,38.950000000000045,1439,52.3,35,0,0,0,0,0,0,0,1575,1.4527777777777777,274
H34917,H,29.450000000000045,38.85000000000002,1657,29.3,37,0,0,0,0,0,0,0,1665,0.7710526315789474,307
L52684,L,29.650000000000034,39.05000000000001,1458,51.0,42,0,0,0,0,0,0,0,1890,1.186046511627907,168
L52685,L,29.650000000000034,39.05000000000001,1746,27.4,44,0,0,0,0,0,0,0,1980,0.6088888888888888,268
L52686,L,29.75,39.05000000000001,1677,30.5,46,0,0,0,0,0,0,1,2070,0.648936170212766,213
L52687,L,29.650000000000034,38.950000000000045,1520,39.9,48,0,0,0,0,0,0,1,2160,0.8142857142857143,215
L52688,L,29.75,39.05000000000001,1367,55.1,50,0,0,0,0,0,0,1,2250,1.080392156862745,206
L52689,L,29.650000000000034,39.05000000000001,1509,36.5,52,0,0,0,0,0,1,0,2340,0.6886792452830188,193
L52690,L,29.650000000000034,38.950000000000045,1418,51.4,54,0,0,0,0,0,0,1,2430,0.9345454545454546,161
L52691,L,29.650000000000034,38.950000000000045,1958,20.3,56,0,0,0,0,0,0,1,2520,0.356140350877193,271
L52692,L,29.650000000000034,39.05000000000001,1682,30.9,58,0,0,0,0,0,0,1,2610,0.523728813559322,317
M20373,M,29.650000000000034,39.05000000000001,1452,50.3,60,0,0,0,0,0,0,1,2700,0.8245901639344262,173
L52694,L,29.55000000000001,38.85000000000002,1828,24.0,63,0,0,0,0,0,0,1,2835,0.375,288
H34929,H,29.55000000000001,38.85000000000002,1484,41.5,65,0,0,0,0,0,0,0,2925,0.6287878787878788,343
L52696,L,29.450000000000045,38.85000000000002,1674,32.2,70,0,0,0,0,0,0,1,3150,0.45352112676056344,150
L52697,L,29.450000000000045,38.75,1448,49.5,72,0,0,0,0,0,0,1,3240,0.678082191780822,335
M20378,M,29.350000000000023,38.650000000000034,2023,19.1,74,0,0,0,0,0,0,0,3330,0.2546666666666667,177
L52699,L,29.350000000000023,38.75,1452,47.4,77,0,0,0,0,0,0,0,3465,0.6076923076923076,217
M20380,M,29.450000000000045,38.85000000000002,1496,45.0,79,0,0,0,0,0,0,1,3555,0.5625,254
L52701,L,29.450000000000045,38.75,1397,46.9,82,0,0,0,0,0,0,1,3690,0.5650602409638554,243
L52702,L,29.450000000000045,38.75,1453,39.1,84,0,0,0,0,0,0,1,3780,0.46,273
M20383,M,29.350000000000023,38.75,1524,34.8,86,0,0,0,0,0,0,1,3870,0.39999999999999997,336
L52704,L,29.450000000000045,38.75,1633,30.9,89,0,0,0,0,0,0,0,4005,0.3433333333333333,348
M20385,M,29.450000000000045,38.85000000000002,1363,45.7,91,0,0,0,0,0,0,1,4095,0.4967391304347826,273
L52706,L,29.350000000000023,38.75,1520,44.9,94,0,0,0,0,0,0,0,4230,0.4726315789473684,171
M20387,M,29.350000000000023,38.75,1532,38.8,96,0,0,0,0,0,0,1,4320,0.39999999999999997,306
L52708,L,29.25,38.650000000000034,1384,50.9,99,0,0,0,0,0,0,1,4455,0.509,238
M20389,M,29.25,38.650000000000034,1539,39.9,101,0,0,0,0,0,0,1,4545,0.3911764705882353,351
M20390,M,29.150000000000034,38.650000000000034,1355,50.1,104,0,0,0,0,0,0,0,4680,0.47714285714285715,361
M20391,M,29.150000000000034,38.55000000000001,1504,37.3,107,0,0,0,0,0,0,1,4815,0.3453703703703703,355
L52712,L,29.25,38.650000000000034,1476,46.6,110,0,0,0,0,0,0,1,4950,0.4198198198198198,346
L52713,L,29.25,38.55000000000001,1721,26.9,112,0,0,0,0,0,0,0,5040,0.23805309734513272,194
M20394,M,29.150000000000034,38.55000000000001,1494,37.1,114,0,0,0,0,0,0,1,5130,0.3226086956521739,347
L52715,L,29.150000000000034,38.55000000000001,1465,43.5,117,0,0,0,0,0,0,0,5265,0.3686440677966102,363
M20396,M,29.150000000000034,38.650000000000034,1363,54.0,119,1,0,0,0,0,0,2,5355,0.45,15
L52717,L,29.25,38.650000000000034,1648,30.0,122,0,0,0,0,0,0,0,5490,0.24390243902439024,294
M20398,M,29.150000000000034,38.650000000000034,1879,23.0,124,0,0,0,0,0,0,0,5580,0.184,228
H34953,H,29.150000000000034,38.55000000000001,1482,39.0,127,0,0,0,0,0,0,0,5715,0.3046875,188
L52720,L,29.25,38.650000000000034,1493,38.4,132,0,0,0,0,0,0,1,5940,0.28872180451127816,317
L52721,L,29.25,38.650000000000034,1433,42.2,134,0,0,0,0,0,0,0,6030,0.3125925925925926,177
L52722,L,29.150000000000034,38.55000000000001,1400,41.6,136,0,0,0,0,0,0,0,6120,0.30364963503649633,279
L52723,L,29.25,38.650000000000034,1255,59.0,138,0,0,0,0,0,0,1,6210,0.4244604316546763,359
L52724,L,29.05000000000001,38.55000000000001,1471,45.6,140,0,0,0,0,0,0,0,6300,0.32340425531914896,304
H34959,H,29.05000000000001,38.450000000000045,1357,44.2,142,0,0,0,0,0,0,1,6390,0.30909090909090914,298
L52726,L,29.150000000000034,38.55000000000001,1453,41.2,147,0,0,0,0,0,0,1,6615,0.2783783783783784,236
M20407,M,29.150000000000034,38.55000000000001,1540,28.9,149,0,0,0,0,0,0,0,6705,0.19266666666666665,284
L52728,L,29.150000000000034,38.650000000000034,1605,35.2,152,0,0,0,0,0,0,0,6840,0.2300653594771242,338
H34963,H,29.150000000000034,38.75,1374,52.4,154,0,0,0,0,0,0,1,6930,0.33806451612903227,201
M20410,M,29.150000000000034,38.75,1508,42.3,159,0,0,0,0,0,0,0,7155,0.26437499999999997,325
H34965,H,29.25,38.75,1366,47.3,162,0,0,0,0,0,0,0,7290,0.2901840490797546,275
H34966,H,29.350000000000023,38.85000000000002,1579,35.7,167,0,0,0,0,0,0,0,7515,0.21250000000000002,296
L52733,L,29.350000000000023,38.75,1306,59.7,172,0,0,0,0,0,1,0,7740,0.34508670520231216,222
M20414,M,29.350000000000023,38.85000000000002,1521,40.2,174,0,0,0,0,0,0,1,7830,0.22971428571428573,289
L52735,L,29.350000000000023,38.85000000000002,1411,44.2,177,0,0,0,0,0,0,1,7965,0.24831460674157305,243
H34970,H,29.350000000000023,38.85000000000002,1357,42.0,179,0,0,0,0,0,0,0,8055,0.23333333333333334,348
M20417,M,29.350000000000023,38.85000000000002,1436,43.5,184,0,0,0,0,0,0,1,8280,0.23513513513513515,151
L52738,L,29.350000000000023,38.75,1553,40.1,187,0,0,0,0,0,0,0,8415,0.21329787234042555,166
M20419,M,29.350000000000023,38.85000000000002,1451,43.2,189,0,0,0,0,0,0,0,8505,0.22736842105263158,352
L52740,L,29.25,38.75,1541,37.9,192,0,0,0,0,0,0,0,8640,0.19637305699481863,274
M20421,M,29.150000000000034,38.55000000000001,1341,46.3,194,0,0,0,0,0,0,0,8730,0.2374358974358974,353
L52742,L,29.150000000000034,38.55000000000001,1648,32.1,197,0,0,0,0,0,0,1,8865,0.16212121212121214,280
M20423,M,29.150000000000034,38.55000000000001,1640,31.5,199,0,0,0,0,0,0,0,8955,0.1575,170
L52744,L,29.25,38.650000000000034,1416,46.1,202,0,0,0,0,0,0,1,9090,0.2270935960591133,227
L52745,L,29.25,38.75,1671,29.9,204,0,0,0,0,0,0,0,9180,0.14585365853658536,228
L52746,L,29.25,38.85000000000002,1457,45.5,206,0,0,0,0,0,0,1,9270,0.21980676328502416,200
M20427,M,29.350000000000023,38.85000000000002,1445,54.8,0,0,0,0,0,0,0,1,0,54.8,255
L52748,L,29.350000000000023,38.950000000000045,1534,38.6,3,0,0,0,0,0,0,1,135,9.65,254
L52749,L,29.25,38.85000000000002,1508,36.9,5,0,0,0,0,0,0,1,225,6.1499999999999995,159
M20430,M,29.25,38.950000000000045,1492,47.7,7,0,0,0,0,0,0,0,315,5.9625,265
L52751,L,29.25,38.85000000000002,1562,37.9,10,0,0,0,0,0,0,1,450,3.4454545454545453,204
L52752,L,29.25,38.85000000000002,1545,36.4,12,0,0,0,0,0,0,0,540,2.8,185
L52753,L,29.350000000000023,39.05000000000001,1738,25.3,14,0,0,0,0,0,0,1,630,1.6866666666666668,200
L52754,L,29.25,38.85000000000002,1305,49.1,16,0,0,0,0,0,0,1,720,2.888235294117647,223
H34989,H,29.25,38.85000000000002,1477,39.7,18,0,0,0,0,0,0,1,810,2.0894736842105264,166
H34990,H,29.25,38.85000000000002,1457,43.4,23,0,0,0,0,0,0,0,1035,1.8083333333333333,210
L52757,L,29.25,38.950000000000045,1455,40.4,28,0,0,0,0,0,0,1,1260,1.393103448275862,240
L52758,L,29.350000000000023,39.05000000000001,1574,38.7,30,0,0,0,0,0,0,0,1350,1.2483870967741937,352
L52759,L,29.450000000000045,39.05000000000001,1695,27.1,32,0,0,0,0,0,0,0,1440,0.8212121212121213,290
M20440,M,29.450000000000045,39.05000000000001,1458,38.8,34,0,0,0,0,0,0,0,1530,1.1085714285714285,342
M20441,M,29.350000000000023,38.950000000000045,1454,47.6,37,0,0,0,0,0,0,1,1665,1.2526315789473685,244
L52762,L,29.350000000000023,38.85000000000002,2052,18.9,40,0,0,0,0,0,0,1,1800,0.4609756097560975,362
L52763,L,29.350000000000023,38.85000000000002,1673,29.9,42,0,0,0,0,0,0,1,1890,0.6953488372093023,229
L52764,L,29.25,38.75,1578,29.9,44,0,0,0,0,0,0,1,1980,0.6644444444444444,252
M20445,M,29.350000000000023,38.85000000000002,1642,29.1,46,0,0,0,0,0,0,1,2070,0.6191489361702128,364
M20446,M,29.25,38.650000000000034,1557,31.5,49,0,0,0,0,0,0,1,2205,0.63,351
L52767,L,29.350000000000023,38.75,1481,42.9,52,0,0,0,0,0,0,1,2340,0.8094339622641509,197
M20448,M,29.350000000000023,38.650000000000034,1566,37.6,54,0,0,0,0,0,0,0,2430,0.6836363636363637,235
M20449,M,29.350000000000023,38.75,1298,57.5,57,0,0,0,0,0,0,1,2565,0.9913793103448276,219
M20450,M,29.350000000000023,38.75,1340,59.4,60,0,0,0,0,0,0,0,2700,0.9737704918032787,196
L52771,L,29.350000000000023,38.85000000000002,1574,33.8,63,0,0,0,0,0,0,0,2835,0.528125,159
L52772,L,29.350000000000023,38.75,1437,46.7,65,0,0,0,0,0,0,1,2925,0.7075757575757576,334
L52773,L,29.450000000000045,38.75,1354,48.0,67,0,0,0,0,0,0,1,3015,0.7058823529411765,229
L52774,L,29.450000000000045,38.75,1598,35.5,69,0,0,0,0,0,0,0,3105,0.5071428571428571,162
M20455,M,29.55000000000001,38.85000000000002,1944,21.4,71,0,0,0,0,0,0,0,3195,0.2972222222222222,338
M20456,M,29.55000000000001,38.85000000000002,1538,36.7,74,0,0,0,0,0,0,1,3330,0.4893333333333334,207
L52777,L,29.55000000000001,38.85000000000002,1501,37.0,77,0,0,0,0,0,0,0,3465,0.47435897435897434,233
L52778,L,29.650000000000034,38.950000000000045,1441,52.1,79,0,0,0,0,0,0,0,3555,0.65125,217
M20459,M,29.55000000000001,38.85000000000002,1652,31.0,81,0,0,0,0,0,0,0,3645,0.3780487804878049,233
L52780,L,29.650000000000034,38.950000000000045,1487,36.6,84,0,0,0,0,0,0,0,3780,0.43058823529411766,235
L52781,L,29.75,39.05000000000001,1605,33.9,86,0,0,0,0,0,0,1,3870,0.3896551724137931,306
L52782,L,29.75,38.950000000000045,1334,54.7,88,0,0,0,0,0,0,1,3960,0.6146067415730337,293
L52783,L,29.75,39.05000000000001,1340,57.8,90,0,0,0,0,0,0,0,4050,0.6351648351648351,212
L52784,L,29.75,39.05000000000001,1513,37.8,92,0,0,0,0,0,0,0,4140,0.4064516129032258,324
L52785,L,29.75,39.05000000000001,1510,41.4,94,0,0,0,0,0,0,0,4230,0.4357894736842105,192
L52786,L,29.75,39.05000000000001,1729,23.6,96,0,0,0,0,0,0,1,4320,0.24329896907216497,300
M20467,M,29.75,39.05000000000001,1745,25.5,98,0,0,0,0,0,0,1,4410,0.25757575757575757,307
M20468,M,29.950000000000045,39.150000000000034,1623,31.6,101,0,0,0,0,0,0,0,4545,0.30980392156862746,334
M20469,M,29.950000000000045,39.25,1378,50.1,104,0,0,0,0,0,0,0,4680,0.47714285714285715,179
L52790,L,29.950000000000045,39.25,1407,41.2,107,0,0,0,0,0,0,0,4815,0.38148148148148153,216
M20471,M,29.850000000000023,39.150000000000034,1674,29.5,109,0,0,0,0,0,0,1,4905,0.2681818181818182,333
L52792,L,29.850000000000023,39.150000000000034,1486,42.4,112,0,0,0,0,0,0,0,5040,0.3752212389380531,173
M20473,M,29.850000000000023,39.150000000000034,1483,38.8,114,0,0,0,0,0,0,0,5130,0.33739130434782605,250
H35028,H,29.850000000000023,39.05000000000001,1624,28.8,117,0,0,0,0,0,0,0,5265,0.2440677966101695,354
M20475,M,29.850000000000023,39.05000000000001,1257,71.3,122,1,0,0,1,0,0,2,5490,0.5796747967479674,36
L52796,L,29.850000000000023,39.150000000000034,1480,41.4,125,0,0,0,0,0,0,0,5625,0.32857142857142857,250
L52797,L,29.950000000000045,39.25,1404,61.5,127,1,0,0,1,0,0,6,5715,0.48046875,48
M20478,M,29.850000000000023,39.25,1645,29.6,129,0,0,0,0,0,0,1,5805,0.2276923076923077,157
L52799,L,29.850000000000023,39.150000000000034,1932,21.9,132,0,0,0,0,0,0,1,5940,0.16466165413533834,321
L52800,L,29.850000000000023,39.150000000000034,1533,38.5,134,0,0,0,0,0,0,0,6030,0.2851851851851852,357
M20481,M,29.75,39.05000000000001,1292,54.4,136,0,0,0,0,0,0,1,6120,0.3970802919708029,245
L52802,L,29.75,39.05000000000001,1571,40.6,139,0,0,0,0,0,0,0,6255,0.29000000000000004,311
L52803,L,29.75,39.150000000000034,1578,36.3,141,0,0,0,0,0,0,1,6345,0.2556338028169014,184
M20484,M,29.650000000000034,39.05000000000001,1469,36.9,143,0,0,0,0,0,0,1,6435,0.25625,245
L52805,L,29.55000000000001,38.950000000000045,1728,24.4,146,0,0,0,0,0,0,0,6570,0.16598639455782313,199
H35040,H,29.55000000000001,38.950000000000045,1603,32.5,148,0,0,0,0,0,0,0,6660,0.2181208053691275,294
L52807,L,29.55000000000001,38.950000000000045,1597,39.8,153,0,0,0,0,0,0,0,6885,0.2584415584415584,151
L52808,L,29.55000000000001,38.950000000000045,1688,32.0,155,0,0,0,0,0,0,1,6975,0.20512820512820512,331
L52809,L,29.55000000000001,39.05000000000001,1405,51.4,157,0,0,0,0,0,0,0,7065,0.32531645569620254,193
M20490,M,29.650000000000034,39.05000000000001,1615,32.9,159,0,0,0,0,0,0,1,7155,0.205625,358
L52811,L,29.650000000000034,39.05000000000001,1515,36.8,162,0,0,0,0,0,0,1,7290,0.22576687116564415,251
L52812,L,29.55000000000001,39.05000000000001,1376,52.8,164,0,0,0,0,0,0,1,7380,0.32,326
L52813,L,29.55000000000001,39.05000000000001,1447,47.5,166,0,0,0,0,0,0,0,7470,0.2844311377245509,279
M20494,M,29.450000000000045,39.05000000000001,1353,56.5,168,0,0,0,0,0,0,0,7560,0.3343195266272189,221
L52815,L,29.450000000000045,38.950000000000045,1502,47.3,171,0,0,0,0,0,0,0,7695,0.27499999999999997,259
L52816,L,29.450000000000045,38.85000000000002,1447,45.5,173,0,0,0,0,0,0,1,7785,0.2614942528735632,347
M20497,M,29.350000000000023,38.85000000000002,1487,46.1,175,0,0,0,0,0,0,1,7875,0.2619318181818182,286
L52818,L,29.450000000000045,38.950000000000045,1519,38.1,178,0,0,0,0,0,0,0,8010,0.21284916201117318,278
L52819,L,29.450000000000045,38.950000000000045,1668,28.7,180,0,0,0,0,0,1,1,8100,0.15856353591160222,346
L52820,L,29.450000000000045,38.950000000000045,1420,51.6,182,0,0,0,0,0,0,1,8190,0.2819672131147541,252
L52821,L,29.450000000000045,38.950000000000045,1473,37.3,184,0,0,0,0,0,0,1,8280,0.20162162162162162,286
L52822,L,29.350000000000023,38.85000000000002,1495,38.8,186,0,0,0,0,0,0,0,8370,0.20748663101604276,291
L52823,L,29.350000000000023,38.85000000000002,1574,42.0,188,0,0,0,0,0,0,1,8460,0.2222222222222222,176
L52824,L,29.350000000000023,38.85000000000002,1383,51.3,190,0,0,0,0,0,0,1,8550,0.268586387434555,286
M20505,M,29.350000000000023,38.85000000000002,1591,29.4,192,0,0,0,0,0,0,0,8640,0.15233160621761657,313
M20506,M,29.25,38.650000000000034,1644,37.2,195,0,0,0,0,0,0,0,8775,0.18979591836734697,242
H35061,H,29.350000000000023,38.650000000000034,2370,14.7,198,0,0,0,0,0,0,0,8910,0.07386934673366834,361
L52828,L,29.350000000000023,38.75,1401,44.9,203,0,0,0,0,0,0,0,9135,0.22009803921568627,356
M20509,M,29.350000000000023,38.75,1414,51.6,205,0,0,0,0,0,0,0,9225,0.2504854368932039,249
L52830,L,29.350000000000023,38.85000000000002,1456,46.3,208,0,0,0,0,0,0,0,9360,0.22153110047846888,280
M20511,M,29.350000000000023,38.85000000000002,1447,45.7,210,0,0,0,0,0,0,1,9450,0.2165876777251185,266
L52832,L,29.25,38.650000000000034,1727,26.5,213,0,0,0,0,0,0,1,9585,0.12383177570093458,300
L52833,L,29.25,38.55000000000001,1495,36.8,215,0,0,0,0,0,0,1,9675,0.17037037037037037,271
L52834,L,29.150000000000034,38.450000000000045,1544,34.3,0,0,0,0,0,0,0,1,0,34.3,259
L52835,L,29.150000000000034,38.35000000000002,1387,47.3,2,0,0,0,0,0,0,0,90,15.766666666666666,222
M20516,M,29.150000000000034,38.35000000000002,1316,47.2,4,0,0,0,0,0,0,1,180,9.440000000000001,179
L52837,L,29.150000000000034,38.35000000000002,1794,26.1,7,0,0,0,0,0,0,0,315,3.2625,168
M20518,M,29.05000000000001,38.25,1372,55.1,9,0,0,0,0,0,0,0,405,5.51,251
M20519,M,29.150000000000034,38.35000000000002,1674,30.0,12,0,0,0,0,0,0,1,540,2.3076923076923075,216
L52840,L,29.05000000000001,38.25,1477,41.7,15,0,0,0,0,0,0,1,675,2.60625,199
L52841,L,29.05000000000001,38.25,1397,53.0,17,0,0,0,0,0,0,0,765,2.9444444444444446,197
L52842,L,29.05000000000001,38.35000000000002,1616,34.0,19,0,0,0,0,0,0,0,855,1.7,152
M20523,M,29.150000000000034,38.35000000000002,1530,42.3,21,0,0,0,0,0,0,0,945,1.9227272727272726,215
M20524,M,29.05000000000001,38.25,1539,35.1,24,0,0,0,0,0,0,0,1080,1.4040000000000001,304
L52845,L,29.150000000000034,38.25,1845,21.9,27,0,0,0,0,0,0,1,1215,0.7821428571428571,364
L52846,L,29.05000000000001,38.25,1430,43.1,29,0,0,0,0,0,0,0,1305,1.4366666666666668,255
L52847,L,29.05000000000001,38.25,2080,19.2,31,0,0,0,0,0,0,1,1395,0.6,260
M20528,M,29.05000000000001,38.25,1432,45.3,33,0,0,0,0,0,0,0,1485,1.3323529411764705,189
M20529,M,29.05000000000001,38.35000000000002,1479,39.5,36,0,0,0,0,0,0,0,1620,1.0675675675675675,274
L52850,L,29.05000000000001,38.35000000000002,1424,45.2,39,0,0,0,0,0,0,0,1755,1.1300000000000001,167
H35085,H,29.05000000000001,38.450000000000045,1534,37.2,41,0,0,0,0,0,0,1,1845,0.8857142857142858,304
H35086,H,28.950000000000045,38.450000000000045,1701,26.2,46,0,0,0,0,0,0,0,2070,0.5574468085106383,288
L52853,L,29.05000000000001,38.450000000000045,1462,50.0,51,0,0,0,0,0,0,1,2295,0.9615384615384616,316
M20534,M,29.05000000000001,38.55000000000001,1393,42.5,53,0,0,0,0,0,0,1,2385,0.7870370370370371,168
M20535,M,29.150000000000034,38.55000000000001,1453,42.5,56,0,0,0,0,0,0,1,2520,0.7456140350877193,238
L52856,L,29.150000000000034,38.650000000000034,1565,37.8,59,0,0,0,0,0,0,0,2655,0.63,284
L52857,L,29.150000000000034,38.650000000000034,1281,51.7,61,0,0,0,0,0,0,1,2745,0.8338709677419355,206
M20538,M,29.05000000000001,38.55000000000001,1584,36.2,63,0,0,0,0,0,0,1,2835,0.565625,279
M20539,M,29.05000000000001,38.55000000000001,1466,49.0,66,0,0,0,0,0,0,0,2970,0.7313432835820896,187
M20540,M,29.05000000000001,38.450000000000045,1386,50.5,69,0,0,0,0,0,0,0,3105,0.7214285714285714,282
L52861,L,29.05000000000001,38.450000000000045,1383,44.3,72,0,0,0,0,0,0,1,3240,0.6068493150684932,355
H35096,H,29.150000000000034,38.450000000000045,1441,53.9,74,0,0,0,0,0,0,1,3330,0.7186666666666667,231
M20543,M,29.05000000000001,38.450000000000045,1592,37.7,79,0,0,0,0,0,0,0,3555,0.47125000000000006,185
H35098,H,29.05000000000001,38.450000000000045,1594,36.8,82,0,0,0,0,0,0,1,3690,0.4433734939759036,345
L52865,L,29.05000000000001,38.35000000000002,1482,45.6,87,0,0,0,0,0,0,1,3915,0.5181818181818182,237
L52866,L,29.05000000000001,38.450000000000045,1658,31.4,89,0,0,0,0,0,0,1,4005,0.34888888888888886,354
L52867,L,29.150000000000034,38.55000000000001,2170,18.2,91,0,0,0,0,0,0,0,4095,0.19782608695652174,268
M20548,M,29.150000000000034,38.55000000000001,1423,44.6,93,0,0,0,0,0,0,1,4185,0.474468085106383,234
L52869,L,29.25,38.650000000000034,1543,31.1,96,0,0,0,0,0,0,0,4320,0.32061855670103095,334
L52870,L,29.150000000000034,38.650000000000034,1435,44.8,98,0,0,0,0,0,0,0,4410,0.4525252525252525,297
L52871,L,29.25,38.650000000000034,1320,56.4,100,0,0,0,0,0,0,0,4500,0.5584158415841584,282
M20552,M,29.25,38.75,1313,55.7,102,0,0,0,0,0,0,1,4590,0.5407766990291263,173
M20553,M,29.25,38.650000000000034,1453,42.1,105,0,0,0,0,0,0,0,4725,0.39716981132075474,179
L52874,L,29.25,38.650000000000034,1508,45.7,108,0,0,0,0,0,0,1,4860,0.4192660550458716,177
L52875,L,29.25,38.650000000000034,1451,42.0,110,0,0,0,0,0,0,0,4950,0.3783783783783784,330
H35110,H,29.350000000000023,38.75,1595,34.6,112,0,0,0,0,0,0,1,5040,0.30619469026548674,328
L52877,L,29.350000000000023,38.75,1354,49.4,117,0,0,0,0,0,0,1,5265,0.4186440677966102,258
L52878,L,29.350000000000023,38.75,1265,59.8,119,0,0,0,0,0,0,1,5355,0.4983333333333333,284
L52879,L,29.25,38.75,1867,25.9,121,0,0,0,0,0,0,0,5445,0.2122950819672131,319
L52880,L,29.350000000000023,38.75,1497,41.6,123,0,0,0,0,0,0,1,5535,0.33548387096774196,184
M20561,M,29.350000000000023,38.75,1347,54.3,125,0,0,0,0,0,0,1,5625,0.4309523809523809,268
L52882,L,29.150000000000034,38.55000000000001,1544,43.2,128,0,0,0,0,0,0,0,5760,0.33488372093023255,183
H35117,H,29.150000000000034,38.55000000000001,1456,45.4,130,0,0,0,0,0,0,0,5850,0.3465648854961832,252
L52884,L,29.350000000000023,38.650000000000034,1335,52.7,135,0,0,0,0,0,0,1,6075,0.3875,350
L52885,L,29.25,38.75,1452,43.1,137,0,0,0,0,0,0,0,6165,0.31231884057971016,266
L52886,L,29.25,38.75,1290,70.0,139,1,0,0,1,0,0,2,6255,0.5,26
L52887,L,29.25,38.650000000000034,1448,43.4,141,0,0,0,0,0,0,0,6345,0.3056338028169014,203
L52888,L,29.150000000000034,38.55000000000001,1611,38.6,143,0,0,0,0,0,0,1,6435,0.26805555555555555,178
L52889,L,29.05000000000001,38.55000000000001,1556,38.6,145,0,0,0,0,0,0,0,6525,0.26438356164383564,287
H35124,H,29.05000000000001,38.55000000000001,1413,46.5,147,0,0,0,0,0,0,1,6615,0.3141891891891892,176
L52891,L,29.05000000000001,38.450000000000045,1545,35.9,152,0,0,0,0,0,0,0,6840,0.234640522875817,360
L52892,L,29.05000000000001,38.55000000000001,1330,54.6,154,0,0,0,0,0,0,0,6930,0.35225806451612907,162
L52893,L,29.05000000000001,38.75,1596,38.0,156,0,0,0,0,0,0,1,7020,0.24203821656050956,191
L52894,L,29.05000000000001,38.650000000000034,1618,36.0,158,0,0,0,0,0,0,0,7110,0.22641509433962265,314
H35129,H,29.05000000000001,38.75,1597,35.8,160,0,0,0,0,0,0,0,7200,0.22236024844720495,338
L52896,L,29.150000000000034,38.85000000000002,1354,52.2,165,0,0,0,0,0,0,0,7425,0.3144578313253012,356
L52897,L,29.150000000000034,38.85000000000002,1746,28.1,167,0,0,0,0,0,0,0,7515,0.16726190476190478,170
L52898,L,29.25,38.85000000000002,1621,32.5,169,0,0,0,0,0,0,1,7605,0.19117647058823528,280
L52899,L,29.150000000000034,38.85000000000002,1398,43.3,171,0,0,0,0,0,0,1,7695,0.2517441860465116,285
L52900,L,29.150000000000034,38.75,1434,51.9,173,0,0,0,0,0,0,1,7785,0.2982758620689655,219
M20581,M,29.150000000000034,38.650000000000034,1443,43.4,175,0,0,0,0,0,0,1,7875,0.24659090909090908,360
L52902,L,29.05000000000001,38.55000000000001,1488,44.6,178,0,0,0,0,0,0,1,8010,0.24916201117318437,294
M20583,M,29.150000000000034,38.650000000000034,1475,48.0,180,0,0,0,0,0,0,1,8100,0.26519337016574585,159
L52904,L,29.150000000000034,38.650000000000034,1433,50.3,183,0,0,0,0,0,0,1,8235,0.2733695652173913,290
M20585,M,29.150000000000034,38.650000000000034,1557,34.1,185,0,0,0,0,0,0,0,8325,0.18333333333333335,255
M20586,M,29.25,38.75,1398,50.1,188,0,0,0,0,0,0,1,8460,0.2650793650793651,161
M20587,M,29.150000000000034,38.650000000000034,1559,34.4,191,0,0,0,0,0,0,1,8595,0.17916666666666667,343
M20588,M,29.25,38.75,1422,46.4,194,0,0,0,0,0,0,1,8730,0.23794871794871794,351
M20589,M,29.150000000000034,38.650000000000034,1463,35.7,197,0,0,0,0,0,0,0,8865,0.18030303030303033,277
L52910,L,29.150000000000034,38.55000000000001,1793,25.3,200,0,0,0,0,0,0,1,9000,0.12587064676616916,362
L52911,L,29.05000000000001,38.450000000000045,1872,20.4,202,0,0,0,0,0,0,1,9090,0.10049261083743842,300
L52912,L,29.05000000000001,38.55000000000001,1412,44.5,204,0,0,0,0,0,0,1,9180,0.21707317073170732,342
L52913,L,29.150000000000034,38.650000000000034,1487,43.2,206,0,0,0,0,0,0,0,9270,0.20869565217391306,277
L52914,L,29.150000000000034,38.650000000000034,1369,56.2,208,1,0,0,0,1,0,6,9360,0.26889952153110047,25
L52915,L,29.25,38.650000000000034,1673,30.1,210,0,0,0,0,0,0,0,9450,0.14265402843601896,210
M20596,M,29.25,38.75,1439,36.6,212,0,0,0,0,0,0,0,9540,0.17183098591549295,175
L52917,L,29.150000000000034,38.650000000000034,1574,42.8,215,0,0,0,0,0,0,0,9675,0.19814814814814813,164
L52918,L,29.150000000000034,38.55000000000001,1281,48.8,0,0,0,0,0,0,0,0,0,48.8,171
M20599,M,29.05000000000001,38.55000000000001,1653,31.4,2,0,0,0,0,0,0,1,90,10.466666666666667,238
M20600,M,29.150000000000034,38.55000000000001,1535,38.3,5,0,0,0,0,0,0,0,225,6.383333333333333,214
M20601,M,29.150000000000034,38.55000000000001,1483,40.5,8,0,0,0,0,0,0,0,360,4.5,303
L52922,L,29.150000000000034,38.55000000000001,1414,47.0,11,0,0,0,0,0,0,1,495,3.9166666666666665,170
M20603,M,29.05000000000001,38.450000000000045,1379,42.9,13,0,0,0,0,0,0,0,585,3.064285714285714,301
H35158,H,29.05000000000001,38.35000000000002,1482,42.6,16,0,0,0,0,0,0,0,720,2.5058823529411764,165
L52925,L,28.950000000000045,38.35000000000002,1987,20.1,21,0,0,0,0,0,0,0,945,0.9136363636363637,309
M20606,M,28.950000000000045,38.35000000000002,1635,31.6,23,0,0,0,0,0,0,0,1035,1.3166666666666667,165
L52927,L,28.950000000000045,38.35000000000002,1533,39.4,26,0,0,0,0,0,0,0,1170,1.4592592592592593,354
M20608,M,29.05000000000001,38.55000000000001,1576,34.0,28,0,0,0,0,0,0,0,1260,1.1724137931034482,191
H35163,H,29.05000000000001,38.650000000000034,1330,62.4,31,0,0,0,0,0,0,1,1395,1.95,309
L52930,L,29.05000000000001,38.650000000000034,1981,21.8,36,0,0,0,0,0,0,1,1620,0.5891891891891892,327
H35165,H,29.150000000000034,38.650000000000034,1475,42.8,38,0,0,0,0,0,0,1,1710,1.0974358974358973,190
H35166,H,29.150000000000034,38.650000000000034,1804,25.0,43,0,0,0,0,0,0,1,1935,0.5681818181818182,257
L52933,L,29.05000000000001,38.450000000000045,1416,54.1,48,0,0,0,0,0,0,0,2160,1.1040816326530614,274
L52934,L,28.950000000000045,38.35000000000002,1727,27.7,50,0,0,0,0,0,0,0,2250,0.5431372549019607,301
L52935,L,28.950000000000045,38.25,1391,49.2,52,0,0,0,0,0,0,0,2340,0.9283018867924528,162
M20616,M,28.850000000000023,38.35000000000002,1366,52.3,54,0,0,0,0,0,0,1,2430,0.9509090909090908,352
L52937,L,28.75,38.150000000000034,1366,55.6,57,0,0,0,0,0,0,1,2565,0.9586206896551724,228
L52938,L,28.75,38.150000000000034,1501,40.8,59,0,0,0,0,0,0,0,2655,0.6799999999999999,287
L52939,L,28.650000000000034,38.150000000000034,1551,35.8,61,0,0,0,0,0,0,0,2745,0.5774193548387097,191
M20620,M,28.75,38.150000000000034,1522,35.6,63,0,0,0,0,0,0,1,2835,0.55625,318
L52941,L,28.75,38.05000000000001,1369,49.8,66,0,0,0,0,0,0,1,2970,0.7432835820895521,270
L52942,L,28.650000000000034,38.05000000000001,1334,52.3,68,0,0,0,0,0,0,1,3060,0.7579710144927536,280
H35177,H,28.650000000000034,38.05000000000001,1451,39.4,70,0,0,0,0,0,0,1,3150,0.5549295774647887,332
L52944,L,28.55000000000001,38.05000000000001,1589,37.9,75,0,0,0,0,0,0,0,3375,0.4986842105263158,165
L52945,L,28.55000000000001,38.150000000000034,1708,30.5,77,0,0,0,0,0,0,1,3465,0.391025641025641,193
M20626,M,28.55000000000001,38.05000000000001,1413,42.6,79,0,0,0,0,0,0,1,3555,0.5325,358
M20627,M,28.450000000000045,38.05000000000001,1415,46.5,82,0,0,0,0,0,0,0,3690,0.5602409638554217,307
L52948,L,28.55000000000001,38.150000000000034,1421,45.9,85,0,0,0,0,0,0,0,3825,0.5337209302325582,270
L52949,L,28.55000000000001,38.150000000000034,1348,51.0,87,0,0,0,0,0,0,0,3915,0.5795454545454546,314
L52950,L,28.450000000000045,38.05000000000001,1408,42.9,89,0,0,0,0,0,0,1,4005,0.4766666666666666,337
L52951,L,28.450000000000045,38.05000000000001,1525,43.7,91,0,0,0,0,0,0,1,4095,0.47500000000000003,354
L52952,L,28.450000000000045,38.150000000000034,1706,29.9,93,0,0,0,0,0,0,1,4185,0.3180851063829787,173
H35187,H,28.450000000000045,38.05000000000001,1395,46.8,95,0,0,0,0,0,0,1,4275,0.4875,175
L52954,L,28.350000000000023,37.950000000000045,1602,34.3,100,0,0,0,0,0,0,0,4500,0.3396039603960396,207
L52955,L,28.450000000000045,37.950000000000045,1907,21.5,102,0,0,0,0,0,0,0,4590,0.2087378640776699,158
L52956,L,28.450000000000045,37.950000000000045,1325,49.2,104,0,0,0,0,0,0,1,4680,0.4685714285714286,275
L52957,L,28.450000000000045,37.950000000000045,1408,44.4,106,0,0,0,0,0,0,1,4770,0.41495327102803736,338
M20638,M,28.55000000000001,37.950000000000045,1489,41.4,108,0,0,0,0,0,0,1,4860,0.37981651376146786,168
L52959,L,28.450000000000045,37.950000000000045,1680,29.2,111,0,0,0,0,0,0,0,4995,0.26071428571428573,177
L52960,L,28.55000000000001,38.05000000000001,1517,42.4,113,0,0,0,0,0,0,1,5085,0.3719298245614035,284
M20641,M,28.55000000000001,37.950000000000045,1618,36.7,115,0,0,0,0,0,0,0,5175,0.31637931034482764,194
L52962,L,28.55000000000001,37.950000000000045,1455,39.8,118,0,0,0,0,0,0,1,5310,0.334453781512605,363
H35197,H,28.650000000000034,37.950000000000045,1543,36.4,120,0,0,0,0,0,0,0,5400,0.3008264462809917,277
M20644,M,28.650000000000034,37.950000000000045,1399,41.8,125,0,0,0,0,0,0,0,5625,0.33174603174603173,243
L52965,L,28.55000000000001,37.950000000000045,1469,37.2,128,0,0,0,0,0,0,1,5760,0.28837209302325584,340
L52966,L,28.55000000000001,38.05000000000001,1521,36.7,130,0,0,0,0,0,0,0,5850,0.2801526717557252,314
L52967,L,28.55000000000001,38.150000000000034,1584,38.8,132,0,0,0,0,0,0,0,5940,0.29172932330827067,165
L52968,L,28.650000000000034,38.35000000000002,1443,43.3,134,0,0,0,0,0,0,1,6030,0.3207407407407407,154
M20649,M,28.650000000000034,38.35000000000002,1416,49.0,136,0,0,0,0,0,0,0,6120,0.35766423357664234,306
M20650,M,28.55000000000001,38.05000000000001,1563,34.5,139,0,0,0,0,0,0,1,6255,0.24642857142857144,201
M20651,M,28.650000000000034,38.150000000000034,1542,40.1,142,0,0,0,0,0,0,0,6390,0.2804195804195804,300
M20652,M,28.650000000000034,38.150000000000034,1624,31.6,145,0,0,0,0,0,0,0,6525,0.21643835616438356,155
L52973,L,28.650000000000034,38.150000000000034,1471,44.2,148,0,0,0,0,0,0,0,6660,0.2966442953020134,313
M20654,M,28.75,38.35000000000002,1492,40.8,150,0,0,0,0,0,0,0,6750,0.27019867549668874,334
M20655,M,28.75,38.25,1465,39.9,153,0,0,0,0,0,0,1,6885,0.2590909090909091,310
L52976,L,28.55000000000001,37.950000000000045,1399,55.1,156,0,0,0,0,0,0,1,7020,0.3509554140127389,198
L52977,L,28.450000000000045,37.85000000000002,1431,42.6,158,0,0,0,0,0,0,1,7110,0.2679245283018868,318
L52978,L,28.350000000000023,37.75,1600,39.0,160,0,0,0,0,0,0,0,7200,0.2422360248447205,229
L52979,L,28.350000000000023,37.650000000000034,1593,34.5,162,0,0,0,0,0,0,0,7290,0.2116564417177914,332
L52980,L,28.350000000000023,37.75,1469,44.7,164,0,0,0,0,0,0,1,7380,0.27090909090909093,247
L52981,L,28.350000000000023,37.650000000000034,1413,44.6,166,0,0,0,0,0,0,1,7470,0.26706586826347306,256
L52982,L,28.25,37.650000000000034,1490,38.0,168,0,0,0,0,0,0,1,7560,0.22485207100591717,303
L52983,L,28.350000000000023,37.75,1671,31.1,170,0,0,0,0,0,0,1,7650,0.18187134502923977,186
L52984,L,28.350000000000023,37.75,1365,46.5,172,0,0,0,0,0,0,0,7740,0.26878612716763006,354
M20665,M,28.25,37.75,1557,39.3,174,0,0,0,0,0,0,1,7830,0.22457142857142856,265
L52986,L,28.25,37.75,1440,45.4,177,0,0,0,0,0,0,0,7965,0.2550561797752809,166
M20667,M,28.25,37.75,1489,38.9,179,0,0,0,0,0,0,1,8055,0.21611111111111111,181
L52988,L,28.25,37.85000000000002,1733,25.7,182,0,0,0,0,0,0,0,8190,0.14043715846994534,305
H35223,H,28.150000000000034,37.85000000000002,1580,36.6,184,0,0,0,0,0,0,1,8280,0.19783783783783784,174
L52990,L,28.150000000000034,37.85000000000002,1856,21.9,189,0,0,0,0,0,0,1,8505,0.11526315789473683,324
L52991,L,28.150000000000034,37.950000000000045,1454,40.3,191,0,0,0,0,0,0,0,8595,0.2098958333333333,171
L52992,L,28.25,37.950000000000045,1495,36.3,193,0,0,0,0,0,0,0,8685,0.18711340206185564,210
L52993,L,28.05000000000001,37.85000000000002,1761,29.1,195,0,0,0,0,0,0,1,8775,0.14846938775510204,275
M20674,M,28.150000000000034,37.85000000000002,1402,47.5,197,0,0,0,0,0,0,0,8865,0.2398989898989899,193
L52995,L,28.05000000000001,37.85000000000002,1670,33.0,200,0,0,0,0,0,0,1,9000,0.16417910447761194,251
L52996,L,28.150000000000034,37.85000000000002,1582,35.6,202,0,0,0,0,0,0,0,9090,0.17536945812807883,169
L52997,L,28.150000000000034,37.85000000000002,1542,35.1,204,0,0,0,0,0,0,1,9180,0.17121951219512196,258
L52998,L,28.150000000000034,37.85000000000002,1539,36.9,206,0,0,0,0,0,0,1,9270,0.1782608695652174,327
L52999,L,28.150000000000034,37.85000000000002,1418,41.9,208,0,0,0,0,0,0,1,9360,0.20047846889952153,237
L53000,L,28.150000000000034,37.950000000000045,1723,27.6,210,0,0,0,0,0,0,1,9450,0.1308056872037915,324
L53001,L,28.150000000000034,37.950000000000045,1303,49.2,212,0,0,0,0,0,0,1,9540,0.23098591549295777,196
M20682,M,28.150000000000034,37.85000000000002,1463,50.2,214,0,0,0,0,0,0,1,9630,0.23348837209302326,349
L53003,L,28.05000000000001,37.85000000000002,1544,39.3,217,0,0,0,0,0,0,1,9765,0.18027522935779816,200
L53004,L,28.05000000000001,37.85000000000002,1596,37.2,219,0,0,0,0,0,0,1,9855,0.1690909090909091,332
L53005,L,28.150000000000034,37.950000000000045,1413,42.0,221,0,0,0,0,0,0,0,9945,0.1891891891891892,355
M20686,M,28.150000000000034,37.950000000000045,1492,41.2,223,0,0,0,0,0,0,0,10035,0.18392857142857144,188
L53007,L,28.150000000000034,37.950000000000045,1624,40.9,0,0,0,0,0,0,0,0,0,40.9,163
L53008,L,28.150000000000034,37.950000000000045,1504,39.1,2,0,0,0,0,0,0,1,90,13.033333333333333,346
M20689,M,28.05000000000001,37.950000000000045,1574,34.3,4,0,0,0,0,0,0,1,180,6.859999999999999,324
M20690,M,28.150000000000034,38.05000000000001,1438,42.4,7,0,0,0,0,0,0,1,315,5.3,170
L53011,L,28.150000000000034,38.150000000000034,1474,50.7,10,0,0,0,0,0,0,0,450,4.609090909090909,292
L53012,L,28.150000000000034,38.05000000000001,1675,32.1,12,0,0,0,0,0,0,0,540,2.4692307692307693,249
L53013,L,28.150000000000034,38.05000000000001,1457,44.5,14,0,0,0,0,0,0,0,630,2.966666666666667,246
L53014,L,28.150000000000034,38.150000000000034,1434,49.8,16,0,0,0,0,0,0,0,720,2.929411764705882,358
L53015,L,28.150000000000034,38.05000000000001,1668,30.1,18,0,0,0,0,0,0,0,810,1.5842105263157895,361
L53016,L,28.05000000000001,37.950000000000045,1550,39.7,20,0,0,0,0,0,0,1,900,1.8904761904761906,150
M20697,M,28.150000000000034,37.950000000000045,1834,25.4,22,0,0,0,0,0,0,0,990,1.1043478260869564,357
M20698,M,28.25,38.05000000000001,1476,36.5,25,0,0,0,0,0,0,1,1125,1.4038461538461537,258
M20699,M,28.25,38.05000000000001,1541,36.3,28,0,0,0,0,0,0,1,1260,1.2517241379310344,231
M20700,M,28.150000000000034,37.950000000000045,1581,30.9,31,0,0,0,0,0,0,1,1395,0.965625,287
M20701,M,28.150000000000034,37.950000000000045,1678,30.7,34,0,0,0,0,0,0,0,1530,0.8771428571428571,300
L53022,L,28.25,38.05000000000001,1355,50.6,37,0,0,0,0,0,0,0,1665,1.3315789473684212,167
L53023,L,28.350000000000023,38.05000000000001,1700,28.8,39,0,0,0,0,0,0,1,1755,0.72,207
L53024,L,28.25,37.950000000000045,1462,37.1,41,0,0,0,0,0,0,0,1845,0.8833333333333334,275
M20705,M,28.25,38.05000000000001,1727,26.5,43,0,0,0,0,0,0,0,1935,0.6022727272727273,222
L53026,L,28.25,38.150000000000034,1674,33.3,46,0,0,0,0,0,0,1,2070,0.7085106382978723,259
L53027,L,28.25,38.150000000000034,1397,42.3,48,0,0,0,0,0,0,1,2160,0.8632653061224489,354
L53028,L,28.25,38.150000000000034,2323,15.9,50,0,0,0,0,0,0,1,2250,0.31176470588235294,201
M20709,M,28.25,38.05000000000001,1434,47.6,52,0,0,0,0,0,0,1,2340,0.8981132075471698,195
L53030,L,28.150000000000034,37.950000000000045,1560,35.3,55,0,0,0,0,0,0,1,2475,0.6303571428571428,256
L53031,L,28.05000000000001,37.85000000000002,1573,32.8,57,0,0,0,0,0,0,0,2565,0.5655172413793103,162
H35266,H,28.05000000000001,37.75,1798,22.3,59,0,0,0,0,0,0,1,2655,0.3716666666666667,245
L53033,L,28.05000000000001,37.85000000000002,1567,35.1,64,0,0,0,0,0,0,0,2880,0.54,166
L53034,L,28.05000000000001,37.75,1416,53.3,66,0,0,0,0,0,0,0,2970,0.7955223880597014,216
M20715,M,28.05000000000001,37.75,1424,45.2,68,0,0,0,0,0,0,1,3060,0.655072463768116,210
H35270,H,28.05000000000001,37.75,1598,35.9,71,0,0,0,0,0,0,1,3195,0.4986111111111111,214
L53037,L,28.150000000000034,37.75,1760,23.9,76,0,0,0,0,0,0,0,3420,0.3103896103896104,330
L53038,L,28.150000000000034,37.85000000000002,1348,44.5,78,0,0,0,0,0,0,1,3510,0.5632911392405063,282
L53039,L,28.150000000000034,37.85000000000002,1542,33.6,80,0,0,0,0,0,0,0,3600,0.41481481481481486,309
L53040,L,28.150000000000034,37.75,1566,33.1,82,0,0,0,0,0,0,1,3690,0.3987951807228916,238
L53041,L,28.150000000000034,37.85000000000002,1554,47.7,84,0,0,0,0,0,0,1,3780,0.5611764705882353,322
L53042,L,28.25,37.85000000000002,1470,40.6,86,0,0,0,0,0,0,0,3870,0.4666666666666667,205
M20723,M,28.25,37.950000000000045,1758,25.4,88,0,0,0,0,0,0,0,3960,0.2853932584269663,154
M20724,M,28.25,37.85000000000002,1486,36.5,91,0,0,0,0,0,0,1,4095,0.3967391304347826,250
M20725,M,28.350000000000023,37.950000000000045,1402,40.0,94,0,0,0,0,0,0,1,4230,0.42105263157894735,236
L53046,L,28.350000000000023,37.950000000000045,1459,45.1,97,0,0,0,0,0,0,1,4365,0.4602040816326531,353
L53047,L,28.350000000000023,37.85000000000002,1494,45.3,99,0,0,0,0,0,0,0,4455,0.45299999999999996,311
L53048,L,28.350000000000023,37.950000000000045,1731,27.9,101,0,0,0,0,0,0,1,4545,0.27352941176470585,210
L53049,L,28.350000000000023,37.950000000000045,2076,18.7,103,0,0,0,0,0,0,1,4635,0.1798076923076923,364
L53050,L,28.350000000000023,37.950000000000045,2055,16.8,105,0,0,0,0,0,0,1,4725,0.15849056603773587,357
L53051,L,28.350000000000023,37.950000000000045,1469,49.5,107,0,0,0,0,0,0,1,4815,0.4583333333333333,339
M20732,M,28.350000000000023,37.85000000000002,1504,42.6,109,0,0,0,0,0,0,0,4905,0.38727272727272727,218
M20733,M,28.350000000000023,37.950000000000045,1396,43.5,112,0,0,0,0,0,0,0,5040,0.38495575221238937,212
M20734,M,28.350000000000023,37.950000000000045,1660,33.8,115,0,0,0,0,0,0,0,5175,0.29137931034482756,193
M20735,M,28.350000000000023,37.85000000000002,1577,39.7,118,0,0,0,0,0,0,1,5310,0.3336134453781513,177
L53056,L,28.350000000000023,37.950000000000045,1426,52.1,121,0,0,0,0,0,0,1,5445,0.42704918032786887,347
L53057,L,28.350000000000023,37.950000000000045,1458,41.4,123,0,0,0,0,0,0,1,5535,0.3338709677419355,162
L53058,L,28.25,37.85000000000002,1533,45.8,125,0,0,0,0,0,0,0,5625,0.3634920634920635,320
L53059,L,28.25,37.85000000000002,1701,28.4,127,0,0,0,0,0,0,0,5715,0.221875,179
L53060,L,28.350000000000023,37.950000000000045,1434,49.6,129,0,0,0,0,0,0,0,5805,0.38153846153846155,303
L53061,L,28.25,37.950000000000045,1952,22.7,131,0,0,0,0,0,0,0,5895,0.17196969696969697,358
L53062,L,28.25,37.950000000000045,1469,36.9,133,0,0,0,0,0,0,1,5985,0.2753731343283582,212
L53063,L,28.25,37.950000000000045,1800,26.0,135,0,0,0,0,0,0,0,6075,0.19117647058823528,222
M20744,M,28.150000000000034,37.950000000000045,1438,43.0,137,0,0,0,0,0,0,0,6165,0.3115942028985507,206
L53065,L,28.150000000000034,37.950000000000045,1647,28.2,140,0,0,0,0,0,0,1,6300,0.19999999999999998,213
L53066,L,28.25,37.950000000000045,1494,41.9,142,0,0,0,0,0,0,0,6390,0.293006993006993,357
H35301,H,28.25,37.950000000000045,1445,41.4,144,0,0,0,0,0,0,1,6480,0.28551724137931034,326
M20748,M,28.350000000000023,37.950000000000045,1507,38.6,149,0,0,0,0,0,0,1,6705,0.25733333333333336,201
M20749,M,28.25,37.85000000000002,1234,55.8,152,0,0,0,0,0,0,1,6840,0.36470588235294116,212
L53070,L,28.25,37.85000000000002,1634,32.6,155,0,0,0,0,0,0,1,6975,0.20897435897435898,359
L53071,L,28.25,37.85000000000002,1334,53.3,157,0,0,0,0,0,0,1,7065,0.3373417721518987,290
L53072,L,28.25,37.950000000000045,1472,44.5,159,0,0,0,0,0,0,0,7155,0.278125,242
M20753,M,28.150000000000034,37.85000000000002,1410,52.7,161,0,0,0,0,0,0,0,7245,0.3253086419753087,256
L53074,L,28.05000000000001,37.75,1597,37.9,164,0,0,0,0,0,0,1,7380,0.22969696969696968,258
M20755,M,28.05000000000001,37.75,1460,46.7,166,0,0,0,0,0,0,0,7470,0.27964071856287426,237
L53076,L,27.950000000000045,37.650000000000034,1274,55.7,169,0,0,0,0,0,0,1,7605,0.3276470588235294,194
M20757,M,27.850000000000023,37.55000000000001,1517,40.2,171,0,0,0,0,0,0,0,7695,0.23372093023255816,257
L53078,L,27.850000000000023,37.55000000000001,1300,57.2,174,0,0,0,0,0,0,0,7830,0.32685714285714285,195
H35313,H,27.75,37.450000000000045,1686,27.7,176,0,0,0,0,0,0,0,7920,0.15649717514124292,226
M20760,M,27.75,37.55000000000001,1485,41.0,181,0,0,0,0,0,0,0,8145,0.22527472527472528,318
L53081,L,27.850000000000023,37.55000000000001,1464,45.8,184,0,0,0,0,0,0,0,8280,0.24756756756756756,195
L53082,L,27.75,37.450000000000045,1598,35.4,186,0,0,0,0,0,0,0,8370,0.1893048128342246,278
L53083,L,27.75,37.35000000000002,1894,21.9,188,0,0,0,0,0,0,0,8460,0.11587301587301586,350
M20764,M,27.650000000000034,37.35000000000002,1330,59.0,190,0,0,0,0,0,0,1,8550,0.3089005235602094,345
H35319,H,27.650000000000034,37.35000000000002,1582,31.1,193,0,0,0,0,0,0,1,8685,0.16030927835051548,241
L53086,L,27.55000000000001,37.150000000000034,1533,35.6,198,0,0,0,0,0,0,1,8910,0.17889447236180905,161
H35321,H,27.650000000000034,37.25,1419,46.4,200,0,0,0,0,0,0,0,9000,0.2308457711442786,237
M20768,M,27.650000000000034,37.150000000000034,1526,36.3,205,0,0,0,0,0,0,0,9225,0.1762135922330097,222
H35323,H,27.55000000000001,37.05000000000001,1364,65.3,208,1,1,0,1,1,0,2,9360,0.3124401913875598,8
M20770,M,27.650000000000034,37.150000000000034,1458,43.4,0,0,0,0,0,0,0,1,0,43.4,251
M20771,M,27.650000000000034,37.25,1288,64.0,3,0,0,0,0,0,0,0,135,16.0,248
M20772,M,27.55000000000001,37.150000000000034,1659,29.8,6,0,0,0,0,0,0,1,270,4.257142857142857,310
H35327,H,27.55000000000001,37.05000000000001,1479,52.3,9,0,0,0,0,0,0,1,405,5.2299999999999995,207
L53094,L,27.55000000000001,37.150000000000034,1592,36.0,14,0,0,0,0,0,0,1,630,2.4,277
M20775,M,27.450000000000045,37.05000000000001,1532,38.7,16,0,0,0,0,0,0,1,720,2.2764705882352945,266
L53096,L,27.450000000000045,37.05000000000001,1555,41.9,19,0,0,0,0,0,0,0,855,2.0949999999999998,184
L53097,L,27.450000000000045,37.05000000000001,1341,52.6,21,0,0,0,0,0,0,1,945,2.390909090909091,323
L53098,L,27.450000000000045,36.950000000000045,1541,42.0,23,0,0,0,0,0,0,1,1035,1.75,233
L53099,L,27.450000000000045,37.150000000000034,1414,50.6,25,0,0,0,0,0,0,1,1125,1.9461538461538461,215
L53100,L,27.350000000000023,37.05000000000001,1764,25.9,27,0,0,0,0,0,0,1,1215,0.9249999999999999,321
L53101,L,27.350000000000023,37.150000000000034,1336,57.1,29,0,0,0,0,0,0,0,1305,1.9033333333333333,175
L53102,L,27.350000000000023,37.150000000000034,1435,43.3,31,0,0,0,0,0,0,1,1395,1.353125,191
M20783,M,27.25,37.150000000000034,1537,35.0,33,0,0,0,0,0,0,1,1485,1.0294117647058822,226
L53104,L,27.150000000000034,37.05000000000001,1369,48.8,36,0,0,0,0,0,0,1,1620,1.3189189189189188,179
M20785,M,27.05000000000001,36.950000000000045,1619,31.3,38,0,0,0,0,0,0,1,1710,0.8025641025641026,265
L53106,L,27.05000000000001,36.950000000000045,1440,51.1,41,0,0,0,0,0,0,1,1845,1.2166666666666668,309
L53107,L,27.05000000000001,36.950000000000045,1649,30.5,43,0,0,0,0,0,0,0,1935,0.6931818181818182,185
M20788,M,27.05000000000001,36.950000000000045,1550,38.7,45,0,0,0,0,0,0,1,2025,0.841304347826087,168
L53109,L,27.150000000000034,37.05000000000001,1471,45.2,48,0,0,0,0,0,0,1,2160,0.9224489795918368,171
L53110,L,27.150000000000034,37.150000000000034,1483,51.6,50,0,0,0,0,0,0,0,2250,1.011764705882353,214
L53111,L,27.150000000000034,37.25,1336,54.4,52,0,0,0,0,0,0,1,2340,1.0264150943396226,206
L53112,L,27.350000000000023,37.35000000000002,1515,36.6,54,0,0,0,0,0,0,0,2430,0.6654545454545455,160
L53113,L,27.350000000000023,37.35000000000002,1373,47.4,56,0,0,0,0,0,0,1,2520,0.831578947368421,175
H35348,H,27.450000000000045,37.35000000000002,1454,51.2,58,0,0,0,0,0,0,0,2610,0.8677966101694916,325
L53115,L,27.350000000000023,37.35000000000002,1646,34.5,63,0,0,0,0,0,0,0,2835,0.5390625,168
M20796,M,27.350000000000023,37.25,1548,37.3,65,0,0,0,0,0,0,1,2925,0.5651515151515151,232
M20797,M,27.450000000000045,37.35000000000002,1462,41.3,68,0,0,0,0,0,0,0,3060,0.5985507246376811,289
L53118,L,27.350000000000023,37.25,1702,33.1,71,0,0,0,0,0,0,1,3195,0.45972222222222225,216
L53119,L,27.350000000000023,37.35000000000002,1409,60.9,73,0,0,0,0,0,0,0,3285,0.822972972972973,205
M20800,M,27.450000000000045,37.450000000000045,1427,52.8,75,0,0,0,0,0,0,0,3375,0.6947368421052631,167
L53121,L,27.450000000000045,37.55000000000001,1438,48.5,78,1,0,0,0,0,0,2,3510,0.6139240506329114,17
L53122,L,27.55000000000001,37.55000000000001,1450,43.4,80,0,0,0,0,0,0,0,3600,0.5358024691358024,154
L53123,L,27.55000000000001,37.55000000000001,1541,41.3,82,0,0,0,0,0,0,1,3690,0.4975903614457831,261
M20804,M,27.55000000000001,37.450000000000045,1484,38.0,84,0,0,0,0,0,0,0,3780,0.4470588235294118,301
M20805,M,27.650000000000034,37.650000000000034,1415,44.5,87,0,0,0,0,0,0,0,3915,0.5056818181818182,355
L53126,L,27.55000000000001,37.650000000000034,1496,46.4,90,0,0,0,0,0,0,1,4050,0.5098901098901099,264
M20807,M,27.55000000000001,37.650000000000034,1465,45.2,92,0,0,0,0,0,0,1,4140,0.48602150537634414,315
L53128,L,27.55000000000001,37.650000000000034,2113,18.5,95,0,0,0,0,0,0,0,4275,0.19270833333333334,216
M20809,M,27.55000000000001,37.650000000000034,1506,44.0,97,0,0,0,0,0,0,1,4365,0.4489795918367347,219
L53130,L,27.55000000000001,37.650000000000034,1689,28.9,100,0,0,0,0,0,0,1,4500,0.2861386138613861,353
L53131,L,27.55000000000001,37.75,1650,29.4,102,0,0,0,0,0,0,0,4590,0.2854368932038835,201
L53132,L,27.55000000000001,37.650000000000034,1563,33.8,104,0,0,0,0,0,0,0,4680,0.32190476190476186,352
M20813,M,27.55000000000001,37.75,1486,38.9,106,0,0,0,0,0,0,1,4770,0.36355140186915885,276
L53134,L,27.650000000000034,37.75,1732,25.7,109,0,0,0,0,0,0,0,4905,0.23363636363636364,316
L53135,L,27.55000000000001,37.650000000000034,1653,31.6,111,0,0,0,0,0,0,1,4995,0.28214285714285714,336
L53136,L,27.55000000000001,37.75,1535,37.1,113,0,0,0,0,0,0,1,5085,0.3254385964912281,303
L53137,L,27.55000000000001,37.75,1637,37.2,115,0,0,0,0,0,0,1,5175,0.3206896551724138,214
L53138,L,27.450000000000045,37.650000000000034,1533,38.5,117,0,0,0,0,0,0,1,5265,0.326271186440678,229
L53139,L,27.450000000000045,37.650000000000034,1378,51.2,119,0,0,0,0,0,0,1,5355,0.4266666666666667,325
L53140,L,27.350000000000023,37.55000000000001,1606,33.5,121,0,0,0,0,0,0,1,5445,0.27459016393442626,262
L53141,L,27.150000000000034,37.55000000000001,1539,32.3,123,0,0,0,0,0,0,0,5535,0.2604838709677419,260
L53142,L,27.350000000000023,37.650000000000034,1728,26.3,125,0,0,0,0,0,0,1,5625,0.20873015873015874,202
H35377,H,27.25,37.55000000000001,1656,36.3,127,0,0,0,0,0,0,0,5715,0.28359375,286
H35378,H,27.350000000000023,37.650000000000034,1631,30.5,132,0,0,0,0,0,0,1,5940,0.22932330827067668,282
H35379,H,27.350000000000023,37.75,1447,46.5,137,0,0,0,0,0,0,0,6165,0.33695652173913043,265
L53146,L,27.25,37.650000000000034,1396,49.3,142,0,0,0,0,0,0,0,6390,0.3447552447552447,221
L53147,L,27.25,37.650000000000034,1390,52.5,144,0,0,0,0,0,0,0,6480,0.3620689655172414,338
L53148,L,27.25,37.650000000000034,1348,56.0,146,0,0,0,0,0,0,1,6570,0.38095238095238093,170
M20829,M,27.25,37.650000000000034,1491,35.9,148,0,0,0,0,0,0,0,6660,0.24093959731543624,252
L53150,L,27.25,37.650000000000034,1520,37.6,151,0,0,0,0,0,0,0,6795,0.2473684210526316,256
L53151,L,27.350000000000023,37.650000000000034,1509,33.0,153,0,0,0,0,0,0,1,6885,0.21428571428571427,212
L53152,L,27.350000000000023,37.650000000000034,1445,46.6,155,0,0,0,0,0,0,0,6975,0.2987179487179487,297
L53153,L,27.350000000000023,37.650000000000034,1354,51.8,157,0,0,0,0,0,0,0,7065,0.32784810126582276,335
L53154,L,27.350000000000023,37.55000000000001,1488,39.4,159,0,0,0,0,0,0,1,7155,0.24625,322
H35389,H,27.350000000000023,37.55000000000001,1654,28.6,161,0,0,0,0,0,0,0,7245,0.1765432098765432,299
H35390,H,27.350000000000023,37.450000000000045,1378,51.5,166,0,0,0,0,0,0,0,7470,0.3083832335329341,226
L53157,L,27.450000000000045,37.55000000000001,1750,30.6,171,0,0,0,0,0,0,1,7695,0.17790697674418607,224
L53158,L,27.350000000000023,37.450000000000045,1448,46.3,173,0,0,0,0,0,0,0,7785,0.26609195402298846,359
H35393,H,27.450000000000045,37.55000000000001,1501,45.3,175,0,0,0,0,0,0,0,7875,0.25738636363636364,340
M20840,M,27.450000000000045,37.55000000000001,1654,32.0,180,0,0,0,0,0,0,0,8100,0.17679558011049723,307
M20841,M,27.55000000000001,37.55000000000001,1347,46.5,183,0,0,0,0,0,0,0,8235,0.25271739130434784,212
L53162,L,27.55000000000001,37.650000000000034,1486,37.1,186,0,0,0,0,0,0,1,8370,0.1983957219251337,321
H35397,H,27.650000000000034,37.650000000000034,1466,45.2,188,0,0,0,0,0,0,1,8460,0.23915343915343917,216
H35398,H,27.55000000000001,37.650000000000034,1346,52.0,193,0,0,0,0,0,0,1,8685,0.26804123711340205,335
L53165,L,27.55000000000001,37.55000000000001,1314,42.4,198,0,0,0,0,0,0,1,8910,0.21306532663316582,342
L53166,L,27.450000000000045,37.55000000000001,1440,52.5,200,0,0,0,0,0,0,0,9000,0.26119402985074625,185
L53167,L,27.55000000000001,37.650000000000034,1608,39.5,202,0,0,0,0,0,0,1,9090,0.19458128078817735,283
H35402,H,27.55000000000001,37.650000000000034,1296,58.2,204,0,0,0,0,0,0,1,9180,0.2839024390243903,186
L53169,L,27.55000000000001,37.55000000000001,1507,46.1,209,0,0,0,0,0,0,0,9405,0.21952380952380954,242
M20850,M,27.55000000000001,37.55000000000001,1343,51.6,211,0,0,0,0,0,0,0,9495,0.24339622641509434,224
L53171,L,27.55000000000001,37.55000000000001,1416,40.4,214,0,0,0,0,0,0,0,9630,0.18790697674418605,332
L53172,L,27.55000000000001,37.450000000000045,1288,47.2,216,0,0,0,0,0,0,1,9720,0.2175115207373272,354
M20853,M,27.55000000000001,37.450000000000045,1407,42.4,218,0,0,0,0,0,0,0,9810,0.19360730593607306,352
L53174,L,27.450000000000045,37.25,1608,39.2,221,0,0,0,0,0,0,0,9945,0.17657657657657658,336
L53175,L,27.450000000000045,37.150000000000034,1920,22.3,223,0,0,0,0,0,0,0,10035,0.09955357142857144,315
M20856,M,27.350000000000023,37.05000000000001,1386,48.2,225,0,0,0,0,0,0,1,10125,0.21327433628318584,264
M20857,M,27.350000000000023,37.05000000000001,1571,34.6,228,0,0,0,0,0,0,1,10260,0.15109170305676856,302
M20858,M,27.25,37.05000000000001,1613,36.9,231,0,0,0,0,0,0,1,10395,0.15905172413793103,356
M20859,M,27.25,37.05000000000001,1671,30.5,234,1,1,0,0,0,0,4,10530,0.12978723404255318,43
H35414,H,27.25,37.05000000000001,1431,43.2,0,0,0,0,0,0,0,1,0,43.2,310
M20861,M,27.25,37.05000000000001,1380,47.3,5,0,0,0,0,0,0,1,225,7.883333333333333,162
L53182,L,27.350000000000023,37.150000000000034,1683,31.5,8,0,0,0,0,0,0,1,360,3.5,187
L53183,L,27.25,37.05000000000001,1529,36.2,10,0,0,0,0,0,0,0,450,3.290909090909091,335
L53184,L,27.350000000000023,37.25,1761,26.5,12,0,0,0,0,0,0,0,540,2.0384615384615383,297
L53185,L,27.450000000000045,37.35000000000002,1570,38.3,14,0,0,0,0,0,0,0,630,2.5533333333333332,166
M20866,M,27.450000000000045,37.35000000000002,2156,18.0,16,0,0,0,0,0,0,1,720,1.0588235294117647,272
M20867,M,27.55000000000001,37.450000000000045,1349,54.5,19,0,0,0,0,0,0,1,855,2.725,263
L53188,L,27.55000000000001,37.55000000000001,1431,39.3,22,0,0,0,0,0,0,0,990,1.708695652173913,301
L53189,L,27.450000000000045,37.450000000000045,1931,22.0,24,0,0,0,0,0,0,0,1080,0.88,175
H35424,H,27.55000000000001,37.55000000000001,1428,43.4,26,0,0,0,0,0,0,1,1170,1.6074074074074074,317
L53191,L,27.650000000000034,37.650000000000034,1564,36.2,31,0,0,0,0,0,0,1,1395,1.13125,181
H35426,H,27.650000000000034,37.75,1425,44.0,33,0,0,0,0,0,0,1,1485,1.2941176470588236,355
L53193,L,27.55000000000001,37.650000000000034,1597,30.5,38,0,0,0,0,0,0,1,1710,0.782051282051282,314
H35428,H,27.650000000000034,37.650000000000034,1618,32.8,40,0,0,0,0,0,0,1,1800,0.7999999999999999,235
M20875,M,27.650000000000034,37.650000000000034,1520,38.0,45,0,0,0,0,0,0,1,2025,0.8260869565217391,247
L53196,L,27.55000000000001,37.55000000000001,1425,45.3,48,0,0,0,0,0,0,1,2160,0.9244897959183673,240
L53197,L,27.650000000000034,37.75,1398,38.2,50,0,0,0,0,0,0,1,2250,0.7490196078431373,270
M20878,M,27.650000000000034,37.75,1557,31.6,52,0,0,0,0,0,0,0,2340,0.5962264150943396,363
L53199,L,27.55000000000001,37.650000000000034,1519,43.9,55,0,0,0,0,0,0,1,2475,0.7839285714285714,337
L53200,L,27.55000000000001,37.650000000000034,1619,34.9,57,0,0,0,0,0,0,1,2565,0.6017241379310344,206
L53201,L,27.55000000000001,37.650000000000034,1814,21.4,59,0,0,0,0,0,0,1,2655,0.35666666666666663,256
L53202,L,27.55000000000001,37.75,1521,39.4,61,0,0,0,0,0,0,0,2745,0.635483870967742,335
M20883,M,27.55000000000001,37.75,1369,51.2,63,0,0,0,0,0,0,0,2835,0.8,344
L53204,L,27.55000000000001,37.75,1356,65.3,66,1,0,0,1,0,0,3,2970,0.9746268656716417,14
L53205,L,27.55000000000001,37.85000000000002,1336,53.3,68,0,0,0,0,0,0,0,3060,0.772463768115942,335
L53206,L,27.55000000000001,37.85000000000002,1403,48.3,70,0,0,0,0,0,0,0,3150,0.680281690140845,261
M20887,M,27.55000000000001,37.85000000000002,1413,44.3,72,0,0,0,0,0,0,0,3240,0.6068493150684932,234
L53208,L,27.450000000000045,37.75,1472,47.6,75,0,0,0,0,0,0,1,3375,0.6263157894736843,229
M20889,M,27.55000000000001,37.650000000000034,1452,47.9,77,0,0,0,0,0,0,1,3465,0.614102564102564,222
L53210,L,27.450000000000045,37.55000000000001,1397,53.7,80,0,0,0,0,0,0,1,3600,0.662962962962963,226
L53211,L,27.450000000000045,37.55000000000001,1455,40.6,82,0,0,0,0,0,0,1,3690,0.4891566265060241,223
L53212,L,27.55000000000001,37.650000000000034,1754,27.7,84,0,0,0,0,0,0,1,3780,0.32588235294117646,276
L53213,L,27.450000000000045,37.75,1471,37.9,86,0,0,0,0,0,0,1,3870,0.435632183908046,326
M20894,M,27.450000000000045,37.650000000000034,1389,48.1,88,0,0,0,0,0,0,1,3960,0.5404494382022472,270
M20895,M,27.450000000000045,37.75,1702,30.3,91,0,0,0,0,0,0,0,4095,0.3293478260869565,234
M20896,M,27.450000000000045,37.85000000000002,1401,54.6,94,0,0,0,0,0,0,1,4230,0.5747368421052632,326
L53217,L,27.55000000000001,37.950000000000045,1426,46.2,97,0,0,0,0,0,0,1,4365,0.4714285714285715,319
L53218,L,27.55000000000001,37.85000000000002,1496,38.3,99,0,0,0,0,0,0,1,4455,0.38299999999999995,317
L53219,L,27.450000000000045,37.75,1433,42.6,101,0,0,0,0,0,0,1,4545,0.4176470588235294,348
M20900,M,27.55000000000001,37.950000000000045,1438,46.6,103,0,0,0,0,0,0,1,4635,0.4480769230769231,323
M20901,M,27.55000000000001,37.85000000000002,1418,49.3,106,0,0,0,0,0,0,1,4770,0.46074766355140184,299
M20902,M,27.650000000000034,37.85000000000002,1580,36.6,109,0,0,0,0,0,0,1,4905,0.33272727272727276,231
M20903,M,27.55000000000001,37.75,1468,41.8,112,0,0,0,0,0,0,1,5040,0.3699115044247787,170
M20904,M,27.650000000000034,37.75,1522,41.7,115,0,0,0,0,0,0,0,5175,0.3594827586206897,328
L53225,L,27.650000000000034,37.75,1311,55.8,118,0,0,0,0,0,0,0,5310,0.4689075630252101,291
L53226,L,27.75,37.85000000000002,1316,56.5,120,0,0,0,0,0,0,1,5400,0.4669421487603306,223
H35461,H,27.75,37.85000000000002,1853,23.6,122,0,0,0,0,0,0,1,5490,0.19186991869918701,158
M20908,M,27.75,37.85000000000002,1556,38.8,127,0,0,0,0,0,0,0,5715,0.303125,295
M20909,M,27.75,37.85000000000002,1567,34.3,130,0,0,0,0,0,0,1,5850,0.26183206106870227,162
M20910,M,27.75,37.950000000000045,1546,37.7,133,0,0,0,0,0,0,1,5985,0.2813432835820896,166
L53231,L,27.75,37.85000000000002,1382,51.2,136,0,0,0,0,0,0,0,6120,0.3737226277372263,275
L53232,L,27.75,37.85000000000002,2003,20.2,138,0,0,0,0,0,0,1,6210,0.14532374100719425,236
L53233,L,27.650000000000034,37.75,1748,29.9,140,0,0,0,0,0,0,1,6300,0.21205673758865248,302
H35468,H,27.55000000000001,37.650000000000034,1518,40.1,142,0,0,0,0,0,0,1,6390,0.2804195804195804,331
L53235,L,27.55000000000001,37.650000000000034,1475,42.0,147,0,0,0,0,0,0,0,6615,0.28378378378378377,165
L53236,L,27.650000000000034,37.650000000000034,1634,29.2,149,0,0,0,0,0,0,0,6705,0.19466666666666665,173
L53237,L,27.650000000000034,37.650000000000034,1689,32.9,151,0,0,0,0,0,0,1,6795,0.2164473684210526,224
M20918,M,27.75,37.75,1636,35.3,153,0,0,0,0,0,0,0,6885,0.2292207792207792,300
L53239,L,27.75,37.85000000000002,2235,15.8,156,0,0,0,0,0,0,0,7020,0.10063694267515924,318
L53240,L,27.850000000000023,37.950000000000045,1615,35.6,158,0,0,0,0,0,0,0,7110,0.2238993710691824,252
H35475,H,27.950000000000045,37.950000000000045,1618,29.5,160,0,0,0,0,0,0,1,7200,0.18322981366459629,235
M20922,M,27.950000000000045,38.05000000000001,1407,53.0,165,0,0,0,0,0,0,0,7425,0.3192771084337349,310
L53243,L,27.950000000000045,37.950000000000045,1450,43.3,168,0,0,0,0,0,0,0,7560,0.25621301775147926,254
L53244,L,27.950000000000045,37.950000000000045,1889,23.8,170,0,0,0,0,0,0,0,7650,0.1391812865497076,191
L53245,L,27.850000000000023,37.75,1568,38.2,172,0,0,0,0,0,0,1,7740,0.22080924855491332,325
L53246,L,27.850000000000023,37.85000000000002,1804,25.8,174,0,0,0,0,0,0,0,7830,0.14742857142857144,167
L53247,L,27.850000000000023,37.85000000000002,1582,37.5,176,0,0,0,0,0,0,0,7920,0.211864406779661,340
M20928,M,27.850000000000023,37.75,2047,17.9,178,0,0,0,0,0,0,1,8010,0.09999999999999999,227
L53249,L,27.75,37.75,1601,34.0,181,0,0,0,0,0,0,0,8145,0.18681318681318682,241
L53250,L,27.75,37.75,1615,32.0,183,0,0,0,0,0,0,0,8235,0.17391304347826086,160
M20931,M,27.75,37.650000000000034,1452,43.6,185,0,0,0,0,0,0,0,8325,0.23440860215053763,301
M20932,M,27.75,37.650000000000034,1695,30.2,188,0,0,0,0,0,0,1,8460,0.15978835978835979,338
M20933,M,27.75,37.650000000000034,1790,26.2,191,0,0,0,0,0,0,1,8595,0.13645833333333332,341
M20934,M,27.850000000000023,37.650000000000034,1533,39.3,194,0,0,0,0,0,0,0,8730,0.20153846153846153,313
L53255,L,27.850000000000023,37.75,1813,28.5,197,0,0,0,0,0,0,0,8865,0.14393939393939395,275
L53256,L,27.850000000000023,37.75,1492,36.7,199,0,0,0,0,0,0,0,8955,0.18350000000000002,360
L53257,L,27.75,37.55000000000001,1479,43.3,201,0,0,0,0,0,0,0,9045,0.21435643564356435,354
L53258,L,27.650000000000034,37.55000000000001,1339,59.1,203,1,0,0,0,1,0,3,9135,0.2897058823529412,52
M20939,M,27.650000000000034,37.55000000000001,1371,44.7,205,0,0,0,0,0,0,0,9225,0.21699029126213593,202
L53260,L,27.75,37.55000000000001,1468,36.2,208,0,0,0,0,0,0,1,9360,0.17320574162679428,232
L53261,L,27.75,37.55000000000001,1517,41.7,210,0,0,0,0,0,0,0,9450,0.19763033175355452,196
L53262,L,27.75,37.55000000000001,1352,46.4,212,0,0,0,0,0,0,0,9540,0.21784037558685446,201
L53263,L,27.75,37.55000000000001,1389,50.0,214,0,0,0,0,0,0,0,9630,0.23255813953488372,356
M20944,M,27.650000000000034,37.450000000000045,1505,36.2,0,0,0,0,0,0,0,1,0,36.2,206
L53265,L,27.75,37.450000000000045,1538,36.7,3,0,0,0,0,0,0,0,135,9.175,224
L53266,L,27.75,37.650000000000034,1482,37.0,5,0,0,0,0,0,0,1,225,6.166666666666667,300
M20947,M,27.75,37.650000000000034,1599,33.0,7,0,0,0,0,0,0,0,315,4.125,208
L53268,L,27.75,37.650000000000034,1476,39.0,10,0,0,0,0,0,0,0,450,3.5454545454545454,218
L53269,L,27.75,37.55000000000001,1509,37.5,12,0,0,0,0,0,0,0,540,2.8846153846153846,333
L53270,L,27.75,37.650000000000034,1708,29.1,14,0,0,0,0,0,0,0,630,1.9400000000000002,235
L53271,L,27.75,37.55000000000001,1412,57.5,16,0,0,0,0,0,1,0,720,3.3823529411764706,319
L53272,L,27.75,37.55000000000001,1658,28.5,18,0,0,0,0,0,0,0,810,1.5,295
L53273,L,27.850000000000023,37.650000000000034,1375,57.2,20,0,0,0,0,0,0,1,900,2.723809523809524,220
M20954,M,27.75,37.650000000000034,1402,48.1,22,0,0,0,0,0,0,0,990,2.091304347826087,182
M20955,M,27.75,37.55000000000001,1452,47.3,25,0,0,0,0,0,0,0,1125,1.8192307692307692,152
M20956,M,27.650000000000034,37.55000000000001,1483,40.8,28,0,0,0,0,0,0,0,1260,1.4068965517241379,177
H35511,H,27.75,37.650000000000034,1477,38.4,31,0,0,0,0,0,0,1,1395,1.2,150
M20958,M,27.650000000000034,37.55000000000001,1924,22.4,36,0,0,0,0,0,0,0,1620,0.6054054054054053,275
H35513,H,27.75,37.55000000000001,1609,28.7,39,0,0,0,0,0,0,1,1755,0.7175,340
M20960,M,27.650000000000034,37.55000000000001,1886,21.1,44,0,0,0,0,0,0,0,1980,0.4688888888888889,262
L53281,L,27.55000000000001,37.450000000000045,1616,29.6,47,0,0,0,0,0,0,0,2115,0.6166666666666667,196
L53282,L,27.55000000000001,37.55000000000001,1442,43.2,49,0,0,0,0,0,0,1,2205,0.8640000000000001,186
L53283,L,27.650000000000034,37.650000000000034,1407,45.1,51,0,0,0,0,0,0,1,2295,0.8673076923076923,235
M20964,M,27.650000000000034,37.650000000000034,1461,41.3,53,0,0,0,0,0,0,0,2385,0.7648148148148147,197
M20965,M,27.650000000000034,37.75,1522,46.2,56,0,0,0,0,0,0,1,2520,0.8105263157894738,257
L53286,L,27.75,37.85000000000002,1432,48.1,59,0,0,0,0,0,0,1,2655,0.8016666666666666,168
L53287,L,27.75,37.85000000000002,1438,49.0,61,0,0,0,0,0,0,0,2745,0.7903225806451613,291
M20968,M,27.650000000000034,37.75,1678,28.1,63,0,0,0,0,0,0,0,2835,0.4390625,344
M20969,M,27.650000000000034,37.75,1514,38.7,66,0,0,0,0,0,0,0,2970,0.5776119402985075,232
L53290,L,27.55000000000001,37.650000000000034,1534,41.3,69,0,0,0,0,0,0,1,3105,0.59,362
M20971,M,27.55000000000001,37.650000000000034,1486,41.2,71,0,0,0,0,0,0,0,3195,0.5722222222222223,214
L53292,L,27.55000000000001,37.650000000000034,1925,22.0,74,0,0,0,0,0,0,0,3330,0.29333333333333333,175
M20973,M,27.55000000000001,37.650000000000034,1724,30.0,76,0,0,0,0,0,0,1,3420,0.38961038961038963,287
M20974,M,27.650000000000034,37.650000000000034,1549,35.5,79,0,0,0,0,0,0,1,3555,0.44375,248
L53295,L,27.650000000000034,37.75,1457,47.7,82,0,0,0,0,0,0,0,3690,0.574698795180723,226
L53296,L,27.650000000000034,37.75,1453,43.9,84,0,0,0,0,0,0,1,3780,0.5164705882352941,219
L53297,L,27.650000000000034,37.85000000000002,1578,44.4,86,0,0,0,0,0,0,1,3870,0.5103448275862069,192
M20978,M,27.75,37.950000000000045,1325,61.4,88,0,0,0,0,0,0,1,3960,0.6898876404494382,219
L53299,L,27.75,37.950000000000045,1471,39.3,91,0,0,0,0,0,0,0,4095,0.42717391304347824,357
M20980,M,27.75,38.05000000000001,1472,40.0,93,0,0,0,0,0,0,0,4185,0.425531914893617,349
L53301,L,27.75,37.950000000000045,1457,37.4,96,0,0,0,0,0,0,0,4320,0.3855670103092783,208
L53302,L,27.850000000000023,37.85000000000002,1402,55.3,98,0,0,0,0,0,0,1,4410,0.5585858585858585,152
L53303,L,27.75,37.75,1477,41.5,100,0,0,0,0,0,0,0,4500,0.41089108910891087,282
M20984,M,27.75,37.75,1727,30.1,102,0,0,0,0,0,0,0,4590,0.2922330097087379,234
L53305,L,27.75,37.75,1995,20.2,105,0,0,0,0,0,0,1,4725,0.19056603773584904,244
L53306,L,27.75,37.75,1370,52.5,107,0,0,0,0,0,0,1,4815,0.4861111111111111,227
L53307,L,27.75,37.75,1228,66.4,109,0,0,0,0,0,0,0,4905,0.6036363636363636,250
L53308,L,27.75,37.85000000000002,1499,38.0,111,0,0,0,0,0,0,1,4995,0.3392857142857143,232
M20989,M,27.850000000000023,37.85000000000002,1508,46.9,113,0,0,0,0,0,0,0,5085,0.4114035087719298,314
L53310,L,27.850000000000023,37.75,1473,44.2,116,0,0,0,0,0,0,0,5220,0.3777777777777778,233
H35545,H,27.850000000000023,37.85000000000002,1640,37.6,118,0,0,0,0,0,0,0,5310,0.31596638655462184,329
L53312,L,27.950000000000045,37.950000000000045,1429,42.5,123,0,0,0,0,0,0,1,5535,0.34274193548387094,343
L53313,L,27.950000000000045,37.950000000000045,1470,40.9,125,0,0,0,0,0,0,1,5625,0.3246031746031746,270
L53314,L,27.850000000000023,37.85000000000002,1581,37.0,127,0,0,0,0,0,0,0,5715,0.2890625,340
L53315,L,27.850000000000023,37.75,1740,28.9,129,0,0,0,0,0,0,0,5805,0.2223076923076923,284
H35550,H,27.75,37.650000000000034,1390,40.6,131,0,0,0,0,0,0,0,5895,0.3075757575757576,202
M20997,M,27.75,37.650000000000034,1988,19.7,136,0,0,0,0,0,0,0,6120,0.1437956204379562,263
M20998,M,27.650000000000034,37.55000000000001,1452,43.0,139,0,0,0,0,0,0,1,6255,0.30714285714285716,155
L53319,L,27.650000000000034,37.55000000000001,1586,33.4,142,0,0,0,0,0,0,0,6390,0.23356643356643356,284
L53320,L,27.650000000000034,37.55000000000001,1589,34.3,144,0,0,0,0,0,0,0,6480,0.23655172413793102,321
L53321,L,27.650000000000034,37.650000000000034,1486,45.7,146,0,0,0,0,0,0,1,6570,0.31088435374149664,167
L53322,L,27.75,37.75,1755,27.9,148,0,0,0,0,0,0,0,6660,0.187248322147651,203
M21003,M,27.850000000000023,37.75,1575,34.6,150,0,0,0,0,0,0,0,6750,0.22913907284768212,276
M21004,M,27.950000000000045,37.950000000000045,1615,37.7,153,0,0,0,0,0,0,0,6885,0.24480519480519483,306
M21005,M,27.950000000000045,37.950000000000045,1436,41.8,156,0,0,0,0,0,0,0,7020,0.2662420382165605,360
M21006,M,27.950000000000045,37.950000000000045,1470,40.6,159,0,0,0,0,0,0,0,7155,0.25375000000000003,174
M21007,M,27.950000000000045,37.950000000000045,2089,19.8,162,0,0,0,0,0,0,1,7290,0.12147239263803682,212
L53328,L,27.950000000000045,38.05000000000001,1564,37.0,165,0,0,0,0,0,0,1,7425,0.22289156626506024,345
M21009,M,27.850000000000023,37.950000000000045,1420,47.4,167,0,0,0,0,0,0,1,7515,0.28214285714285714,264
L53330,L,27.950000000000045,37.950000000000045,1711,29.1,170,0,0,0,0,0,0,1,7650,0.17017543859649123,290
L53331,L,27.950000000000045,38.05000000000001,1555,35.3,172,0,0,0,0,0,0,0,7740,0.20404624277456646,309
M21012,M,27.950000000000045,37.950000000000045,1592,35.7,174,0,0,0,0,0,0,1,7830,0.20400000000000001,304
L53333,L,27.850000000000023,37.950000000000045,1236,64.4,177,1,0,0,0,1,0,3,7965,0.3617977528089888,55
M21014,M,27.850000000000023,37.75,1765,24.2,179,0,0,0,0,0,0,1,8055,0.13444444444444445,311
L53335,L,27.850000000000023,37.85000000000002,1634,31.2,182,0,0,0,0,0,0,1,8190,0.17049180327868851,177
L53336,L,27.950000000000045,37.950000000000045,1508,41.5,184,0,0,0,0,0,0,1,8280,0.22432432432432434,222
L53337,L,27.950000000000045,38.05000000000001,1774,29.6,186,0,0,0,0,0,0,1,8370,0.15828877005347594,221
L53338,L,27.950000000000045,37.85000000000002,1677,29.1,188,0,0,0,0,0,0,1,8460,0.15396825396825398,234
L53339,L,27.850000000000023,37.85000000000002,1399,58.0,190,1,0,0,0,1,0,6,8550,0.3036649214659686,39
L53340,L,27.850000000000023,37.75,1570,34.0,192,0,0,0,0,0,0,0,8640,0.17616580310880828,179
L53341,L,27.850000000000023,37.75,1479,44.3,194,0,0,0,0,0,0,1,8730,0.22717948717948716,158
L53342,L,27.850000000000023,37.650000000000034,1558,34.9,196,0,0,0,0,0,0,0,8820,0.17715736040609137,290
L53343,L,27.650000000000034,37.55000000000001,1358,48.1,198,0,0,0,0,0,0,1,8910,0.24170854271356784,231
H35578,H,27.75,37.55000000000001,1656,30.7,200,0,0,0,0,0,0,1,9000,0.1527363184079602,213
L53345,L,27.75,37.55000000000001,1523,35.8,205,0,0,0,0,0,0,1,9225,0.17378640776699028,187
H35580,H,27.75,37.55000000000001,1403,40.6,207,0,0,0,0,0,0,0,9315,0.1951923076923077,268
M21027,M,27.75,37.55000000000001,1362,51.6,212,0,0,0,0,0,0,0,9540,0.24225352112676057,171
M21028,M,27.55000000000001,37.450000000000045,1778,27.1,215,0,0,0,0,0,0,1,9675,0.12546296296296297,308
L53349,L,27.55000000000001,37.35000000000002,1448,38.2,218,0,0,0,0,0,0,0,9810,0.17442922374429226,248
H35584,H,27.650000000000034,37.35000000000002,1559,40.1,220,0,0,0,0,0,0,1,9900,0.18144796380090497,319
L53351,L,27.650000000000034,37.450000000000045,1416,42.2,225,0,0,0,0,0,0,0,10125,0.18672566371681418,339
L53352,L,27.650000000000034,37.450000000000045,1577,37.9,227,1,1,0,0,0,0,3,10215,0.16622807017543859,43
L53353,L,27.650000000000034,37.55000000000001,1633,27.8,0,0,0,0,0,0,0,0,0,27.8,213
L53354,L,27.75,37.55000000000001,1573,31.2,2,0,0,0,0,0,0,1,90,10.4,351
L53355,L,27.75,37.650000000000034,1517,44.3,4,0,0,0,0,0,0,0,180,8.86,158
L53356,L,27.850000000000023,37.75,1515,37.3,6,0,0,0,0,0,0,0,270,5.328571428571428,275
L53357,L,27.850000000000023,37.650000000000034,1527,45.3,8,0,0,0,0,0,0,1,360,5.033333333333333,244
L53358,L,27.950000000000045,37.75,1282,67.9,10,1,0,0,1,0,0,4,450,6.172727272727273,34
M21039,M,27.950000000000045,37.75,1396,45.1,12,0,0,0,0,0,0,1,540,3.4692307692307693,340
L53360,L,27.850000000000023,37.75,1492,44.6,15,0,0,0,0,0,0,1,675,2.7875,317
L53361,L,27.850000000000023,37.650000000000034,1975,19.7,17,0,0,0,0,0,0,0,765,1.0944444444444443,237
L53362,L,27.850000000000023,37.650000000000034,1475,35.3,19,0,0,0,0,0,0,1,855,1.765,318
H35597,H,27.850000000000023,37.75,1495,37.3,21,0,0,0,0,0,0,0,945,1.6954545454545453,262
L53364,L,27.850000000000023,37.85000000000002,1553,35.8,26,0,0,0,0,0,0,0,1170,1.3259259259259257,221
L53365,L,27.950000000000045,37.85000000000002,1918,21.7,28,0,0,0,0,0,0,1,1260,0.7482758620689655,199
M21046,M,27.950000000000045,37.85000000000002,1413,46.6,30,0,0,0,0,0,0,0,1350,1.5032258064516129,297
L53367,L,27.850000000000023,37.85000000000002,1437,56.0,33,0,0,0,0,0,0,0,1485,1.6470588235294117,230
L53368,L,27.850000000000023,37.75,1450,45.9,35,0,0,0,0,0,0,1,1575,1.275,347
M21049,M,27.850000000000023,37.75,1910,21.9,37,0,0,0,0,0,0,1,1665,0.5763157894736842,319
L53370,L,27.75,37.75,1749,26.4,40,0,0,0,0,0,0,0,1800,0.6439024390243903,182
H35605,H,27.850000000000023,37.75,1916,22.0,42,0,0,0,0,0,0,1,1890,0.5116279069767442,212
L53372,L,27.850000000000023,37.75,1428,45.3,47,0,0,0,0,0,0,1,2115,0.94375,334
L53373,L,27.850000000000023,37.75,1578,38.4,49,0,0,0,0,0,0,1,2205,0.768,342
L53374,L,27.75,37.650000000000034,1571,39.9,51,0,0,0,0,0,0,1,2295,0.7673076923076922,254
L53375,L,27.75,37.650000000000034,1729,30.2,53,0,0,0,0,0,0,0,2385,0.5592592592592592,329
L53376,L,27.75,37.650000000000034,1701,30.4,55,0,0,0,0,0,0,0,2475,0.5428571428571428,248
L53377,L,27.75,37.650000000000034,1493,45.8,57,0,0,0,0,0,0,1,2565,0.789655172413793,155
M21058,M,27.850000000000023,37.75,1554,32.7,59,0,0,0,0,0,0,0,2655,0.545,284
L53379,L,27.75,37.75,1497,43.2,62,0,0,0,0,0,0,1,2790,0.6857142857142857,158
L53380,L,27.850000000000023,37.75,1679,29.8,64,0,0,0,0,0,0,1,2880,0.4584615384615385,250
M21061,M,27.850000000000023,37.75,1510,44.5,66,0,0,0,0,0,0,0,2970,0.664179104477612,210
L53382,L,27.850000000000023,37.75,1296,54.9,69,0,0,0,0,0,0,0,3105,0.7842857142857143,357
L53383,L,27.850000000000023,37.75,1404,41.8,71,0,0,0,0,0,0,0,3195,0.5805555555555555,311
M21064,M,27.75,37.650000000000034,1519,34.9,73,0,0,0,0,0,0,0,3285,0.4716216216216216,312
M21065,M,27.75,37.55000000000001,1696,27.3,76,0,0,0,0,0,0,1,3420,0.35454545454545455,248
M21066,M,27.650000000000034,37.450000000000045,1669,28.4,79,0,0,0,0,0,0,1,3555,0.355,297
L53387,L,27.55000000000001,37.450000000000045,1447,40.7,82,0,0,0,0,0,0,0,3690,0.49036144578313257,207
M21068,M,27.55000000000001,37.450000000000045,1418,46.3,84,0,0,0,0,0,0,1,3780,0.5447058823529412,364
L53389,L,27.55000000000001,37.450000000000045,1407,40.5,87,0,0,0,0,0,0,0,3915,0.4602272727272727,209
L53390,L,27.650000000000034,37.35000000000002,1434,44.5,89,0,0,0,0,0,0,0,4005,0.49444444444444446,331
L53391,L,27.650000000000034,37.450000000000045,1360,48.8,91,0,0,0,0,0,0,0,4095,0.5304347826086956,184
L53392,L,27.650000000000034,37.450000000000045,1402,53.7,93,0,0,0,0,0,0,1,4185,0.5712765957446809,196
L53393,L,27.75,37.450000000000045,1552,34.9,95,0,0,0,0,0,0,1,4275,0.36354166666666665,195
L53394,L,27.75,37.55000000000001,1392,44.2,97,0,0,0,0,0,0,0,4365,0.45102040816326533,236
L53395,L,27.950000000000045,37.650000000000034,1521,41.0,99,0,0,0,0,0,0,0,4455,0.41,153
L53396,L,27.950000000000045,37.650000000000034,1724,27.5,101,0,0,0,0,0,0,0,4545,0.2696078431372549,159
M21077,M,27.850000000000023,37.55000000000001,1455,46.1,103,0,0,0,0,0,0,0,4635,0.4432692307692308,256
H35632,H,27.850000000000023,37.450000000000045,1366,50.6,106,0,0,0,0,0,0,1,4770,0.47289719626168225,224
H35633,H,27.950000000000045,37.450000000000045,1407,43.9,111,0,0,0,0,0,0,1,4995,0.3919642857142857,189
L53400,L,27.950000000000045,37.650000000000034,1470,49.3,116,0,0,0,0,0,0,0,5220,0.42136752136752137,276
M21081,M,28.05000000000001,37.75,1359,50.8,118,0,0,0,0,0,0,0,5310,0.426890756302521,332
H35636,H,27.950000000000045,37.650000000000034,1792,25.8,121,0,0,0,0,0,0,1,5445,0.21147540983606558,268
M21083,M,27.950000000000045,37.75,1552,37.9,126,0,0,0,0,0,0,0,5670,0.2984251968503937,222
L53404,L,28.05000000000001,37.85000000000002,1612,32.9,129,0,0,0,0,0,0,1,5805,0.2530769230769231,189
M21085,M,28.05000000000001,37.85000000000002,1424,41.4,131,0,0,0,0,0,0,1,5895,0.3136363636363636,353
H35640,H,28.150000000000034,37.85000000000002,1341,59.3,134,0,0,0,0,0,0,0,6030,0.43925925925925924,358
L53407,L,28.05000000000001,37.650000000000034,1479,38.2,139,0,0,0,0,0,0,1,6255,0.27285714285714285,245
L53408,L,28.05000000000001,37.75,1413,50.1,141,0,0,0,0,0,0,1,6345,0.35281690140845073,172
L53409,L,28.150000000000034,37.75,2165,17.4,143,0,0,0,0,0,0,1,6435,0.12083333333333332,292
M21090,M,28.150000000000034,37.85000000000002,1641,33.0,145,0,0,0,0,0,0,1,6525,0.22602739726027396,264
M21091,M,28.150000000000034,37.85000000000002,1495,40.8,148,0,0,0,0,0,0,0,6660,0.27382550335570466,265
L53412,L,28.150000000000034,37.85000000000002,1576,30.4,151,0,0,0,0,0,0,1,6795,0.19999999999999998,282
L53413,L,28.05000000000001,37.75,1467,37.1,153,0,0,0,0,0,0,1,6885,0.2409090909090909,317
L53414,L,28.05000000000001,37.650000000000034,1479,41.2,155,0,0,0,0,0,0,1,6975,0.2641025641025641,295
L53415,L,28.150000000000034,37.75,1596,33.9,157,0,0,0,0,0,0,0,7065,0.21455696202531643,170
M21096,M,28.150000000000034,37.75,1512,36.9,159,0,0,0,0,0,0,0,7155,0.230625,356
L53417,L,28.25,37.75,1414,38.8,162,0,0,0,0,0,0,0,7290,0.2380368098159509,152
L53418,L,28.150000000000034,37.650000000000034,1390,57.4,164,0,0,0,0,0,0,1,7380,0.34787878787878784,195
L53419,L,28.05000000000001,37.55000000000001,1644,31.6,166,0,0,0,0,0,0,0,7470,0.18922155688622755,239
M21100,M,28.05000000000001,37.55000000000001,1394,42.8,168,0,0,0,0,0,0,0,7560,0.2532544378698225,228
L53421,L,27.950000000000045,37.35000000000002,1324,52.4,171,0,0,0,0,0,0,0,7695,0.30465116279069765,276
L53422,L,27.850000000000023,37.25,1476,43.6,173,0,0,0,0,0,0,1,7785,0.25057471264367814,202
L53423,L,27.850000000000023,37.25,2204,16.6,175,0,0,0,0,0,0,0,7875,0.09431818181818183,297
M21104,M,27.850000000000023,37.25,1665,30.9,177,0,0,0,0,0,0,0,7965,0.1735955056179775,336
L53425,L,27.75,37.25,1445,41.7,180,0,0,0,0,0,0,0,8100,0.23038674033149173,170
H35660,H,27.650000000000034,37.150000000000034,1457,46.8,182,0,0,0,0,0,0,1,8190,0.25573770491803277,239
L53427,L,27.650000000000034,37.05000000000001,1492,46.3,187,0,0,0,0,0,0,1,8415,0.24627659574468083,364
L53428,L,27.650000000000034,36.950000000000045,1405,61.2,189,1,0,0,1,1,0,6,8505,0.32210526315789473,40
L53429,L,27.55000000000001,36.950000000000045,1542,35.5,191,0,0,0,0,0,0,0,8595,0.18489583333333334,200
L53430,L,27.650000000000034,37.05000000000001,1520,37.7,193,0,0,0,0,0,0,0,8685,0.1943298969072165,302
M21111,M,27.650000000000034,37.05000000000001,1598,36.5,195,0,0,0,0,0,0,1,8775,0.18622448979591838,217
L53432,L,27.650000000000034,37.150000000000034,1538,36.1,198,0,0,0,0,0,0,1,8910,0.18140703517587942,265
L53433,L,27.75,37.25,1615,30.9,200,0,0,0,0,0,0,0,9000,0.1537313432835821,287
L53434,L,27.850000000000023,37.35000000000002,1408,47.0,202,0,0,0,0,0,0,1,9090,0.2315270935960591,363
L53435,L,27.850000000000023,37.35000000000002,1379,57.3,204,1,0,0,0,1,0,6,9180,0.2795121951219512,57
L53436,L,27.850000000000023,37.450000000000045,1493,37.8,206,1,1,0,0,0,0,4,9270,0.18260869565217389,47
L53437,L,27.950000000000045,37.55000000000001,1376,49.1,0,0,0,0,0,0,0,0,0,49.1,244
M21118,M,27.950000000000045,37.55000000000001,1583,40.7,2,0,0,0,0,0,0,1,90,13.566666666666668,286
M21119,M,28.05000000000001,37.650000000000034,1396,47.4,5,0,0,0,0,0,0,0,225,7.8999999999999995,178
L53440,L,27.950000000000045,37.55000000000001,1436,45.3,8,0,0,0,0,0,0,1,360,5.033333333333333,314
L53441,L,27.950000000000045,37.450000000000045,1417,47.6,10,0,0,0,0,0,0,0,450,4.327272727272727,259
L53442,L,27.850000000000023,37.450000000000045,1641,33.4,12,0,0,0,0,0,0,0,540,2.569230769230769,220
M21123,M,27.850000000000023,37.450000000000045,1698,27.3,14,0,0,0,0,0,0,0,630,1.82,187
L53444,L,27.75,37.25,1541,39.1,17,0,0,0,0,0,0,0,765,2.1722222222222225,276
L53445,L,27.650000000000034,37.150000000000034,1383,46.6,19,0,0,0,0,0,0,1,855,2.33,221
L53446,L,27.650000000000034,37.25,1368,46.8,21,0,0,0,0,0,0,0,945,2.127272727272727,208
L53447,L,27.650000000000034,37.25,1570,35.2,23,0,0,0,0,0,0,1,1035,1.4666666666666668,334
L53448,L,27.75,37.35000000000002,1616,33.5,25,0,0,0,0,0,0,1,1125,1.2884615384615385,337
M21129,M,27.75,37.35000000000002,1444,43.2,27,0,0,0,0,0,0,0,1215,1.542857142857143,177
L53450,L,27.75,37.25,2021,18.8,30,0,0,0,0,0,0,0,1350,0.6064516129032258,305
M21131,M,27.75,37.35000000000002,1702,29.3,32,0,0,0,0,0,0,0,1440,0.8878787878787879,195
M21132,M,27.950000000000045,37.450000000000045,1429,52.7,35,0,0,0,0,0,0,0,1575,1.463888888888889,220
L53453,L,28.05000000000001,37.650000000000034,1711,28.9,38,0,0,0,0,0,0,1,1710,0.741025641025641,344
M21134,M,28.05000000000001,37.55000000000001,1543,32.9,40,0,0,0,0,0,0,1,1800,0.8024390243902438,363
L53455,L,28.150000000000034,37.650000000000034,1628,32.2,43,0,0,0,0,0,0,1,1935,0.7318181818181819,332
L53456,L,28.05000000000001,37.650000000000034,1233,64.6,45,0,0,0,0,0,0,1,2025,1.4043478260869564,187
L53457,L,28.05000000000001,37.650000000000034,1461,40.6,47,0,0,0,0,0,0,0,2115,0.8458333333333333,266
L53458,L,28.05000000000001,37.55000000000001,1568,38.3,49,0,0,0,0,0,0,1,2205,0.7659999999999999,257
L53459,L,28.150000000000034,37.650000000000034,1432,54.4,51,0,0,0,0,0,0,0,2295,1.0461538461538462,295
M21140,M,28.05000000000001,37.55000000000001,1527,41.1,53,0,0,0,0,0,0,0,2385,0.7611111111111112,353
M21141,M,28.150000000000034,37.650000000000034,1455,41.2,56,0,0,0,0,0,0,1,2520,0.7228070175438597,244
M21142,M,28.150000000000034,37.650000000000034,1418,45.4,59,0,0,0,0,0,0,1,2655,0.7566666666666666,212
L53463,L,28.150000000000034,37.650000000000034,1719,29.5,62,0,0,0,0,0,0,1,2790,0.46825396825396826,252
M21144,M,28.05000000000001,37.650000000000034,1734,31.3,64,0,0,0,0,0,0,1,2880,0.4815384615384615,154
M21145,M,28.05000000000001,37.55000000000001,1426,46.1,67,0,0,0,0,0,0,1,3015,0.6779411764705883,321
L53466,L,27.950000000000045,37.450000000000045,1611,35.2,70,0,0,0,0,0,0,1,3150,0.495774647887324,306
M21147,M,27.950000000000045,37.450000000000045,1479,41.1,72,0,0,0,0,0,0,0,3240,0.5630136986301371,256
L53468,L,27.850000000000023,37.35000000000002,1317,50.9,75,0,0,0,0,0,0,0,3375,0.6697368421052632,291
L53469,L,27.850000000000023,37.35000000000002,1248,61.4,77,0,0,0,0,0,0,0,3465,0.7871794871794872,207
L53470,L,27.850000000000023,37.35000000000002,1932,21.7,79,0,0,0,0,0,0,1,3555,0.27125,321
M21151,M,27.950000000000045,37.35000000000002,1547,35.8,81,0,0,0,0,0,0,0,3645,0.4365853658536585,295
L53472,L,27.850000000000023,37.25,1614,31.6,84,0,0,0,0,0,0,0,3780,0.37176470588235294,156
H35707,H,27.850000000000023,37.25,1512,44.9,86,0,0,0,0,0,0,0,3870,0.5160919540229885,236
L53474,L,27.950000000000045,37.35000000000002,1529,38.7,91,0,0,0,0,0,0,0,4095,0.4206521739130435,246
H35709,H,27.950000000000045,37.450000000000045,1782,24.9,93,0,0,0,0,0,0,0,4185,0.26489361702127656,339
L53476,L,27.850000000000023,37.35000000000002,1429,39.4,98,0,0,0,0,0,0,0,4410,0.397979797979798,194
M21157,M,27.950000000000045,37.35000000000002,1309,60.7,100,0,0,0,0,0,0,1,4500,0.600990099009901,165
L53478,L,27.950000000000045,37.35000000000002,1428,44.1,103,0,0,0,0,0,0,1,4635,0.42403846153846153,213
L53479,L,28.05000000000001,37.450000000000045,1385,49.2,105,0,0,0,0,0,0,1,4725,0.4641509433962264,186
L53480,L,28.05000000000001,37.55000000000001,1517,39.4,107,0,0,0,0,0,0,0,4815,0.3648148148148148,302
M21161,M,28.05000000000001,37.450000000000045,1576,39.6,109,0,0,0,0,0,0,1,4905,0.36,158
L53482,L,28.05000000000001,37.450000000000045,1437,51.2,112,0,0,0,0,0,0,1,5040,0.4530973451327434,332
H35717,H,28.05000000000001,37.450000000000045,1457,50.5,114,0,0,0,0,0,0,0,5130,0.4391304347826087,305
L53484,L,27.950000000000045,37.35000000000002,1532,37.5,119,0,0,0,0,0,0,1,5355,0.3125,286
M21165,M,27.950000000000045,37.35000000000002,1603,32.6,121,0,0,0,0,0,0,0,5445,0.26721311475409837,289
L53486,L,27.850000000000023,37.25,1563,34.4,124,0,0,0,0,0,0,1,5580,0.2752,295
L53487,L,27.850000000000023,37.150000000000034,1617,34.5,126,0,0,0,0,0,0,0,5670,0.27165354330708663,239
M21168,M,27.650000000000034,36.950000000000045,1686,26.9,128,0,0,0,0,0,0,0,5760,0.2085271317829457,333
L53489,L,27.75,37.05000000000001,1382,50.4,131,0,0,0,0,0,0,1,5895,0.38181818181818183,223
L53490,L,27.75,36.950000000000045,2090,17.8,133,0,0,0,0,0,0,0,5985,0.1328358208955224,335
L53491,L,27.75,37.150000000000034,1446,44.5,135,0,0,0,0,0,0,1,6075,0.3272058823529412,274
M21172,M,27.75,37.05000000000001,1533,38.1,137,0,0,0,0,0,0,0,6165,0.27608695652173915,358
L53493,L,27.75,37.150000000000034,1440,47.6,140,0,0,0,0,0,0,1,6300,0.3375886524822695,200
M21174,M,27.850000000000023,37.25,1793,25.0,142,0,0,0,0,0,0,1,6390,0.17482517482517482,181
M21175,M,27.850000000000023,37.25,1517,46.1,145,0,0,0,0,0,0,0,6525,0.31575342465753425,237
L53496,L,27.75,37.25,1544,36.0,148,0,0,0,0,0,0,1,6660,0.24161073825503357,325
L53497,L,27.75,37.150000000000034,1321,48.8,150,0,0,0,0,0,0,1,6750,0.32317880794701986,285
M21178,M,27.75,37.150000000000034,1416,50.9,152,0,0,0,0,0,0,1,6840,0.3326797385620915,307
L53499,L,27.650000000000034,37.05000000000001,1514,40.0,155,0,0,0,0,0,0,0,6975,0.2564102564102564,175
M21180,M,27.650000000000034,37.05000000000001,1304,52.5,157,0,0,0,0,0,0,0,7065,0.3322784810126582,301
L53501,L,27.55000000000001,37.05000000000001,1286,64.9,160,0,0,0,0,0,0,1,7200,0.40310559006211183,304
M21182,M,27.55000000000001,36.950000000000045,1483,40.2,162,0,0,0,0,0,0,1,7290,0.24662576687116566,356
L53503,L,27.55000000000001,36.950000000000045,1351,46.9,165,0,0,0,0,0,0,0,7425,0.2825301204819277,352
M21184,M,27.55000000000001,36.950000000000045,1367,52.6,167,0,0,0,0,0,0,0,7515,0.3130952380952381,316
L53505,L,27.55000000000001,36.950000000000045,1721,32.3,170,0,0,0,0,0,0,1,7650,0.18888888888888888,215
L53506,L,27.450000000000045,36.85000000000002,1455,40.4,172,0,0,0,0,0,0,0,7740,0.23352601156069364,328
L53507,L,27.450000000000045,36.85000000000002,1425,49.5,174,0,0,0,0,0,0,0,7830,0.28285714285714286,222
L53508,L,27.55000000000001,36.85000000000002,1672,29.7,176,0,0,0,0,0,0,1,7920,0.16779661016949152,199
M21189,M,27.55000000000001,36.85000000000002,1641,34.6,178,0,0,0,0,0,0,0,8010,0.19329608938547488,194
M21190,M,27.350000000000023,36.85000000000002,1580,37.0,181,0,0,0,0,0,0,0,8145,0.2032967032967033,236
H35745,H,27.350000000000023,36.85000000000002,1495,47.4,184,0,0,0,0,0,0,0,8280,0.2562162162162162,182
M21192,M,27.350000000000023,36.75,1994,19.8,189,0,0,0,0,0,0,1,8505,0.10421052631578948,168
M21193,M,27.25,36.75,1415,31.8,192,0,0,0,0,0,0,0,8640,0.16476683937823836,290
M21194,M,27.25,36.650000000000034,1725,30.4,195,0,0,0,0,0,0,1,8775,0.15510204081632653,355
M21195,M,27.25,36.650000000000034,1430,43.4,198,0,0,0,0,0,0,0,8910,0.21809045226130652,262
L53516,L,27.25,36.650000000000034,1395,48.1,201,0,0,0,0,0,0,0,9045,0.23811881188118814,171
M21197,M,27.25,36.650000000000034,1435,43.6,203,0,0,0,0,0,0,1,9135,0.21372549019607845,297
L53518,L,27.25,36.75,1681,28.6,206,0,0,0,0,0,0,1,9270,0.1381642512077295,246
L53519,L,27.350000000000023,36.85000000000002,1451,48.6,208,0,0,0,0,0,0,1,9360,0.23253588516746412,154
H35754,H,27.350000000000023,36.75,1397,45.9,210,1,1,0,0,0,0,3,9450,0.21753554502369668,31
M21201,M,27.25,36.650000000000034,1421,47.2,0,0,0,0,0,0,0,0,0,47.2,361
M21202,M,27.150000000000034,36.650000000000034,1444,42.0,3,0,0,0,0,0,0,1,135,10.5,227
L53523,L,27.05000000000001,36.650000000000034,1827,23.0,6,0,0,0,0,0,0,1,270,3.2857142857142856,309
H35758,H,27.05000000000001,36.650000000000034,1374,47.7,8,0,0,0,0,0,0,1,360,5.300000000000001,179
L53525,L,27.05000000000001,36.650000000000034,1650,29.6,13,0,0,0,0,0,0,0,585,2.1142857142857143,240
L53526,L,27.05000000000001,36.55000000000001,1275,60.7,15,0,0,0,0,0,0,0,675,3.79375,303
L53527,L,27.05000000000001,36.55000000000001,1421,44.6,17,0,0,0,0,0,0,1,765,2.477777777777778,231
L53528,L,27.05000000000001,36.650000000000034,1557,33.8,19,0,0,0,0,0,0,1,855,1.69,364
L53529,L,26.950000000000045,36.650000000000034,1506,35.2,21,0,0,0,0,0,0,1,945,1.6,237
L53530,L,26.950000000000045,36.55000000000001,1362,49.1,23,0,0,0,0,0,0,1,1035,2.0458333333333334,281
L53531,L,26.850000000000023,36.55000000000001,1542,47.1,25,0,0,0,0,0,0,0,1125,1.8115384615384615,254
L53532,L,26.850000000000023,36.450000000000045,1496,38.8,27,0,0,0,0,0,0,1,1215,1.3857142857142857,216
M21213,M,26.850000000000023,36.450000000000045,1491,42.0,29,0,0,0,0,0,0,0,1305,1.4,267
L53534,L,26.950000000000045,36.450000000000045,1565,34.8,32,0,0,0,0,0,0,1,1440,1.0545454545454545,320
L53535,L,26.950000000000045,36.55000000000001,1481,37.9,34,0,0,0,0,0,0,1,1530,1.0828571428571427,179
M21216,M,26.950000000000045,36.55000000000001,1420,48.4,36,0,0,0,0,0,0,0,1620,1.308108108108108,260
L53537,L,27.05000000000001,36.650000000000034,1398,54.8,39,0,0,0,0,0,0,1,1755,1.3699999999999999,293
M21218,M,27.05000000000001,36.650000000000034,1466,45.7,41,0,0,0,0,0,0,1,1845,1.0880952380952382,348
L53539,L,26.950000000000045,36.650000000000034,1430,56.7,44,0,0,0,0,0,0,1,1980,1.26,188
L53540,L,26.950000000000045,36.55000000000001,1441,40.1,46,0,0,0,0,0,0,1,2070,0.8531914893617022,235
M21221,M,26.950000000000045,36.55000000000001,1348,57.3,48,0,0,0,0,0,0,0,2160,1.1693877551020408,190
L53542,L,26.850000000000023,36.450000000000045,1738,28.7,51,0,0,0,0,0,0,1,2295,0.551923076923077,180
M21223,M,26.850000000000023,36.450000000000045,1618,36.2,53,0,0,0,0,0,0,1,2385,0.6703703703703704,326
M21224,M,26.75,36.450000000000045,1489,41.7,56,0,0,0,0,0,0,0,2520,0.7315789473684211,290
M21225,M,26.75,36.35000000000002,1412,57.9,59,0,0,0,0,0,0,1,2655,0.965,318
M21226,M,26.75,36.35000000000002,2065,18.1,62,0,0,0,0,0,0,0,2790,0.28730158730158734,305
L53547,L,26.850000000000023,36.450000000000045,1571,33.1,65,0,0,0,0,0,0,1,2925,0.5015151515151516,276
M21228,M,26.850000000000023,36.450000000000045,1423,48.7,67,0,0,0,0,0,0,1,3015,0.7161764705882353,213
H35783,H,26.850000000000023,36.35000000000002,1781,24.9,70,0,0,0,0,0,0,1,3150,0.35070422535211265,266
L53550,L,26.950000000000045,36.450000000000045,1321,46.9,75,0,0,0,0,0,0,0,3375,0.6171052631578947,168
L53551,L,26.950000000000045,36.450000000000045,1546,36.7,77,0,0,0,0,0,0,0,3465,0.47051282051282056,364
M21232,M,26.850000000000023,36.35000000000002,1879,22.4,79,0,0,0,0,0,0,1,3555,0.27999999999999997,260
H35787,H,26.850000000000023,36.35000000000002,1735,28.9,82,0,0,0,0,0,0,0,3690,0.3481927710843373,263
L53554,L,26.850000000000023,36.35000000000002,1506,38.8,87,0,0,0,0,0,0,1,3915,0.44090909090909086,349
H35789,H,26.850000000000023,36.450000000000045,1629,32.3,89,0,0,0,0,0,0,0,4005,0.35888888888888887,174
L53556,L,26.850000000000023,36.450000000000045,1694,28.7,94,0,0,0,0,0,0,1,4230,0.3021052631578947,315
L53557,L,26.950000000000045,36.450000000000045,1541,37.0,96,0,0,0,0,0,0,0,4320,0.38144329896907214,270
L53558,L,26.850000000000023,36.450000000000045,1514,44.6,98,0,0,0,0,0,0,1,4410,0.4505050505050505,248
L53559,L,26.950000000000045,36.55000000000001,1485,45.9,100,0,0,0,0,0,0,0,4500,0.4544554455445544,239
L53560,L,27.05000000000001,36.650000000000034,1430,55.0,102,0,0,0,0,0,0,0,4590,0.5339805825242718,152
L53561,L,27.05000000000001,36.55000000000001,1771,27.1,104,0,0,0,0,0,0,0,4680,0.2580952380952381,279
L53562,L,27.05000000000001,36.650000000000034,1481,41.9,106,0,0,0,0,0,0,0,4770,0.39158878504672895,154
H35797,H,27.05000000000001,36.55000000000001,1483,43.8,108,0,0,0,0,0,0,1,4860,0.40183486238532107,338
H35798,H,26.950000000000045,36.450000000000045,1463,45.1,113,0,0,0,0,0,0,1,5085,0.3956140350877193,169
L53565,L,26.950000000000045,36.55000000000001,1410,48.3,118,0,0,0,0,0,0,0,5310,0.40588235294117647,353
L53566,L,27.05000000000001,36.55000000000001,1656,34.3,120,0,0,0,0,0,0,1,5400,0.2834710743801653,187
M21247,M,27.05000000000001,36.650000000000034,1487,39.2,122,0,0,0,0,0,0,0,5490,0.31869918699186994,357
H35802,H,27.150000000000034,36.75,1509,46.6,125,0,0,0,0,0,0,1,5625,0.36984126984126986,250
H35803,H,27.150000000000034,36.75,1677,30.1,130,0,0,0,0,0,0,0,5850,0.2297709923664122,277
L53570,L,27.150000000000034,36.650000000000034,1450,55.0,135,0,0,0,0,0,0,1,6075,0.40441176470588236,251
M21251,M,27.05000000000001,36.55000000000001,1413,43.0,137,0,0,0,0,0,0,1,6165,0.3115942028985507,185
L53572,L,26.950000000000045,36.55000000000001,1680,33.8,140,0,0,0,0,0,0,0,6300,0.23971631205673757,323
L53573,L,27.05000000000001,36.55000000000001,1678,30.5,142,0,0,0,0,0,0,0,6390,0.21328671328671328,248
M21254,M,27.05000000000001,36.55000000000001,1408,44.0,144,0,0,0,0,0,0,0,6480,0.30344827586206896,262
M21255,M,26.950000000000045,36.450000000000045,1376,52.1,147,0,0,0,0,0,0,0,6615,0.35202702702702704,186
L53576,L,26.850000000000023,36.450000000000045,1526,46.4,150,0,0,0,0,0,0,0,6750,0.3072847682119205,203
M21257,M,26.850000000000023,36.450000000000045,1587,32.6,152,0,0,0,0,0,0,1,6840,0.21307189542483662,298
L53578,L,26.950000000000045,36.55000000000001,1351,58.2,155,0,0,0,0,0,0,0,6975,0.3730769230769231,298
M21259,M,26.950000000000045,36.450000000000045,1501,38.0,157,0,0,0,0,0,0,1,7065,0.24050632911392406,241
L53580,L,26.950000000000045,36.55000000000001,1601,35.8,160,0,0,0,0,0,0,0,7200,0.22236024844720495,219
M21261,M,26.850000000000023,36.450000000000045,1573,39.7,162,0,0,0,0,0,0,1,7290,0.24355828220858897,233
M21262,M,26.950000000000045,36.450000000000045,1584,36.7,165,0,0,0,0,0,0,1,7425,0.2210843373493976,337
L53583,L,26.950000000000045,36.450000000000045,1649,33.6,168,0,0,0,0,0,0,0,7560,0.1988165680473373,313
M21264,M,27.05000000000001,36.55000000000001,1183,61.4,170,0,0,0,0,0,0,0,7650,0.3590643274853801,354
L53585,L,26.950000000000045,36.55000000000001,2151,17.5,173,0,0,0,0,0,0,1,7785,0.10057471264367816,160
L53586,L,27.05000000000001,36.650000000000034,1526,45.6,175,0,0,0,0,0,0,1,7875,0.2590909090909091,237
M21267,M,27.150000000000034,36.75,1611,29.0,177,0,0,0,0,0,0,0,7965,0.16292134831460675,360
L53588,L,27.150000000000034,36.75,1601,31.7,180,0,0,0,0,0,0,1,8100,0.17513812154696132,236
L53589,L,27.150000000000034,36.85000000000002,1560,40.8,182,0,0,0,0,0,0,1,8190,0.22295081967213112,180
L53590,L,27.25,36.950000000000045,1544,41.9,184,0,0,0,0,0,0,1,8280,0.22648648648648648,250
M21271,M,27.25,36.85000000000002,1560,42.3,186,0,0,0,0,0,0,1,8370,0.22620320855614973,314
L53592,L,27.25,36.85000000000002,1423,44.2,189,0,0,0,0,0,0,1,8505,0.23263157894736844,209
L53593,L,27.25,36.950000000000045,1614,33.5,191,0,0,0,0,0,0,1,8595,0.17447916666666666,210
M21274,M,27.25,36.950000000000045,1457,35.1,193,0,0,0,0,0,0,0,8685,0.1809278350515464,216
L53595,L,27.25,36.950000000000045,1503,42.2,196,0,0,0,0,0,0,0,8820,0.21421319796954316,306
H35830,H,27.25,36.950000000000045,1484,38.0,198,0,0,0,0,0,0,0,8910,0.19095477386934673,344
L53597,L,27.150000000000034,36.75,1540,39.9,203,0,0,0,0,0,0,0,9135,0.19558823529411765,228
H35832,H,27.150000000000034,36.75,1405,52.1,205,0,0,0,0,0,0,1,9225,0.2529126213592233,220
H35833,H,27.150000000000034,36.75,1394,46.7,210,1,1,0,0,0,0,6,9450,0.2213270142180095,19
L53600,L,27.150000000000034,36.75,1518,36.4,0,0,0,0,0,0,0,1,0,36.4,277
L53601,L,27.150000000000034,36.75,1527,41.4,2,0,0,0,0,0,0,1,90,13.799999999999999,260
L53602,L,27.150000000000034,36.75,1377,55.3,4,0,0,0,0,0,0,0,180,11.059999999999999,165
M21283,M,27.150000000000034,36.85000000000002,1537,37.5,6,0,0,0,0,0,0,0,270,5.357142857142857,194
M21284,M,27.150000000000034,36.85000000000002,1409,43.2,9,0,0,0,0,0,0,1,405,4.32,183
L53605,L,27.150000000000034,36.75,1393,56.1,12,0,0,0,0,0,0,0,540,4.315384615384615,361
L53606,L,27.05000000000001,36.55000000000001,1448,36.8,14,0,0,0,0,0,0,0,630,2.453333333333333,193
L53607,L,27.05000000000001,36.650000000000034,1418,49.3,16,0,0,0,0,0,0,1,720,2.9,266
M21288,M,27.05000000000001,36.650000000000034,1743,24.1,18,0,0,0,0,0,0,1,810,1.2684210526315791,274
M21289,M,27.05000000000001,36.650000000000034,1394,47.4,21,0,0,0,0,0,0,1,945,2.1545454545454543,252
L53610,L,27.150000000000034,36.650000000000034,1523,39.2,24,0,0,0,0,0,0,1,1080,1.568,355
L53611,L,27.05000000000001,36.650000000000034,1353,59.4,26,0,0,0,0,0,0,1,1170,2.1999999999999997,269
M21292,M,27.150000000000034,36.75,1447,46.5,28,0,0,0,0,0,0,1,1260,1.603448275862069,319
L53613,L,27.150000000000034,36.75,1570,34.0,31,0,0,0,0,0,0,0,1395,1.0625,184
M21294,M,27.150000000000034,36.75,1494,38.5,33,0,0,0,0,0,0,0,1485,1.1323529411764706,275
L53615,L,27.150000000000034,36.75,1621,34.1,36,0,0,0,0,0,0,0,1620,0.9216216216216216,224
L53616,L,27.25,36.85000000000002,1769,26.1,38,0,0,0,0,0,0,1,1710,0.6692307692307693,233
L53617,L,27.25,36.85000000000002,1282,66.1,40,0,0,0,0,0,0,1,1800,1.6121951219512194,307
L53618,L,27.25,36.85000000000002,1581,30.3,42,0,0,0,0,0,0,0,1890,0.7046511627906977,202
L53619,L,27.450000000000045,36.950000000000045,1656,32.7,44,0,0,0,0,0,0,0,1980,0.7266666666666667,207
L53620,L,27.450000000000045,37.05000000000001,1648,31.7,46,0,0,0,0,0,0,0,2070,0.674468085106383,305
L53621,L,27.55000000000001,37.05000000000001,1639,31.4,48,0,0,0,0,0,0,1,2160,0.6408163265306123,292
L53622,L,27.55000000000001,37.05000000000001,1348,54.8,50,0,0,0,0,0,0,0,2250,1.0745098039215686,315
L53623,L,27.650000000000034,37.150000000000034,1537,33.3,52,0,0,0,0,0,0,0,2340,0.6283018867924528,199
M21304,M,27.650000000000034,37.150000000000034,1270,61.0,54,0,0,0,0,0,0,0,2430,1.1090909090909091,290
L53625,L,27.55000000000001,37.150000000000034,1662,34.4,57,0,0,0,0,0,0,1,2565,0.593103448275862,260
M21306,M,27.55000000000001,37.150000000000034,1471,40.2,59,0,0,0,0,0,0,0,2655,0.67,312
L53627,L,27.450000000000045,36.950000000000045,1337,45.8,62,0,0,0,0,0,0,0,2790,0.726984126984127,260
H35862,H,27.55000000000001,37.05000000000001,1877,24.8,64,0,0,0,0,0,0,1,2880,0.38153846153846155,301
L53629,L,27.450000000000045,37.05000000000001,1519,44.6,69,0,0,0,0,0,0,1,3105,0.6371428571428571,269
L53630,L,27.450000000000045,37.05000000000001,1378,47.3,71,0,0,0,0,0,0,1,3195,0.6569444444444444,214
L53631,L,27.55000000000001,37.05000000000001,1696,27.5,73,0,0,0,0,0,0,1,3285,0.3716216216216216,255
L53632,L,27.55000000000001,36.950000000000045,1376,50.8,75,0,0,0,0,0,0,1,3375,0.6684210526315789,240
L53633,L,27.55000000000001,37.05000000000001,1807,24.2,77,0,0,0,0,0,0,0,3465,0.31025641025641026,295
L53634,L,27.55000000000001,36.950000000000045,1598,32.8,79,0,0,0,0,0,0,0,3555,0.41,335
L53635,L,27.55000000000001,36.950000000000045,1565,40.2,81,0,0,0,0,0,0,1,3645,0.49024390243902444,175
L53636,L,27.55000000000001,37.05000000000001,1387,50.6,83,0,0,0,0,0,0,1,3735,0.6023809523809524,306
L53637,L,27.55000000000001,36.85000000000002,1395,48.0,85,0,0,0,0,0,0,1,3825,0.5581395348837209,221
M21318,M,27.450000000000045,36.85000000000002,1302,62.9,87,0,0,0,0,0,0,1,3915,0.7147727272727272,193
M21319,M,27.450000000000045,36.85000000000002,1397,55.2,90,0,0,0,0,0,0,0,4050,0.6065934065934067,239
L53640,L,27.450000000000045,36.85000000000002,1313,52.9,93,0,0,0,0,0,0,0,4185,0.5627659574468085,282
L53641,L,27.450000000000045,36.85000000000002,1505,35.9,95,0,0,0,0,0,0,1,4275,0.37395833333333334,310
H35876,H,27.450000000000045,36.85000000000002,1483,44.0,97,0,0,0,0,0,0,1,4365,0.4489795918367347,273
H35877,H,27.350000000000023,36.85000000000002,1358,60.4,102,0,0,0,0,0,0,1,4590,0.5864077669902913,154
M21324,M,27.350000000000023,36.75,1735,27.0,107,0,0,0,0,0,0,1,4815,0.25,276
M21325,M,27.350000000000023,36.650000000000034,1416,48.5,110,0,0,0,0,0,0,0,4950,0.4369369369369369,262
L53646,L,27.25,36.55000000000001,1740,31.1,113,0,0,0,0,0,0,1,5085,0.27280701754385966,260
L53647,L,27.25,36.55000000000001,1692,27.4,115,0,0,0,0,0,0,1,5175,0.23620689655172414,313
L53648,L,27.350000000000023,36.650000000000034,1507,42.5,117,0,0,0,0,0,0,0,5265,0.3601694915254237,226
M21329,M,27.25,36.450000000000045,1521,35.0,119,0,0,0,0,0,0,1,5355,0.2916666666666667,358
L53650,L,27.25,36.450000000000045,1379,54.5,122,0,0,0,0,0,0,0,5490,0.44308943089430897,162
L53651,L,27.25,36.450000000000045,1523,38.5,124,0,0,0,0,0,0,1,5580,0.308,302
H35886,H,27.25,36.450000000000045,1571,33.6,126,0,0,0,0,0,0,1,5670,0.26456692913385826,207
H35887,H,27.25,36.35000000000002,1547,50.7,131,0,0,0,0,0,0,0,5895,0.3840909090909091,279
M21334,M,27.350000000000023,36.55000000000001,1347,54.3,136,0,0,0,0,0,0,1,6120,0.3963503649635036,237
L53655,L,27.350000000000023,36.55000000000001,1560,30.2,139,0,0,0,0,0,0,0,6255,0.21571428571428572,185
L53656,L,27.350000000000023,36.55000000000001,1384,48.6,141,0,0,0,0,0,0,0,6345,0.34225352112676055,174
L53657,L,27.350000000000023,36.55000000000001,1841,24.6,143,0,0,0,0,0,0,0,6435,0.17083333333333334,183
L53658,L,27.350000000000023,36.650000000000034,1663,29.1,145,1,0,0,0,0,0,5,6525,0.1993150684931507,15
L53659,L,27.450000000000045,36.650000000000034,1418,42.7,147,0,0,0,0,0,0,1,6615,0.2885135135135135,168
L53660,L,27.55000000000001,36.75,1775,26.6,149,0,0,0,0,0,0,0,6705,0.17733333333333334,263
L53661,L,27.55000000000001,36.650000000000034,1406,48.4,151,0,0,0,0,0,0,1,6795,0.31842105263157894,255
L53662,L,27.450000000000045,36.75,1480,43.7,153,0,0,0,0,0,0,1,6885,0.2837662337662338,186
L53663,L,27.55000000000001,36.75,1412,45.3,155,0,0,0,0,0,0,1,6975,0.29038461538461535,256
H35898,H,27.450000000000045,36.650000000000034,1913,22.5,157,0,0,0,0,0,0,0,7065,0.14240506329113925,278
L53665,L,27.450000000000045,36.650000000000034,1629,37.6,162,0,0,0,0,0,0,0,7290,0.23067484662576687,209
L53666,L,27.350000000000023,36.650000000000034,1939,21.4,164,0,0,0,0,0,0,1,7380,0.1296969696969697,216
H35901,H,27.450000000000045,36.650000000000034,1541,36.2,166,0,0,0,0,0,0,0,7470,0.21676646706586827,326
L53668,L,27.55000000000001,36.650000000000034,1330,54.4,171,0,0,0,0,0,0,1,7695,0.31627906976744186,228
M21349,M,27.55000000000001,36.650000000000034,1490,38.8,173,0,0,0,0,0,0,1,7785,0.22298850574712642,323
L53670,L,27.55000000000001,36.75,1383,44.5,176,0,0,0,0,0,0,1,7920,0.2514124293785311,260
L53671,L,27.650000000000034,36.85000000000002,1468,52.7,178,0,0,0,0,0,0,0,8010,0.29441340782122905,197
M21352,M,27.650000000000034,36.75,1444,46.0,180,0,0,0,0,0,0,0,8100,0.2541436464088398,345
L53673,L,27.55000000000001,36.650000000000034,1363,53.1,183,0,0,0,0,0,0,1,8235,0.28858695652173916,296
L53674,L,27.450000000000045,36.55000000000001,1617,33.2,185,0,0,0,0,0,0,0,8325,0.17849462365591398,237
M21355,M,27.450000000000045,36.650000000000034,1694,31.1,187,0,0,0,0,0,0,1,8415,0.16542553191489362,189
L53676,L,27.55000000000001,36.75,1815,27.0,190,0,0,0,0,0,0,0,8550,0.14136125654450263,283
L53677,L,27.650000000000034,36.75,1312,65.3,192,1,0,0,0,1,0,4,8640,0.3383419689119171,33
H35912,H,27.650000000000034,36.75,2041,19.2,194,0,0,0,0,0,0,0,8730,0.09846153846153846,245
L53679,L,27.75,36.85000000000002,1671,26.8,199,0,0,0,0,0,0,1,8955,0.134,340
M21360,M,27.75,36.85000000000002,1416,46.6,201,0,0,0,0,0,0,1,9045,0.2306930693069307,312
M21361,M,27.75,36.85000000000002,1600,36.0,204,0,0,0,0,0,0,1,9180,0.17560975609756097,349
L53682,L,27.75,36.85000000000002,2595,13.7,207,0,0,0,0,0,0,0,9315,0.06586538461538462,210
M21363,M,27.75,36.75,1465,42.9,209,0,0,0,0,0,0,1,9405,0.2042857142857143,154
M21364,M,27.850000000000023,36.950000000000045,1681,27.4,212,0,0,0,0,0,0,1,9540,0.12863849765258215,186
L53685,L,27.950000000000045,36.950000000000045,1457,39.6,215,0,0,0,0,0,0,1,9675,0.18333333333333335,353
H35920,H,27.850000000000023,36.950000000000045,1454,44.1,217,0,0,0,0,0,0,1,9765,0.20229357798165137,288
L53687,L,27.850000000000023,36.950000000000045,1558,32.6,0,0,0,0,0,0,0,0,0,32.6,255
H35922,H,27.850000000000023,36.950000000000045,1756,30.7,2,0,0,0,0,0,0,0,90,10.233333333333333,248
L53689,L,27.950000000000045,36.950000000000045,1564,36.8,7,0,0,0,0,0,0,1,315,4.6,317
L53690,L,27.950000000000045,37.05000000000001,1455,55.3,9,0,0,0,0,0,0,0,405,5.529999999999999,342
M21371,M,28.05000000000001,36.950000000000045,2280,15.7,11,0,0,0,0,0,0,0,495,1.3083333333333333,157
M21372,M,27.950000000000045,36.85000000000002,1433,48.1,14,0,0,0,0,0,0,0,630,3.2066666666666666,236
L53693,L,27.950000000000045,36.85000000000002,1513,38.0,17,0,0,0,0,0,0,0,765,2.111111111111111,233
L53694,L,27.850000000000023,36.75,1507,41.8,19,0,0,0,0,0,0,0,855,2.09,160
L53695,L,27.850000000000023,36.85000000000002,1480,43.5,21,0,0,0,0,0,0,1,945,1.9772727272727273,220
H35930,H,27.950000000000045,36.85000000000002,1470,40.1,23,0,0,0,0,0,0,0,1035,1.6708333333333334,335
L53697,L,27.950000000000045,36.950000000000045,1540,36.6,28,0,0,0,0,0,0,1,1260,1.2620689655172415,243
H35932,H,27.850000000000023,36.85000000000002,1212,67.9,30,0,0,0,0,0,0,1,1350,2.1903225806451614,272
L53699,L,27.950000000000045,36.950000000000045,1417,46.9,35,0,0,0,0,0,0,1,1575,1.3027777777777778,325
M21380,M,28.05000000000001,36.950000000000045,1666,34.9,37,0,0,0,0,0,0,0,1665,0.9184210526315789,290
L53701,L,27.950000000000045,36.950000000000045,1666,27.2,40,0,0,0,0,0,0,0,1800,0.6634146341463415,255
L53702,L,27.950000000000045,36.950000000000045,1489,45.8,42,0,0,0,0,0,0,0,1890,1.0651162790697675,337
M21383,M,27.950000000000045,37.05000000000001,1850,27.7,44,0,0,0,0,0,0,0,1980,0.6155555555555555,198
L53704,L,27.950000000000045,37.25,1874,24.8,47,0,0,0,0,0,0,1,2115,0.5166666666666667,344
L53705,L,27.950000000000045,37.25,1312,73.6,49,1,0,0,1,0,0,6,2205,1.472,46
L53706,L,28.05000000000001,37.25,1515,38.4,51,0,0,0,0,0,0,1,2295,0.7384615384615384,354
L53707,L,28.05000000000001,37.25,1516,44.4,53,0,0,0,0,0,0,0,2385,0.8222222222222222,250
L53708,L,28.05000000000001,37.35000000000002,1546,40.0,55,0,0,0,0,0,0,1,2475,0.7142857142857143,302
L53709,L,28.150000000000034,37.450000000000045,1481,40.9,57,0,0,0,0,0,0,1,2565,0.7051724137931035,300
H35944,H,28.150000000000034,37.450000000000045,1605,32.5,59,0,0,0,0,0,0,1,2655,0.5416666666666666,200
H35945,H,28.05000000000001,37.55000000000001,1656,26.2,64,0,0,0,0,0,0,0,2880,0.40307692307692305,324
H35946,H,28.05000000000001,37.450000000000045,1352,52.0,69,0,0,0,0,0,0,1,3105,0.7428571428571429,154
L53713,L,28.150000000000034,37.55000000000001,1504,47.2,74,0,0,0,0,0,0,1,3330,0.6293333333333334,162
L53714,L,28.150000000000034,37.450000000000045,1436,44.2,76,0,0,0,0,0,0,0,3420,0.5740259740259741,191
H35949,H,28.05000000000001,37.35000000000002,1505,43.6,78,0,0,0,0,0,0,1,3510,0.5518987341772152,274
L53716,L,28.150000000000034,37.35000000000002,1406,47.1,83,0,0,0,0,0,0,0,3735,0.5607142857142857,282
M21397,M,28.150000000000034,37.35000000000002,1481,39.7,85,0,0,0,0,0,0,1,3825,0.4616279069767442,300
L53718,L,28.25,37.55000000000001,1487,44.6,88,0,0,0,0,0,0,0,3960,0.501123595505618,211
L53719,L,28.25,37.55000000000001,1436,54.1,90,0,0,0,0,0,0,0,4050,0.5945054945054945,278
M21400,M,28.25,37.55000000000001,1368,63.7,92,1,0,0,1,0,0,5,4140,0.6849462365591398,27
L53721,L,28.25,37.55000000000001,1509,38.3,95,0,0,0,0,0,0,1,4275,0.3989583333333333,263
L53722,L,28.25,37.650000000000034,1543,36.9,97,0,0,0,0,0,0,1,4365,0.3765306122448979,203
L53723,L,28.25,37.650000000000034,1698,29.6,99,0,0,0,0,0,0,0,4455,0.29600000000000004,349
M21404,M,28.25,37.55000000000001,1470,46.5,101,0,0,0,0,0,0,0,4545,0.45588235294117646,265
M21405,M,28.25,37.650000000000034,1738,30.3,104,0,0,0,0,0,0,0,4680,0.2885714285714286,280
M21406,M,28.25,37.650000000000034,1530,39.9,107,0,0,0,0,0,0,0,4815,0.3694444444444444,232
L53727,L,28.25,37.650000000000034,1740,29.2,110,0,0,0,0,0,0,0,4950,0.26306306306306304,341
L53728,L,28.25,37.650000000000034,1770,24.1,112,0,0,0,0,0,0,0,5040,0.21327433628318584,328
H35963,H,28.150000000000034,37.450000000000045,1527,44.0,114,0,0,0,0,0,0,0,5130,0.3826086956521739,279
L53730,L,28.150000000000034,37.55000000000001,1516,46.0,119,0,0,0,0,0,0,0,5355,0.38333333333333336,198
L53731,L,28.25,37.55000000000001,1616,36.5,121,0,0,0,0,0,0,0,5445,0.29918032786885246,180
L53732,L,28.25,37.55000000000001,1786,26.1,123,0,0,0,0,0,0,0,5535,0.21048387096774196,223
L53733,L,28.25,37.650000000000034,1389,52.7,125,0,0,0,0,0,0,0,5625,0.41825396825396827,266
M21414,M,28.25,37.55000000000001,1639,29.8,127,0,0,0,0,0,0,0,5715,0.2328125,357
H35969,H,28.350000000000023,37.55000000000001,1394,46.7,130,0,0,0,0,0,0,1,5850,0.3564885496183206,361
L53736,L,28.350000000000023,37.55000000000001,1686,27.9,135,0,0,0,0,0,0,0,6075,0.2051470588235294,152
M21417,M,28.350000000000023,37.450000000000045,1638,31.9,137,0,0,0,0,0,0,1,6165,0.23115942028985506,273
M21418,M,28.350000000000023,37.450000000000045,1447,41.9,140,0,0,0,0,0,0,1,6300,0.29716312056737587,312
H35973,H,28.350000000000023,37.450000000000045,1512,39.0,143,0,0,0,0,0,0,1,6435,0.2708333333333333,234
L53740,L,28.450000000000045,37.650000000000034,1961,21.8,148,0,0,0,0,0,0,0,6660,0.14630872483221477,313
L53741,L,28.350000000000023,37.55000000000001,1596,35.4,150,0,0,0,0,0,0,1,6750,0.2344370860927152,213
M21422,M,28.350000000000023,37.55000000000001,1871,21.3,152,0,0,0,0,0,0,0,6840,0.1392156862745098,309
L53743,L,28.350000000000023,37.55000000000001,1942,20.5,155,0,0,0,0,0,0,1,6975,0.13141025641025642,167
L53744,L,28.25,37.450000000000045,1557,38.2,157,0,0,0,0,0,0,0,7065,0.2417721518987342,183
L53745,L,28.25,37.450000000000045,1550,36.8,159,0,0,0,0,0,0,0,7155,0.22999999999999998,205
L53746,L,28.150000000000034,37.450000000000045,1966,22.6,161,0,0,0,0,0,0,1,7245,0.13950617283950617,216
M21427,M,28.150000000000034,37.450000000000045,1499,36.1,163,0,0,0,0,0,0,1,7335,0.2201219512195122,330
L53748,L,28.150000000000034,37.450000000000045,1521,36.3,166,0,0,0,0,0,0,0,7470,0.21736526946107781,344
M21429,M,28.25,37.55000000000001,1375,42.0,168,0,0,0,0,0,0,1,7560,0.2485207100591716,240
L53750,L,28.25,37.450000000000045,1634,31.1,171,0,0,0,0,0,0,0,7695,0.1808139534883721,343
M21431,M,28.150000000000034,37.450000000000045,1378,49.4,173,0,0,0,0,0,0,0,7785,0.28390804597701147,341
L53752,L,28.25,37.55000000000001,1428,53.7,176,0,0,0,0,0,0,0,7920,0.30338983050847457,216
M21433,M,28.25,37.450000000000045,1855,25.3,178,0,0,0,0,0,0,1,8010,0.14134078212290505,358
L53754,L,28.25,37.450000000000045,1578,33.0,181,0,0,0,0,0,0,0,8145,0.1813186813186813,259
M21435,M,28.25,37.35000000000002,1451,45.3,183,0,0,0,0,0,0,0,8235,0.24619565217391304,316
L53756,L,28.350000000000023,37.35000000000002,1644,34.9,186,0,0,0,0,0,0,0,8370,0.18663101604278073,315
L53757,L,28.25,37.25,1388,45.3,188,0,0,0,0,0,0,0,8460,0.23968253968253966,189
L53758,L,28.25,37.25,1543,40.9,190,0,0,0,0,0,0,1,8550,0.21413612565445025,296
L53759,L,28.150000000000034,37.25,1501,41.6,192,0,0,0,0,0,0,1,8640,0.2155440414507772,360
L53760,L,28.150000000000034,37.25,1507,39.1,194,0,0,0,0,0,0,1,8730,0.20051282051282052,282
L53761,L,28.25,37.25,1559,36.0,196,0,0,0,0,0,0,1,8820,0.18274111675126903,346
L53762,L,28.350000000000023,37.35000000000002,1528,35.7,198,0,0,0,0,0,0,0,8910,0.17939698492462314,291
M21443,M,28.350000000000023,37.35000000000002,1503,38.2,200,0,0,0,0,0,0,0,9000,0.1900497512437811,240
L53764,L,28.350000000000023,37.35000000000002,1372,44.0,203,0,0,0,0,0,0,0,9135,0.21568627450980393,198
M21445,M,28.350000000000023,37.35000000000002,1600,32.8,205,0,0,0,0,0,0,0,9225,0.15922330097087378,213
L53766,L,28.350000000000023,37.450000000000045,1453,44.0,208,0,0,0,0,0,0,0,9360,0.21052631578947367,261
M21447,M,28.450000000000045,37.55000000000001,1813,24.6,210,0,0,0,0,0,0,0,9450,0.1165876777251185,249
L53768,L,28.450000000000045,37.55000000000001,1457,40.4,213,0,0,0,0,0,0,1,9585,0.18878504672897195,334
M21449,M,28.450000000000045,37.450000000000045,1553,38.9,0,0,0,0,0,0,0,0,0,38.9,253
L53770,L,28.55000000000001,37.55000000000001,1763,25.9,3,0,0,0,0,0,0,0,135,6.475,312
L53771,L,28.55000000000001,37.55000000000001,2023,20.9,5,0,0,0,0,0,0,0,225,3.483333333333333,362
M21452,M,28.450000000000045,37.55000000000001,1457,47.8,7,0,0,0,0,0,0,1,315,5.975,154
L53773,L,28.450000000000045,37.55000000000001,1679,29.5,10,0,0,0,0,0,0,0,450,2.6818181818181817,268
L53774,L,28.450000000000045,37.450000000000045,2103,19.7,12,0,0,0,0,0,0,0,540,1.5153846153846153,237
M21455,M,28.350000000000023,37.55000000000001,1460,38.6,14,0,0,0,0,0,0,0,630,2.5733333333333333,316
M21456,M,28.350000000000023,37.55000000000001,1454,39.4,17,0,0,0,0,0,0,1,765,2.1888888888888887,276
L53777,L,28.350000000000023,37.450000000000045,1481,46.8,20,0,0,0,0,0,0,0,900,2.2285714285714286,173
L53778,L,28.350000000000023,37.55000000000001,1424,51.1,22,0,0,0,0,0,0,0,990,2.221739130434783,317
L53779,L,28.450000000000045,37.55000000000001,1494,39.5,24,0,0,0,0,0,0,1,1080,1.58,256
M21460,M,28.350000000000023,37.450000000000045,1424,47.0,26,0,0,0,0,0,0,0,1170,1.7407407407407407,199
M21461,M,28.350000000000023,37.55000000000001,1347,47.9,29,0,0,0,0,0,0,1,1305,1.5966666666666667,354
L53782,L,28.350000000000023,37.450000000000045,1374,46.7,32,0,0,0,0,0,0,0,1440,1.4151515151515153,207
M21463,M,28.350000000000023,37.450000000000045,1403,47.4,34,0,0,0,0,0,0,1,1530,1.3542857142857143,150
M21464,M,28.350000000000023,37.450000000000045,1573,37.4,37,0,0,0,0,0,0,0,1665,0.9842105263157894,320
M21465,M,28.450000000000045,37.450000000000045,1691,30.1,40,0,0,0,0,0,0,0,1800,0.7341463414634146,316
H36020,H,28.350000000000023,37.35000000000002,1538,44.3,43,0,0,0,0,0,0,1,1935,1.0068181818181818,287
L53787,L,28.350000000000023,37.35000000000002,1556,39.1,48,0,0,0,0,0,0,0,2160,0.7979591836734694,151
M21468,M,28.350000000000023,37.25,1593,36.8,50,0,0,0,0,0,0,0,2250,0.7215686274509804,212
L53789,L,28.350000000000023,37.25,1474,39.9,53,0,0,0,0,0,0,1,2385,0.7388888888888888,165
L53790,L,28.350000000000023,37.25,1543,34.0,55,0,0,0,0,0,0,0,2475,0.6071428571428571,186
H36025,H,28.350000000000023,37.35000000000002,1587,33.8,57,0,0,0,0,0,0,1,2565,0.5827586206896551,165
L53792,L,28.450000000000045,37.450000000000045,1222,70.0,62,0,0,0,0,0,0,0,2790,1.1111111111111112,236
L53793,L,28.55000000000001,37.450000000000045,1513,41.1,64,0,0,0,0,0,0,1,2880,0.6323076923076923,239
L53794,L,28.55000000000001,37.450000000000045,1660,28.7,66,0,0,0,0,0,0,0,2970,0.42835820895522386,229
L53795,L,28.55000000000001,37.450000000000045,1545,42.1,68,0,0,0,0,0,0,0,3060,0.610144927536232,176
M21476,M,28.55000000000001,37.450000000000045,1380,45.8,70,0,0,0,0,0,0,1,3150,0.6450704225352112,340
L53797,L,28.450000000000045,37.450000000000045,1321,60.8,73,0,0,0,0,0,0,0,3285,0.8216216216216216,260
M21478,M,28.450000000000045,37.450000000000045,1309,65.8,75,1,0,0,1,0,0,3,3375,0.8657894736842104,15
M21479,M,28.55000000000001,37.55000000000001,1627,31.3,78,0,0,0,0,0,0,1,3510,0.3962025316455696,246
M21480,M,28.450000000000045,37.55000000000001,1791,23.8,81,0,0,0,0,0,0,1,3645,0.2902439024390244,309
M21481,M,28.55000000000001,37.55000000000001,1861,21.8,84,0,0,0,0,0,0,0,3780,0.2564705882352941,286
L53802,L,28.55000000000001,37.55000000000001,1493,51.1,87,0,0,0,0,0,0,0,3915,0.5806818181818182,160
M21483,M,28.55000000000001,37.55000000000001,1442,41.1,89,0,0,0,0,0,0,0,4005,0.45666666666666667,219
L53804,L,28.55000000000001,37.55000000000001,1532,39.8,92,0,0,0,0,0,0,1,4140,0.4279569892473118,307
M21485,M,28.450000000000045,37.55000000000001,1421,44.4,94,0,0,0,0,0,0,1,4230,0.46736842105263154,292
L53806,L,28.450000000000045,37.450000000000045,1613,42.5,97,0,0,0,0,0,0,1,4365,0.4336734693877551,336
M21487,M,28.55000000000001,37.450000000000045,1876,22.1,99,0,0,0,0,0,0,0,4455,0.221,197
L53808,L,28.450000000000045,37.35000000000002,1593,34.5,102,0,0,0,0,0,0,1,4590,0.33495145631067963,243
L53809,L,28.450000000000045,37.35000000000002,1397,49.4,104,0,0,0,0,0,0,0,4680,0.47047619047619044,359
M21490,M,28.450000000000045,37.35000000000002,1414,49.3,106,0,0,0,0,0,0,0,4770,0.46074766355140184,225
M21491,M,28.350000000000023,37.25,1378,55.3,109,0,0,0,0,0,0,0,4905,0.5027272727272727,209
L53812,L,28.25,37.25,1301,51.2,112,0,0,0,0,0,0,0,5040,0.4530973451327434,217
M21493,M,28.350000000000023,37.35000000000002,1737,29.3,114,0,0,0,0,0,0,0,5130,0.25478260869565217,206
L53814,L,28.350000000000023,37.35000000000002,1396,44.5,117,0,0,0,0,0,0,0,5265,0.3771186440677966,213
L53815,L,28.350000000000023,37.35000000000002,1534,39.3,119,0,0,0,0,0,0,0,5355,0.32749999999999996,331
M21496,M,28.350000000000023,37.35000000000002,1774,25.5,121,0,0,0,0,0,0,0,5445,0.20901639344262296,229
H36051,H,28.350000000000023,37.35000000000002,1453,48.0,124,0,0,0,0,0,0,1,5580,0.384,236
L53818,L,28.350000000000023,37.35000000000002,1453,44.2,129,0,0,0,0,0,0,0,5805,0.34,352
L53819,L,28.25,37.35000000000002,1380,48.4,131,0,0,0,0,0,0,0,5895,0.36666666666666664,331
L53820,L,28.25,37.25,1334,43.2,133,0,0,0,0,0,0,1,5985,0.32238805970149254,336
L53821,L,28.350000000000023,37.35000000000002,1702,28.7,135,0,0,0,0,0,0,1,6075,0.21102941176470588,363
L53822,L,28.450000000000045,37.450000000000045,1431,37.5,137,0,0,0,0,0,0,1,6165,0.2717391304347826,316
M21503,M,28.350000000000023,37.35000000000002,1308,60.5,139,0,0,0,0,0,0,1,6255,0.43214285714285716,269
L53824,L,28.350000000000023,37.450000000000045,1565,43.9,142,0,0,0,0,0,0,0,6390,0.30699300699300697,292
M21505,M,28.350000000000023,37.25,1486,39.6,144,0,0,0,0,0,0,1,6480,0.2731034482758621,228
L53826,L,28.350000000000023,37.35000000000002,1479,34.2,147,0,0,0,0,0,0,1,6615,0.2310810810810811,351
L53827,L,28.350000000000023,37.35000000000002,1927,22.4,149,0,0,0,0,0,0,1,6705,0.14933333333333332,305
L53828,L,28.350000000000023,37.25,1488,41.1,151,0,0,0,0,0,0,1,6795,0.2703947368421053,185
M21509,M,28.350000000000023,37.25,1350,54.9,153,0,0,0,0,0,0,0,6885,0.3564935064935065,203
L53830,L,28.450000000000045,37.25,1561,35.3,156,0,0,0,0,0,0,1,7020,0.22484076433121017,294
M21511,M,28.350000000000023,37.25,1276,55.6,158,0,0,0,0,0,0,1,7110,0.349685534591195,249
H36066,H,28.350000000000023,37.25,1580,35.7,161,0,0,0,0,0,0,1,7245,0.22037037037037038,235
M21513,M,28.25,37.150000000000034,1610,29.1,166,0,0,0,0,0,0,1,7470,0.17425149700598802,364
L53834,L,28.25,37.150000000000034,2203,16.6,169,0,0,0,0,0,0,0,7605,0.09764705882352942,171
L53835,L,28.25,37.150000000000034,1639,32.7,171,0,0,0,0,0,0,1,7695,0.19011627906976747,224
M21516,M,28.25,37.25,1553,44.7,173,0,0,0,0,0,0,1,7785,0.25689655172413794,185
L53837,L,28.25,37.150000000000034,1374,47.6,176,0,0,0,0,0,0,1,7920,0.2689265536723164,178
L53838,L,28.25,37.25,1430,50.9,178,0,0,0,0,0,0,0,8010,0.28435754189944135,332
L53839,L,28.150000000000034,37.150000000000034,1626,31.3,180,0,0,0,0,0,0,1,8100,0.17292817679558012,319
H36074,H,28.25,37.35000000000002,1421,43.8,182,0,0,0,0,0,0,1,8190,0.23934426229508196,309
M21521,M,28.150000000000034,37.25,1501,39.8,187,0,0,0,0,0,0,0,8415,0.21170212765957444,291
M21522,M,28.150000000000034,37.25,2093,18.7,190,0,0,0,0,0,0,1,8550,0.09790575916230367,167
L53843,L,28.150000000000034,37.25,1504,47.2,193,0,0,0,0,0,0,0,8685,0.24329896907216497,187
L53844,L,28.150000000000034,37.25,1538,38.4,195,0,0,0,0,0,0,0,8775,0.19591836734693877,250
L53845,L,28.150000000000034,37.25,1440,41.5,197,0,0,0,0,0,0,1,8865,0.20959595959595959,183
L53846,L,28.150000000000034,37.25,1414,51.4,199,0,0,0,0,0,0,1,8955,0.257,270
H36081,H,28.25,37.35000000000002,1536,39.9,201,0,0,0,0,0,0,0,9045,0.1975247524752475,322
L53848,L,28.25,37.35000000000002,1476,39.2,206,0,0,0,0,0,0,0,9270,0.18937198067632852,236
L53849,L,28.25,37.35000000000002,1571,33.9,208,0,0,0,0,0,0,1,9360,0.16220095693779904,309
L53850,L,28.350000000000023,37.450000000000045,1998,20.2,210,0,0,0,0,0,0,0,9450,0.09573459715639811,259
L53851,L,28.350000000000023,37.450000000000045,1357,42.1,212,0,0,0,0,0,0,0,9540,0.19765258215962442,216
L53852,L,28.450000000000045,37.55000000000001,1424,50.5,214,0,0,0,0,0,0,1,9630,0.23488372093023255,340
L53853,L,28.450000000000045,37.55000000000001,1380,51.8,216,1,0,0,0,1,0,2,9720,0.23870967741935484,42
L53854,L,28.350000000000023,37.55000000000001,1618,35.5,218,0,0,0,0,0,0,0,9810,0.16210045662100456,192
L53855,L,28.350000000000023,37.450000000000045,1579,28.0,220,0,0,0,0,0,0,0,9900,0.12669683257918551,272
L53856,L,28.350000000000023,37.55000000000001,1423,44.0,222,0,0,0,0,0,0,0,9990,0.19730941704035873,171
L53857,L,28.350000000000023,37.55000000000001,1435,38.5,224,0,0,0,0,0,0,0,10080,0.1711111111111111,236
M21538,M,28.350000000000023,37.55000000000001,1336,65.6,0,1,0,0,1,0,0,5,0,65.6,59
L53859,L,28.450000000000045,37.650000000000034,1392,42.4,3,0,0,0,0,0,0,1,135,10.6,226
L53860,L,28.350000000000023,37.650000000000034,1417,49.7,5,0,0,0,0,0,0,0,225,8.283333333333333,274
L53861,L,28.25,37.55000000000001,1425,45.1,7,0,0,0,0,0,0,1,315,5.6375,245
L53862,L,28.350000000000023,37.650000000000034,1512,38.9,9,0,0,0,0,0,0,1,405,3.8899999999999997,271
L53863,L,28.350000000000023,37.75,1318,50.6,11,0,0,0,0,0,0,1,495,4.216666666666667,306
L53864,L,28.450000000000045,37.75,1538,40.4,13,0,0,0,0,0,0,1,585,2.8857142857142857,189
L53865,L,28.450000000000045,37.75,1532,43.6,15,0,0,0,0,0,0,1,675,2.725,253
L53866,L,28.55000000000001,37.85000000000002,1715,24.8,17,0,0,0,0,0,0,1,765,1.3777777777777778,322
L53867,L,28.55000000000001,37.85000000000002,1700,28.7,19,0,0,0,0,0,0,1,855,1.435,268
L53868,L,28.55000000000001,37.85000000000002,1548,40.3,21,0,0,0,0,0,0,1,945,1.8318181818181818,287
L53869,L,28.55000000000001,37.85000000000002,1546,43.0,23,0,0,0,0,0,0,0,1035,1.7916666666666667,354
L53870,L,28.55000000000001,37.85000000000002,1343,49.2,25,0,0,0,0,0,0,1,1125,1.8923076923076925,322
M21551,M,28.55000000000001,37.85000000000002,1510,47.8,27,0,0,0,0,0,0,1,1215,1.707142857142857,269
M21552,M,28.650000000000034,37.85000000000002,1839,23.6,30,0,0,0,0,0,0,1,1350,0.7612903225806452,166
M21553,M,28.650000000000034,37.85000000000002,1756,26.7,33,0,0,0,0,0,0,0,1485,0.7852941176470588,251
M21554,M,28.55000000000001,37.75,1300,62.7,36,0,0,0,0,0,0,1,1620,1.6945945945945946,279
M21555,M,28.55000000000001,37.85000000000002,1311,55.8,39,0,0,0,0,0,0,0,1755,1.395,294
L53876,L,28.55000000000001,37.75,1636,31.3,42,0,0,0,0,0,0,1,1890,0.727906976744186,257
L53877,L,28.450000000000045,37.75,1643,34.1,44,0,0,0,0,0,0,1,1980,0.7577777777777778,239
L53878,L,28.450000000000045,37.650000000000034,1418,44.7,46,0,0,0,0,0,0,0,2070,0.9510638297872341,268
M21559,M,28.55000000000001,37.650000000000034,1516,40.4,48,0,0,0,0,0,0,1,2160,0.8244897959183674,315
H36114,H,28.450000000000045,37.75,1419,50.2,51,0,0,0,0,0,0,0,2295,0.9653846153846154,314
L53881,L,28.450000000000045,37.75,1623,34.1,56,0,0,0,0,0,0,0,2520,0.5982456140350877,212
M21562,M,28.450000000000045,37.650000000000034,1664,32.0,58,0,0,0,0,0,0,1,2610,0.5423728813559322,154
M21563,M,28.350000000000023,37.55000000000001,1744,28.2,61,0,0,0,0,0,0,1,2745,0.45483870967741935,174
M21564,M,28.350000000000023,37.55000000000001,1510,36.0,64,0,0,0,0,0,0,0,2880,0.5538461538461539,222
M21565,M,28.350000000000023,37.450000000000045,1382,58.1,67,0,0,0,0,0,0,0,3015,0.8544117647058824,273
L53886,L,28.25,37.450000000000045,1381,46.1,70,0,0,0,0,0,0,1,3150,0.6492957746478873,171
L53887,L,28.150000000000034,37.450000000000045,1556,39.0,72,0,0,0,0,0,0,1,3240,0.5342465753424658,242
M21568,M,28.25,37.450000000000045,1464,37.4,74,0,0,0,0,0,0,1,3330,0.49866666666666665,340
L53889,L,28.25,37.450000000000045,1481,37.6,77,0,0,0,0,0,0,0,3465,0.48205128205128206,184
L53890,L,28.350000000000023,37.55000000000001,1323,49.7,79,0,0,0,0,0,0,1,3555,0.6212500000000001,204
L53891,L,28.350000000000023,37.55000000000001,1426,46.1,81,0,0,0,0,0,0,0,3645,0.5621951219512196,277
H36126,H,28.25,37.55000000000001,1516,36.4,83,0,0,0,0,0,0,1,3735,0.4333333333333333,169
L53893,L,28.150000000000034,37.450000000000045,1416,45.2,88,0,0,0,0,0,0,0,3960,0.5078651685393258,154
L53894,L,28.150000000000034,37.450000000000045,1440,53.8,90,0,0,0,0,0,0,0,4050,0.5912087912087912,316
L53895,L,28.150000000000034,37.450000000000045,1576,30.4,92,0,0,0,0,0,0,1,4140,0.3268817204301075,212
L53896,L,28.150000000000034,37.450000000000045,1387,53.6,94,0,0,0,0,0,0,0,4230,0.5642105263157895,181
M21577,M,28.25,37.450000000000045,1464,48.6,96,0,0,0,0,0,0,0,4320,0.5010309278350515,340
L53898,L,28.25,37.450000000000045,2137,18.0,99,0,0,0,0,0,0,0,4455,0.18,223
M21579,M,28.25,37.450000000000045,1431,40.6,101,0,0,0,0,0,0,0,4545,0.39803921568627454,317
L53900,L,28.150000000000034,37.450000000000045,1458,48.0,104,0,0,0,0,0,0,0,4680,0.45714285714285713,294
L53901,L,28.25,37.55000000000001,1280,61.0,106,0,0,0,0,0,0,1,4770,0.5700934579439252,250
L53902,L,28.25,37.55000000000001,1657,28.7,108,0,0,0,0,0,0,1,4860,0.26330275229357797,228
M21583,M,28.25,37.450000000000045,1565,36.1,110,0,0,0,0,0,0,0,4950,0.32522522522522523,350
L53904,L,28.150000000000034,37.450000000000045,1560,36.8,113,0,0,0,0,0,0,1,5085,0.3228070175438596,309
M21585,M,28.350000000000023,37.55000000000001,1359,47.1,115,0,0,0,0,0,0,0,5175,0.4060344827586207,172
L53906,L,28.350000000000023,37.650000000000034,1500,41.0,118,0,0,0,0,0,0,0,5310,0.3445378151260504,352
L53907,L,28.350000000000023,37.650000000000034,1785,25.5,120,0,0,0,0,0,0,1,5400,0.21074380165289255,337
L53908,L,28.350000000000023,37.75,1891,23.2,122,0,0,0,0,0,0,0,5490,0.18861788617886177,354
H36143,H,28.350000000000023,37.75,1524,40.4,124,0,0,0,0,0,0,0,5580,0.3232,359
M21590,M,28.450000000000045,37.85000000000002,1431,42.3,129,0,0,0,0,0,0,0,5805,0.3253846153846154,205
L53911,L,28.450000000000045,37.75,1385,51.2,132,0,0,0,0,0,0,1,5940,0.3849624060150376,286
L53912,L,28.55000000000001,37.85000000000002,1503,44.8,134,0,0,0,0,0,0,1,6030,0.33185185185185184,255
M21593,M,28.55000000000001,37.85000000000002,1311,46.8,136,0,0,0,0,0,0,0,6120,0.3416058394160584,218
M21594,M,28.450000000000045,37.75,1575,40.1,139,0,0,0,0,0,0,0,6255,0.2864285714285714,339
L53915,L,28.450000000000045,37.85000000000002,1485,40.1,142,0,0,0,0,0,0,0,6390,0.2804195804195804,341
L53916,L,28.55000000000001,37.85000000000002,1527,42.2,144,0,0,0,0,0,0,0,6480,0.2910344827586207,171
M21597,M,28.55000000000001,37.85000000000002,1537,33.5,146,0,0,0,0,0,0,0,6570,0.22789115646258504,181
H36152,H,28.650000000000034,37.950000000000045,1463,50.1,149,0,0,0,0,0,0,1,6705,0.334,324
L53919,L,28.55000000000001,38.05000000000001,1482,43.6,154,0,0,0,0,0,0,1,6930,0.2812903225806452,151
L53920,L,28.650000000000034,38.05000000000001,1417,55.9,156,0,0,0,0,0,0,1,7020,0.3560509554140127,272
M21601,M,28.55000000000001,37.950000000000045,1506,39.5,158,0,0,0,0,0,0,1,7110,0.24842767295597484,234
H36156,H,28.55000000000001,38.05000000000001,1639,30.0,161,0,0,0,0,0,0,0,7245,0.18518518518518517,329
L53923,L,28.55000000000001,38.05000000000001,1418,38.0,166,0,0,0,0,0,0,0,7470,0.2275449101796407,163
M21604,M,28.55000000000001,37.85000000000002,1298,58.1,168,0,0,0,0,0,0,1,7560,0.3437869822485207,186
M21605,M,28.650000000000034,37.950000000000045,1395,44.6,171,0,0,0,0,0,0,1,7695,0.2593023255813954,176
M21606,M,28.55000000000001,37.950000000000045,1578,40.5,174,0,0,0,0,0,0,0,7830,0.23142857142857143,301
M21607,M,28.650000000000034,37.950000000000045,1597,29.8,177,0,0,0,0,0,0,1,7965,0.16741573033707866,213
H36162,H,28.55000000000001,37.85000000000002,2016,19.3,180,0,0,0,0,0,0,0,8100,0.10662983425414366,219
L53929,L,28.55000000000001,37.85000000000002,1585,35.9,185,0,0,0,0,0,0,0,8325,0.19301075268817203,303
M21610,M,28.55000000000001,37.85000000000002,1505,44.0,187,0,0,0,0,0,0,0,8415,0.23404255319148937,331
M21611,M,28.55000000000001,37.85000000000002,1505,37.1,190,0,0,0,0,0,0,1,8550,0.19424083769633507,164
L53932,L,28.450000000000045,37.75,1706,29.5,193,0,0,0,0,0,0,1,8685,0.15206185567010308,178
L53933,L,28.450000000000045,37.75,1385,50.7,195,0,0,0,0,0,0,1,8775,0.2586734693877551,223
L53934,L,28.650000000000034,37.950000000000045,1495,36.9,197,0,0,0,0,0,0,1,8865,0.18636363636363637,177
M21615,M,28.650000000000034,37.950000000000045,1663,31.6,199,0,0,0,0,0,0,1,8955,0.158,208
L53936,L,28.650000000000034,38.05000000000001,1840,26.6,202,0,0,0,0,0,0,0,9090,0.1310344827586207,222
L53937,L,28.650000000000034,38.05000000000001,1822,26.2,204,0,0,0,0,0,0,1,9180,0.1278048780487805,298
L53938,L,28.55000000000001,37.950000000000045,1644,32.8,206,0,0,0,0,0,0,0,9270,0.1584541062801932,159
L53939,L,28.55000000000001,37.85000000000002,1441,44.3,208,1,1,0,0,0,0,6,9360,0.21196172248803827,53
L53940,L,28.350000000000023,37.75,1451,40.6,0,0,0,0,0,0,0,0,0,40.6,211
L53941,L,28.350000000000023,37.75,1400,50.8,2,0,0,0,0,0,0,1,90,16.933333333333334,281
L53942,L,28.25,37.650000000000034,1362,53.2,4,0,0,0,0,0,0,1,180,10.64,276
M21623,M,28.25,37.650000000000034,1782,26.5,6,0,0,0,0,0,0,1,270,3.7857142857142856,155
L53944,L,28.25,37.75,1536,38.3,9,0,0,0,0,0,0,1,405,3.8299999999999996,229
L53945,L,28.350000000000023,37.75,1580,32.3,11,0,0,0,0,0,0,1,495,2.6916666666666664,221
M21626,M,28.25,37.85000000000002,1427,43.2,13,0,0,0,0,0,0,1,585,3.085714285714286,165
L53947,L,28.150000000000034,37.75,1509,41.7,16,0,0,0,0,0,0,1,720,2.4529411764705884,187
H36182,H,28.150000000000034,37.650000000000034,1434,39.5,18,0,0,0,0,0,0,1,810,2.0789473684210527,326
L53949,L,28.05000000000001,37.650000000000034,1392,52.6,23,0,0,0,0,0,0,0,1035,2.191666666666667,338
M21630,M,28.150000000000034,37.650000000000034,1509,40.1,25,0,0,0,0,0,0,1,1125,1.5423076923076924,214
M21631,M,28.05000000000001,37.55000000000001,1962,22.5,28,0,0,0,0,0,0,0,1260,0.7758620689655172,275
L53952,L,28.150000000000034,37.55000000000001,1536,39.3,31,0,0,0,0,0,0,0,1395,1.228125,232
L53953,L,28.150000000000034,37.650000000000034,1381,47.9,33,0,0,0,0,0,0,0,1485,1.4088235294117646,327
H36188,H,28.05000000000001,37.55000000000001,1747,27.3,35,0,0,0,0,0,0,0,1575,0.7583333333333333,166
L53955,L,28.05000000000001,37.450000000000045,1670,30.0,40,0,0,0,0,0,0,1,1800,0.7317073170731707,262
L53956,L,28.150000000000034,37.450000000000045,1451,47.5,42,0,0,0,0,0,0,1,1890,1.1046511627906976,305
L53957,L,28.05000000000001,37.55000000000001,1951,21.3,44,0,0,0,0,0,0,0,1980,0.47333333333333333,321
M21638,M,28.150000000000034,37.55000000000001,1819,25.5,46,0,0,0,0,0,0,0,2070,0.5425531914893617,289
M21639,M,28.150000000000034,37.650000000000034,1372,54.2,49,0,0,0,0,0,0,0,2205,1.084,219
L53960,L,28.150000000000034,37.650000000000034,1560,38.5,52,0,0,0,0,0,0,1,2340,0.7264150943396226,220
M21641,M,28.150000000000034,37.650000000000034,1494,35.3,54,0,0,0,0,0,0,0,2430,0.6418181818181817,349
L53962,L,28.150000000000034,37.650000000000034,1531,53.4,57,0,0,0,0,0,0,0,2565,0.9206896551724137,280
L53963,L,28.150000000000034,37.650000000000034,1450,46.9,59,0,0,0,0,0,0,1,2655,0.7816666666666666,198
M21644,M,28.150000000000034,37.55000000000001,1391,52.5,61,0,0,0,0,0,0,0,2745,0.8467741935483871,170
L53965,L,28.05000000000001,37.450000000000045,1389,45.3,64,0,0,0,0,0,0,1,2880,0.6969230769230769,285
L53966,L,28.05000000000001,37.450000000000045,1409,50.9,66,0,0,0,0,0,0,1,2970,0.7597014925373134,213
H36201,H,27.950000000000045,37.450000000000045,1388,58.5,68,0,0,0,0,0,0,0,3060,0.8478260869565217,336
M21648,M,27.950000000000045,37.450000000000045,1410,43.9,73,0,0,0,0,0,0,0,3285,0.5932432432432432,307
M21649,M,27.950000000000045,37.35000000000002,1646,30.7,76,0,0,0,0,0,0,0,3420,0.39870129870129867,181
M21650,M,27.950000000000045,37.55000000000001,2219,16.7,79,0,0,0,0,0,0,1,3555,0.20875,352
L53971,L,28.05000000000001,37.55000000000001,1551,41.2,82,0,0,0,0,0,0,1,3690,0.49638554216867475,169
L53972,L,28.05000000000001,37.450000000000045,1811,24.0,84,0,0,0,0,0,0,1,3780,0.2823529411764706,165
L53973,L,28.150000000000034,37.55000000000001,1608,31.4,86,0,0,0,0,0,0,0,3870,0.36091954022988504,302
L53974,L,28.150000000000034,37.650000000000034,1428,55.2,88,0,0,0,0,0,0,0,3960,0.6202247191011236,209
L53975,L,28.25,37.650000000000034,1477,50.4,90,0,0,0,0,0,0,0,4050,0.5538461538461539,322
M21656,M,28.150000000000034,37.55000000000001,1300,58.3,92,0,0,0,0,0,0,0,4140,0.6268817204301075,286
M21657,M,28.05000000000001,37.55000000000001,1615,34.9,95,0,0,0,0,0,0,0,4275,0.36354166666666665,328
L53978,L,28.05000000000001,37.55000000000001,1676,32.4,98,0,0,0,0,0,0,0,4410,0.32727272727272727,252
M21659,M,27.950000000000045,37.55000000000001,2636,12.2,100,1,0,0,1,0,0,5,4500,0.12079207920792079,49
M21660,M,27.950000000000045,37.450000000000045,1310,48.8,103,0,0,0,0,0,0,1,4635,0.46923076923076923,317
L53981,L,27.950000000000045,37.55000000000001,1334,48.2,106,0,0,0,0,0,0,1,4770,0.4504672897196262,253
M21662,M,27.950000000000045,37.55000000000001,1621,31.0,108,0,0,0,0,0,0,0,4860,0.28440366972477066,210
M21663,M,27.950000000000045,37.55000000000001,1367,43.4,111,0,0,0,0,0,0,1,4995,0.3875,344
L53984,L,27.850000000000023,37.450000000000045,1588,33.7,114,0,0,0,0,0,0,1,5130,0.29304347826086957,357
M21665,M,27.850000000000023,37.55000000000001,1497,37.6,116,0,0,0,0,0,0,1,5220,0.3213675213675214,225
L53986,L,27.950000000000045,37.650000000000034,1608,32.9,119,0,0,0,0,0,0,0,5355,0.27416666666666667,164
L53987,L,27.850000000000023,37.650000000000034,1549,41.4,121,0,0,0,0,0,0,0,5445,0.33934426229508197,330
L53988,L,27.850000000000023,37.55000000000001,1391,45.0,123,0,0,0,0,0,0,1,5535,0.3629032258064516,281
L53989,L,27.75,37.650000000000034,1490,38.1,125,0,0,0,0,0,0,0,5625,0.3023809523809524,300
L53990,L,27.850000000000023,37.55000000000001,1727,34.5,127,0,0,0,0,0,0,0,5715,0.26953125,304
L53991,L,27.75,37.450000000000045,1504,46.4,129,0,0,0,0,0,0,0,5805,0.3569230769230769,252
L53992,L,27.75,37.450000000000045,1350,53.8,131,0,0,0,0,0,0,0,5895,0.40757575757575754,314
M21673,M,27.75,37.55000000000001,1420,43.0,133,0,0,0,0,0,0,1,5985,0.3208955223880597,354
H36228,H,27.650000000000034,37.450000000000045,1465,44.1,136,0,0,0,0,0,0,0,6120,0.3218978102189781,320
L53995,L,27.75,37.55000000000001,1427,44.1,141,0,0,0,0,0,0,1,6345,0.31056338028169017,314
L53996,L,27.75,37.55000000000001,1477,43.2,143,0,0,0,0,0,0,1,6435,0.30000000000000004,362
M21677,M,27.850000000000023,37.55000000000001,1493,48.1,145,0,0,0,0,0,0,0,6525,0.32945205479452055,306
M21678,M,27.850000000000023,37.55000000000001,1657,29.9,148,0,0,0,0,0,0,0,6660,0.20067114093959731,306
L53999,L,27.75,37.55000000000001,1359,46.0,151,0,0,0,0,0,0,0,6795,0.3026315789473684,326
L54000,L,27.650000000000034,37.450000000000045,1551,34.5,153,0,0,0,0,0,0,1,6885,0.22402597402597402,224
M21681,M,27.650000000000034,37.450000000000045,1545,37.5,155,0,0,0,0,0,0,1,6975,0.2403846153846154,328
M21682,M,27.75,37.450000000000045,1709,29.2,158,0,0,0,0,0,0,1,7110,0.18364779874213835,327
M21683,M,27.75,37.55000000000001,1268,56.3,161,0,0,0,0,0,0,1,7245,0.3475308641975308,177
L54004,L,27.75,37.55000000000001,1740,25.3,164,0,0,0,0,0,0,1,7380,0.15333333333333335,223
L54005,L,27.850000000000023,37.75,1828,25.1,166,0,0,0,0,0,0,1,7470,0.1502994011976048,282
L54006,L,27.850000000000023,37.75,1822,21.6,168,0,0,0,0,0,0,1,7560,0.12781065088757398,274
M21687,M,27.850000000000023,37.75,1515,41.8,170,0,0,0,0,0,0,0,7650,0.24444444444444444,205
L54008,L,27.850000000000023,37.75,1392,52.9,173,0,0,0,0,0,0,1,7785,0.3040229885057471,213
H36243,H,27.75,37.75,1474,35.7,175,0,0,0,0,0,0,1,7875,0.2028409090909091,276
M21690,M,27.850000000000023,37.75,1359,53.4,180,0,0,0,0,0,0,1,8100,0.2950276243093923,270
L54011,L,27.950000000000045,37.85000000000002,1565,52.3,183,0,0,0,0,0,0,1,8235,0.2842391304347826,238
M21692,M,27.950000000000045,37.950000000000045,1384,42.5,185,0,0,0,0,0,0,0,8325,0.22849462365591397,166
L54013,L,27.950000000000045,37.950000000000045,1387,53.1,188,0,0,0,0,0,0,1,8460,0.28095238095238095,246
L54014,L,27.950000000000045,37.85000000000002,1378,51.1,190,0,0,0,0,0,0,1,8550,0.2675392670157068,204
L54015,L,27.850000000000023,37.75,1809,25.7,192,0,0,0,0,0,0,0,8640,0.13316062176165802,286
H36250,H,27.950000000000045,37.85000000000002,1339,52.8,194,0,0,0,0,0,0,0,8730,0.27076923076923076,345
M21697,M,27.850000000000023,37.85000000000002,1423,38.6,199,0,0,0,0,0,0,1,8955,0.193,350
L54018,L,27.950000000000045,37.950000000000045,1570,41.6,202,0,0,0,0,0,0,1,9090,0.20492610837438424,259
L54019,L,28.05000000000001,38.05000000000001,1558,34.1,204,0,0,0,0,0,0,1,9180,0.16634146341463416,356
L54020,L,27.950000000000045,37.950000000000045,1799,21.7,206,0,0,0,0,0,0,1,9270,0.10483091787439613,165
M21701,M,27.950000000000045,38.05000000000001,1591,35.0,208,0,0,0,0,0,0,1,9360,0.1674641148325359,293
L54022,L,28.05000000000001,38.05000000000001,1635,29.6,211,0,0,0,0,0,0,1,9495,0.13962264150943396,162
L54023,L,28.150000000000034,38.150000000000034,1509,42.5,213,0,0,0,0,0,0,0,9585,0.1985981308411215,227
M21704,M,28.150000000000034,38.25,1838,23.2,215,0,0,0,0,0,0,0,9675,0.10740740740740741,363
M21705,M,28.150000000000034,38.35000000000002,1648,32.4,0,0,0,0,0,0,0,1,0,32.4,234
M21706,M,28.05000000000001,38.35000000000002,1498,49.5,3,0,0,0,0,0,0,1,135,12.375,222
L54027,L,28.05000000000001,38.25,1757,28.0,6,0,0,0,0,0,0,1,270,4.0,340
M21708,M,27.950000000000045,38.150000000000034,1389,53.3,8,0,0,0,0,0,0,0,360,5.922222222222222,268
L54029,L,27.950000000000045,38.150000000000034,1498,37.6,11,0,0,0,0,0,0,1,495,3.1333333333333333,318
M21710,M,27.850000000000023,38.05000000000001,1521,35.8,13,0,0,0,0,0,0,0,585,2.557142857142857,330
M21711,M,27.850000000000023,38.05000000000001,1394,41.3,16,0,0,0,0,0,0,0,720,2.429411764705882,217
H36266,H,27.850000000000023,38.05000000000001,1602,32.7,19,0,0,0,0,0,0,1,855,1.6350000000000002,223
L54033,L,27.75,37.950000000000045,1417,40.7,24,0,0,0,0,0,0,0,1080,1.6280000000000001,248
L54034,L,27.850000000000023,38.05000000000001,1511,42.9,26,0,0,0,0,0,0,1,1170,1.5888888888888888,266
M21715,M,27.950000000000045,38.150000000000034,1654,30.7,28,0,0,0,0,0,0,0,1260,1.0586206896551724,286
M21716,M,27.950000000000045,38.150000000000034,1836,22.8,31,0,0,0,0,0,0,1,1395,0.7125,328
L54037,L,27.950000000000045,38.150000000000034,1622,35.6,34,0,0,0,0,0,0,1,1530,1.0171428571428571,325
L54038,L,27.850000000000023,38.05000000000001,1467,45.4,36,0,0,0,0,0,0,0,1620,1.227027027027027,357
M21719,M,27.950000000000045,38.150000000000034,1909,22.7,38,0,0,0,0,0,0,0,1710,0.582051282051282,326
L54040,L,27.950000000000045,38.05000000000001,1910,20.2,41,0,0,0,0,0,0,0,1845,0.4809523809523809,295
H36275,H,27.950000000000045,38.150000000000034,2207,16.6,43,0,0,0,0,0,0,1,1935,0.3772727272727273,287
M21722,M,27.950000000000045,38.05000000000001,1384,49.4,48,0,0,0,0,0,0,0,2160,1.0081632653061223,362
L54043,L,27.950000000000045,38.150000000000034,1630,29.5,51,0,0,0,0,0,0,0,2295,0.5673076923076923,264
L54044,L,27.950000000000045,38.150000000000034,1268,60.0,53,0,0,0,0,0,0,1,2385,1.1111111111111112,203
L54045,L,27.950000000000045,38.25,1531,38.7,55,0,0,0,0,0,0,1,2475,0.6910714285714287,228
M21726,M,27.850000000000023,38.150000000000034,1454,41.5,57,0,0,0,0,0,0,0,2565,0.7155172413793104,164
L54047,L,27.850000000000023,38.150000000000034,1342,50.9,60,0,0,0,0,0,0,0,2700,0.8344262295081967,288
L54048,L,27.850000000000023,38.05000000000001,1363,46.3,62,0,0,0,0,0,0,0,2790,0.7349206349206349,317
L54049,L,27.850000000000023,38.05000000000001,1412,42.1,64,0,0,0,0,0,0,1,2880,0.6476923076923077,267
H36284,H,27.850000000000023,38.150000000000034,1597,39.2,66,0,0,0,0,0,0,1,2970,0.5850746268656717,261
L54051,L,27.850000000000023,38.150000000000034,1349,47.0,71,0,0,0,0,0,0,0,3195,0.6527777777777778,255
L54052,L,27.850000000000023,38.150000000000034,1472,35.3,73,0,0,0,0,0,0,1,3285,0.477027027027027,254
L54053,L,27.850000000000023,38.25,1478,39.5,75,0,0,0,0,0,0,0,3375,0.5197368421052632,196
H36288,H,27.75,38.150000000000034,1295,58.9,77,0,0,0,0,0,0,0,3465,0.7551282051282051,267
M21735,M,27.650000000000034,38.05000000000001,1592,32.9,82,0,0,0,0,0,0,1,3690,0.39638554216867466,275
L54056,L,27.650000000000034,38.05000000000001,1430,54.4,85,0,0,0,0,0,0,0,3825,0.6325581395348837,297
M21737,M,27.650000000000034,38.05000000000001,1488,40.1,87,0,0,0,0,0,0,0,3915,0.4556818181818182,247
H36292,H,27.75,38.05000000000001,1518,35.0,90,0,0,0,0,0,0,1,4050,0.38461538461538464,299
H36293,H,27.650000000000034,38.05000000000001,2237,17.0,95,0,0,0,0,0,0,0,4275,0.17708333333333334,197
M21740,M,27.75,38.150000000000034,1801,24.6,100,0,0,0,0,0,0,0,4500,0.2435643564356436,231
L54061,L,27.850000000000023,38.25,1573,37.6,103,0,0,0,0,0,0,1,4635,0.36153846153846153,165
L54062,L,27.75,38.25,2073,21.4,105,0,0,0,0,0,0,0,4725,0.20188679245283017,282
L54063,L,27.75,38.150000000000034,1953,19.4,107,0,0,0,0,0,0,0,4815,0.1796296296296296,342
L54064,L,27.650000000000034,38.05000000000001,1492,39.0,109,0,0,0,0,0,0,1,4905,0.35454545454545455,360
L54065,L,27.650000000000034,38.05000000000001,1397,48.7,111,0,0,0,0,0,0,1,4995,0.4348214285714286,223
M21746,M,27.650000000000034,38.150000000000034,1465,43.2,113,0,0,0,0,0,0,1,5085,0.37894736842105264,170
L54067,L,27.650000000000034,38.150000000000034,1782,26.9,116,0,0,0,0,0,0,0,5220,0.2299145299145299,210
M21748,M,27.75,38.25,1434,45.4,118,0,0,0,0,0,0,1,5310,0.3815126050420168,354
H36303,H,27.75,38.25,1387,42.7,121,0,0,0,0,0,0,0,5445,0.35000000000000003,332
M21750,M,27.75,38.25,1532,41.5,126,0,0,0,0,0,0,1,5670,0.32677165354330706,173
L54071,L,27.75,38.35000000000002,1505,41.1,129,0,0,0,0,0,0,0,5805,0.3161538461538462,172
L54072,L,27.850000000000023,38.450000000000045,1440,43.3,131,0,0,0,0,0,0,0,5895,0.328030303030303,236
L54073,L,27.850000000000023,38.450000000000045,1470,43.4,133,0,0,0,0,0,0,1,5985,0.3238805970149254,288
L54074,L,27.950000000000045,38.55000000000001,1408,46.3,135,0,0,0,0,0,0,0,6075,0.3404411764705882,324
M21755,M,27.850000000000023,38.450000000000045,1357,45.6,137,0,0,0,0,0,0,0,6165,0.3304347826086957,151
M21756,M,27.850000000000023,38.450000000000045,1454,40.0,140,0,0,0,0,0,0,1,6300,0.28368794326241137,347
L54077,L,27.850000000000023,38.450000000000045,1352,63.5,143,0,0,0,0,0,0,0,6435,0.4409722222222222,202
M21758,M,27.850000000000023,38.450000000000045,1448,43.9,145,0,0,0,0,0,0,0,6525,0.30068493150684933,288
L54079,L,27.75,38.450000000000045,1671,33.5,148,0,0,0,0,0,0,0,6660,0.22483221476510068,164
L54080,L,27.850000000000023,38.55000000000001,1670,31.3,150,0,0,0,0,0,0,1,6750,0.20728476821192054,350
L54081,L,27.850000000000023,38.55000000000001,1547,34.5,152,0,0,0,0,0,0,1,6840,0.22549019607843138,289
L54082,L,27.850000000000023,38.450000000000045,1461,40.6,154,0,0,0,0,0,0,1,6930,0.26193548387096777,271
M21763,M,27.850000000000023,38.450000000000045,1609,35.8,156,0,0,0,0,0,0,1,7020,0.22802547770700635,272
M21764,M,27.75,38.35000000000002,1704,31.3,159,0,0,0,0,0,0,1,7155,0.195625,313
M21765,M,27.850000000000023,38.35000000000002,1550,34.9,162,0,0,0,0,0,0,1,7290,0.21411042944785275,241
M21766,M,27.850000000000023,38.35000000000002,1530,43.9,165,0,0,0,0,0,0,1,7425,0.2644578313253012,172
L54087,L,27.75,38.150000000000034,1449,40.2,168,0,0,0,0,0,0,1,7560,0.2378698224852071,304
L54088,L,27.75,38.150000000000034,1613,32.7,170,0,0,0,0,0,0,0,7650,0.1912280701754386,237
L54089,L,27.650000000000034,38.05000000000001,1376,48.1,172,0,0,0,0,0,0,0,7740,0.27803468208092486,291
L54090,L,27.650000000000034,38.05000000000001,1434,45.6,174,0,0,0,0,0,0,0,7830,0.26057142857142856,331
L54091,L,27.650000000000034,37.950000000000045,1480,41.1,176,0,0,0,0,0,0,0,7920,0.23220338983050848,248
M21772,M,27.650000000000034,38.05000000000001,1634,31.9,178,0,0,0,0,0,0,1,8010,0.17821229050279327,176
L54093,L,27.650000000000034,38.05000000000001,1481,38.5,181,0,0,0,0,0,1,0,8145,0.21153846153846154,170
H36328,H,27.75,38.150000000000034,1668,28.9,183,0,0,0,0,0,0,0,8235,0.15706521739130433,198
L54095,L,27.850000000000023,38.25,1484,36.2,188,0,0,0,0,0,0,0,8460,0.19153439153439156,339
M21776,M,27.75,38.150000000000034,1603,31.8,190,0,0,0,0,0,0,0,8550,0.16649214659685865,354
L54097,L,27.850000000000023,38.25,1481,37.5,193,0,0,0,0,0,0,0,8685,0.19329896907216496,349
L54098,L,27.850000000000023,38.35000000000002,1559,31.8,195,0,0,0,0,0,0,1,8775,0.16224489795918368,193
L54099,L,27.850000000000023,38.35000000000002,1444,39.8,197,0,0,0,0,0,0,1,8865,0.201010101010101,193
M21780,M,28.05000000000001,38.450000000000045,1423,48.0,199,0,0,0,0,0,0,0,8955,0.24,277
L54101,L,27.950000000000045,38.450000000000045,1432,48.1,202,0,0,0,0,0,0,0,9090,0.23694581280788177,338
L54102,L,28.05000000000001,38.55000000000001,1463,48.3,204,0,0,0,0,0,0,0,9180,0.23560975609756096,319
L54103,L,28.05000000000001,38.55000000000001,1433,49.3,206,0,0,0,0,0,0,0,9270,0.23816425120772947,172
L54104,L,28.05000000000001,38.450000000000045,1461,52.9,208,1,0,0,0,1,0,5,9360,0.25311004784688995,18
M21785,M,27.950000000000045,38.450000000000045,1266,55.5,210,0,0,0,0,0,0,0,9450,0.26303317535545023,278
H36340,H,27.950000000000045,38.450000000000045,1417,53.4,0,0,0,0,0,0,0,1,0,53.4,274
L54107,L,27.950000000000045,38.450000000000045,1488,43.4,5,0,0,0,0,0,0,0,225,7.233333333333333,185
L54108,L,27.950000000000045,38.55000000000001,1816,24.5,7,0,0,0,0,0,0,1,315,3.0625,204
M21789,M,27.850000000000023,38.450000000000045,1301,55.0,9,0,0,0,0,0,0,1,405,5.5,259
M21790,M,27.75,38.35000000000002,1836,21.8,12,0,0,0,0,0,0,1,540,1.676923076923077,165
M21791,M,27.650000000000034,38.25,1521,39.9,15,0,0,0,0,0,0,0,675,2.49375,238
L54112,L,27.650000000000034,38.25,1322,67.2,18,1,0,0,1,0,0,3,810,3.5368421052631582,38
L54113,L,27.650000000000034,38.25,1492,40.6,20,0,0,0,0,0,0,1,900,1.9333333333333333,187
L54114,L,27.650000000000034,38.25,1536,40.9,22,0,0,0,0,0,0,0,990,1.7782608695652173,344
L54115,L,27.55000000000001,38.05000000000001,1878,24.3,24,0,0,0,0,0,0,0,1080,0.972,169
L54116,L,27.450000000000045,37.950000000000045,1471,40.7,26,0,0,0,0,0,0,1,1170,1.5074074074074075,168
H36351,H,27.450000000000045,37.950000000000045,1452,40.2,28,0,0,0,0,0,0,0,1260,1.3862068965517242,162
L54118,L,27.55000000000001,38.05000000000001,1452,44.4,33,0,0,0,0,0,0,1,1485,1.3058823529411765,166
M21799,M,27.55000000000001,38.150000000000034,1348,53.0,35,0,0,0,0,0,0,0,1575,1.4722222222222223,355
H36354,H,27.650000000000034,38.25,1453,44.6,38,0,0,0,0,0,0,0,1710,1.1435897435897435,179
L54121,L,27.650000000000034,38.25,1316,57.6,43,0,0,0,0,0,0,1,1935,1.309090909090909,363
M21802,M,27.650000000000034,38.25,1732,26.9,45,0,0,0,0,0,0,1,2025,0.5847826086956521,192
L54123,L,27.55000000000001,38.150000000000034,1522,35.2,48,0,0,0,0,0,0,1,2160,0.7183673469387756,197
M21804,M,27.55000000000001,38.150000000000034,1487,39.8,50,0,0,0,0,0,0,1,2250,0.780392156862745,192
M21805,M,27.650000000000034,38.25,1852,22.2,53,0,0,0,0,0,0,0,2385,0.4111111111111111,242
L54126,L,27.55000000000001,38.05000000000001,1486,46.8,56,0,0,0,0,0,0,0,2520,0.8210526315789474,263
M21807,M,27.55000000000001,38.150000000000034,1562,37.1,58,0,0,0,0,0,0,0,2610,0.628813559322034,215
L54128,L,27.55000000000001,38.05000000000001,1457,51.4,61,0,0,0,0,0,0,1,2745,0.8290322580645161,268
M21809,M,27.55000000000001,38.05000000000001,1769,26.5,63,0,0,0,0,0,0,0,2835,0.4140625,202
H36364,H,27.55000000000001,38.150000000000034,1374,53.1,66,0,0,0,0,0,0,0,2970,0.7925373134328358,221
L54131,L,27.650000000000034,38.150000000000034,1524,43.5,71,0,0,0,0,0,0,0,3195,0.6041666666666666,227
L54132,L,27.650000000000034,38.150000000000034,1498,40.2,73,0,0,0,0,0,0,1,3285,0.5432432432432432,311
L54133,L,27.650000000000034,38.150000000000034,1462,41.4,75,0,0,0,0,0,0,1,3375,0.5447368421052632,354
M21814,M,27.650000000000034,38.05000000000001,1429,52.3,77,0,0,0,0,0,0,0,3465,0.6705128205128205,223
L54135,L,27.55000000000001,38.05000000000001,1399,47.9,80,0,0,0,0,0,0,0,3600,0.591358024691358,221
M21816,M,27.650000000000034,38.05000000000001,1434,39.1,82,0,0,0,0,0,0,1,3690,0.4710843373493976,348
L54137,L,27.55000000000001,37.950000000000045,1324,52.2,85,0,0,0,0,0,0,1,3825,0.6069767441860465,162
L54138,L,27.450000000000045,37.85000000000002,1563,40.7,87,0,0,0,0,0,0,1,3915,0.4625,333
L54139,L,27.450000000000045,37.85000000000002,1543,34.7,89,0,0,0,0,0,0,1,4005,0.3855555555555556,208
L54140,L,27.55000000000001,37.85000000000002,1413,52.0,91,0,0,0,0,0,1,0,4095,0.5652173913043478,181
M21821,M,27.55000000000001,37.85000000000002,1378,41.2,93,0,0,0,0,0,0,1,4185,0.43829787234042555,232
M21822,M,27.55000000000001,37.950000000000045,1373,49.9,96,0,0,0,0,0,0,0,4320,0.5144329896907216,269
H36377,H,27.55000000000001,37.85000000000002,1981,19.9,99,0,0,0,0,0,0,1,4455,0.19899999999999998,356
M21824,M,27.55000000000001,37.85000000000002,1263,52.3,104,0,0,0,0,0,0,0,4680,0.4980952380952381,203
L54145,L,27.55000000000001,37.85000000000002,1312,52.1,107,0,0,0,0,0,0,0,4815,0.4824074074074074,151
L54146,L,27.55000000000001,37.85000000000002,1969,20.7,109,0,0,0,0,0,0,1,4905,0.18818181818181817,267
M21827,M,27.650000000000034,38.05000000000001,1365,51.7,111,0,0,0,0,0,0,0,4995,0.4616071428571429,186
L54148,L,27.75,38.05000000000001,1789,25.5,114,0,0,0,0,0,0,0,5130,0.2217391304347826,360
M21829,M,27.650000000000034,37.950000000000045,1583,32.1,116,0,0,0,0,0,0,0,5220,0.2743589743589744,246
L54150,L,27.55000000000001,37.85000000000002,1436,44.9,119,0,0,0,0,0,0,1,5355,0.37416666666666665,252
M21831,M,27.55000000000001,37.85000000000002,1559,42.8,121,0,0,0,0,0,0,1,5445,0.3508196721311475,263
L54152,L,27.55000000000001,37.85000000000002,1377,49.9,124,0,0,0,0,0,0,1,5580,0.3992,310
L54153,L,27.55000000000001,37.85000000000002,1462,41.9,126,0,0,0,0,0,0,0,5670,0.3299212598425197,150
L54154,L,27.55000000000001,37.85000000000002,1318,48.2,128,0,0,0,0,0,0,0,5760,0.3736434108527132,277
M21835,M,27.55000000000001,37.85000000000002,1378,51.6,130,0,0,0,0,0,0,0,5850,0.3938931297709924,252
L54156,L,27.450000000000045,37.75,1344,46.7,133,0,0,0,0,0,0,0,5985,0.3485074626865672,305
L54157,L,27.55000000000001,37.950000000000045,2377,14.3,135,0,0,0,0,0,0,1,6075,0.10514705882352941,294
L54158,L,27.55000000000001,37.950000000000045,1427,50.3,137,0,0,0,0,0,0,0,6165,0.3644927536231884,206
L54159,L,27.75,38.05000000000001,1353,60.4,139,0,0,0,0,0,0,0,6255,0.43142857142857144,219
L54160,L,27.650000000000034,38.150000000000034,1505,45.5,141,0,0,0,0,0,0,0,6345,0.3204225352112676,329
H36395,H,27.650000000000034,38.05000000000001,1612,32.5,143,0,0,0,0,0,0,1,6435,0.22569444444444445,193
L54162,L,27.55000000000001,37.950000000000045,1440,43.0,148,0,0,0,0,0,0,0,6660,0.28859060402684567,361
M21843,M,27.55000000000001,37.85000000000002,1334,53.9,150,0,0,0,0,0,0,1,6750,0.35695364238410593,324
M21844,M,27.55000000000001,37.85000000000002,1706,25.0,153,0,0,0,0,0,0,1,6885,0.16233766233766234,290
H36399,H,27.650000000000034,37.950000000000045,1698,24.8,156,0,0,0,0,0,0,0,7020,0.15796178343949044,225
L54166,L,27.55000000000001,37.950000000000045,1688,30.7,161,0,0,0,0,0,0,0,7245,0.18950617283950616,307
L54167,L,27.55000000000001,37.950000000000045,2437,13.8,163,0,0,0,0,0,0,0,7335,0.08414634146341464,234
L54168,L,27.55000000000001,37.950000000000045,1478,46.8,165,0,0,0,0,0,0,0,7425,0.2819277108433735,215
M21849,M,27.55000000000001,37.950000000000045,1608,35.3,167,0,0,0,0,0,0,1,7515,0.2101190476190476,202
L54170,L,27.55000000000001,37.950000000000045,2478,13.4,170,1,0,0,1,0,0,5,7650,0.0783625730994152,19
L54171,L,27.650000000000034,37.950000000000045,1509,33.4,172,0,0,0,0,0,0,1,7740,0.1930635838150289,177
L54172,L,27.55000000000001,37.85000000000002,1596,36.9,174,0,0,0,0,0,0,1,7830,0.21085714285714285,281
M21853,M,27.55000000000001,37.85000000000002,1740,25.6,176,0,0,0,0,0,0,1,7920,0.14463276836158193,191
L54174,L,27.450000000000045,37.650000000000034,1375,53.2,179,0,0,0,0,0,0,1,8055,0.29555555555555557,275
M21855,M,27.450000000000045,37.55000000000001,1705,31.2,181,0,0,0,0,0,0,1,8145,0.17142857142857143,266
M21856,M,27.350000000000023,37.450000000000045,1621,32.0,184,0,0,0,0,0,0,1,8280,0.17297297297297298,283
M21857,M,27.450000000000045,37.55000000000001,1566,38.2,187,0,0,0,0,0,0,1,8415,0.20319148936170214,251
M21858,M,27.450000000000045,37.55000000000001,1388,42.9,190,0,0,0,0,0,0,1,8550,0.22460732984293194,286
M21859,M,27.450000000000045,37.55000000000001,1457,36.7,193,0,0,0,0,0,0,0,8685,0.18917525773195878,297
M21860,M,27.450000000000045,37.450000000000045,1463,45.5,196,0,0,0,0,0,0,0,8820,0.23096446700507614,187
L54181,L,27.350000000000023,37.35000000000002,1564,38.2,199,0,0,0,0,0,0,0,8955,0.191,345
H36416,H,27.350000000000023,37.450000000000045,1411,47.2,201,0,0,0,0,0,0,1,9045,0.23366336633663368,199
L54183,L,27.350000000000023,37.450000000000045,1540,46.7,206,0,0,0,0,0,0,0,9270,0.22560386473429953,209
L54184,L,27.350000000000023,37.450000000000045,1950,20.3,208,0,0,0,0,0,0,1,9360,0.09712918660287082,290
M21865,M,27.450000000000045,37.55000000000001,1339,52.9,0,0,0,0,0,0,0,1,0,52.9,268
H36420,H,27.450000000000045,37.450000000000045,1419,39.6,3,0,0,0,0,0,0,0,135,9.9,248
L54187,L,27.350000000000023,37.450000000000045,1499,45.2,8,0,0,0,0,0,0,1,360,5.022222222222222,243
L54188,L,27.350000000000023,37.450000000000045,1368,49.6,10,0,0,0,0,0,0,0,450,4.509090909090909,319
L54189,L,27.350000000000023,37.35000000000002,1536,36.2,12,0,0,0,0,0,0,1,540,2.784615384615385,217
M21870,M,27.350000000000023,37.35000000000002,1469,42.9,14,0,0,0,0,0,0,1,630,2.86,302
L54191,L,27.350000000000023,37.35000000000002,2633,12.2,17,1,0,0,1,0,0,5,765,0.6777777777777777,40
L54192,L,27.25,37.25,1298,61.4,19,0,0,0,0,0,0,0,855,3.07,289
M21873,M,27.25,37.25,1544,36.3,21,0,0,0,0,0,0,0,945,1.65,213
H36428,H,27.350000000000023,37.35000000000002,1403,47.7,24,0,0,0,0,0,0,0,1080,1.9080000000000001,228
L54195,L,27.350000000000023,37.35000000000002,1452,42.9,29,0,0,0,0,0,0,0,1305,1.43,338
L54196,L,27.450000000000045,37.35000000000002,1509,43.1,31,0,0,0,0,0,0,0,1395,1.346875,202
M21877,M,27.55000000000001,37.450000000000045,1474,37.0,33,0,0,0,0,0,0,1,1485,1.088235294117647,175
M21878,M,27.55000000000001,37.55000000000001,1377,46.7,36,0,0,0,0,0,0,1,1620,1.2621621621621621,338
L54199,L,27.650000000000034,37.650000000000034,1741,27.1,39,0,0,0,0,0,0,1,1755,0.6775,287
L54200,L,27.650000000000034,37.650000000000034,1460,53.8,41,0,0,0,0,0,0,1,1845,1.2809523809523808,289
H36435,H,27.55000000000001,37.450000000000045,1631,32.6,43,0,0,0,0,0,0,0,1935,0.740909090909091,299
L54202,L,27.55000000000001,37.35000000000002,1561,33.2,48,0,0,0,0,0,0,1,2160,0.6775510204081633,330
M21883,M,27.55000000000001,37.450000000000045,1572,38.5,50,0,0,0,0,0,0,1,2250,0.7549019607843137,170
L54204,L,27.450000000000045,37.450000000000045,2127,18.7,53,0,0,0,0,0,0,0,2385,0.34629629629629627,312
H36439,H,27.450000000000045,37.450000000000045,1448,44.7,55,0,0,0,0,0,0,1,2475,0.7982142857142858,220
L54206,L,27.450000000000045,37.55000000000001,1543,39.6,60,0,0,0,0,0,0,0,2700,0.6491803278688525,231
L54207,L,27.450000000000045,37.450000000000045,1508,34.8,62,0,0,0,0,0,0,0,2790,0.5523809523809523,304
M21888,M,27.450000000000045,37.450000000000045,1403,50.4,64,0,0,0,0,0,0,0,2880,0.7753846153846153,209
L54209,L,27.450000000000045,37.450000000000045,1454,39.7,67,0,0,0,0,0,0,1,3015,0.5838235294117647,248
L54210,L,27.55000000000001,37.650000000000034,1772,27.3,69,0,0,0,0,0,0,0,3105,0.39,196
L54211,L,27.55000000000001,37.650000000000034,1479,49.1,71,0,0,0,0,0,0,1,3195,0.6819444444444445,343
L54212,L,27.55000000000001,37.75,1723,31.0,73,0,0,0,0,0,0,1,3285,0.4189189189189189,292
M21893,M,27.55000000000001,37.650000000000034,1469,46.4,75,0,0,0,0,0,0,1,3375,0.6105263157894737,173
H36448,H,27.450000000000045,37.450000000000045,1830,26.2,78,0,0,0,0,0,0,0,3510,0.33164556962025316,361
L54215,L,27.450000000000045,37.450000000000045,1497,38.2,83,0,0,0,0,0,0,0,3735,0.4547619047619048,159
L54216,L,27.55000000000001,37.450000000000045,1540,52.7,85,0,0,0,0,0,0,0,3825,0.6127906976744186,269
L54217,L,27.450000000000045,37.450000000000045,1514,39.5,87,0,0,0,0,0,0,1,3915,0.44886363636363635,301
L54218,L,27.55000000000001,37.450000000000045,1654,34.2,89,0,0,0,0,0,0,1,4005,0.38,237
H36453,H,27.450000000000045,37.35000000000002,1519,37.0,91,0,0,0,0,0,0,0,4095,0.40217391304347827,253
L54220,L,27.55000000000001,37.450000000000045,1720,30.3,96,0,0,0,0,0,0,1,4320,0.31237113402061856,273
L54221,L,27.450000000000045,37.35000000000002,1470,37.7,98,0,0,0,0,0,0,0,4410,0.3808080808080808,334
L54222,L,27.450000000000045,37.35000000000002,1642,29.9,100,0,0,0,0,0,0,0,4500,0.296039603960396,183
M21903,M,27.55000000000001,37.450000000000045,2006,19.1,102,0,0,0,0,0,0,1,4590,0.1854368932038835,190
M21904,M,27.55000000000001,37.450000000000045,1505,35.6,105,0,0,0,0,0,0,1,4725,0.3358490566037736,317
M21905,M,27.55000000000001,37.450000000000045,1609,27.6,108,0,0,0,0,0,0,0,4860,0.25321100917431194,160
M21906,M,27.55000000000001,37.35000000000002,1863,22.2,111,0,0,0,0,0,0,1,4995,0.1982142857142857,150
L54227,L,27.450000000000045,37.25,1401,42.6,114,0,0,0,0,0,0,0,5130,0.37043478260869567,307
L54228,L,27.450000000000045,37.25,2007,19.8,116,0,0,0,0,0,0,0,5220,0.16923076923076924,320
L54229,L,27.450000000000045,37.25,1494,47.3,118,0,0,0,0,0,0,1,5310,0.39747899159663863,231
L54230,L,27.450000000000045,37.25,1457,47.7,120,0,0,0,0,0,0,0,5400,0.3942148760330579,175
L54231,L,27.450000000000045,37.25,1556,37.7,122,0,0,0,0,0,0,1,5490,0.3065040650406504,202
H36466,H,27.450000000000045,37.25,1510,42.8,124,0,0,0,0,0,0,0,5580,0.3424,274
H36467,H,27.55000000000001,37.35000000000002,1567,38.7,129,0,0,0,0,0,0,1,5805,0.2976923076923077,324
H36468,H,27.55000000000001,37.35000000000002,1476,43.1,134,0,0,0,0,0,0,1,6030,0.31925925925925924,158
L54235,L,27.650000000000034,37.450000000000045,1663,30.6,139,0,0,0,0,0,0,0,6255,0.21857142857142858,158
M21916,M,27.650000000000034,37.35000000000002,1409,50.6,141,0,0,0,0,0,0,1,6345,0.3563380281690141,278
L54237,L,27.650000000000034,37.450000000000045,1666,36.2,144,0,0,0,0,0,0,1,6480,0.24965517241379312,348
L54238,L,27.55000000000001,37.450000000000045,1520,45.9,146,0,0,0,0,0,0,0,6570,0.31224489795918364,321
L54239,L,27.450000000000045,37.35000000000002,1644,33.8,148,0,0,0,0,0,0,1,6660,0.2268456375838926,208
H36474,H,27.450000000000045,37.25,1479,35.6,150,0,0,0,0,0,0,0,6750,0.23576158940397351,333
L54241,L,27.450000000000045,37.25,1446,49.7,155,0,0,0,0,0,0,1,6975,0.3185897435897436,255
M21922,M,27.450000000000045,37.25,1407,51.1,157,0,0,0,0,0,0,0,7065,0.32341772151898734,328
L54243,L,27.55000000000001,37.25,1234,51.7,160,0,0,0,0,0,0,0,7200,0.32111801242236027,274
M21924,M,27.650000000000034,37.35000000000002,1696,29.7,162,0,0,0,0,0,0,0,7290,0.18220858895705522,165
L54245,L,27.650000000000034,37.450000000000045,1384,52.9,165,0,0,0,0,0,0,0,7425,0.31867469879518073,187
M21926,M,27.650000000000034,37.55000000000001,1572,36.2,167,0,0,0,0,0,0,1,7515,0.2154761904761905,288
M21927,M,27.650000000000034,37.55000000000001,1386,42.1,170,0,0,0,0,0,0,0,7650,0.24619883040935672,302
L54248,L,27.650000000000034,37.55000000000001,1461,42.8,173,0,0,0,0,0,0,1,7785,0.24597701149425286,360
L54249,L,27.650000000000034,37.55000000000001,1525,39.4,175,0,0,0,0,0,0,0,7875,0.22386363636363635,359
L54250,L,27.55000000000001,37.55000000000001,1333,61.0,177,0,0,0,0,0,0,1,7965,0.34269662921348315,208
H36485,H,27.55000000000001,37.450000000000045,1505,40.6,179,0,0,0,0,0,0,0,8055,0.22555555555555556,178
M21932,M,27.55000000000001,37.450000000000045,1439,41.7,184,0,0,0,0,0,0,1,8280,0.22540540540540543,357
L54253,L,27.55000000000001,37.450000000000045,1491,43.2,187,0,0,0,0,0,0,1,8415,0.22978723404255322,317
M21934,M,27.55000000000001,37.450000000000045,1488,39.2,189,0,0,0,0,0,0,0,8505,0.20631578947368423,157
L54255,L,27.55000000000001,37.35000000000002,1536,47.4,192,0,0,0,0,0,0,0,8640,0.24559585492227978,247
L54256,L,27.55000000000001,37.35000000000002,1960,21.0,194,0,0,0,0,0,0,0,8730,0.1076923076923077,283
M21937,M,27.55000000000001,37.35000000000002,1594,31.0,196,0,0,0,0,0,0,1,8820,0.15736040609137056,322
L54258,L,27.55000000000001,37.35000000000002,1357,52.6,199,0,0,0,0,0,0,1,8955,0.263,258
L54259,L,27.55000000000001,37.35000000000002,1445,41.1,201,0,0,0,0,0,0,1,9045,0.20346534653465348,330
L54260,L,27.55000000000001,37.25,1543,47.3,203,0,0,0,0,0,0,1,9135,0.2318627450980392,257
L54261,L,27.55000000000001,37.25,1366,52.6,205,0,0,0,0,0,0,0,9225,0.25533980582524274,298
L54262,L,27.55000000000001,37.150000000000034,1458,40.0,207,0,0,0,0,0,0,0,9315,0.19230769230769232,206
L54263,L,27.55000000000001,37.25,1416,61.8,209,1,0,0,1,1,0,3,9405,0.29428571428571426,24
L54264,L,27.450000000000045,37.150000000000034,1794,24.4,211,0,0,0,0,0,0,0,9495,0.1150943396226415,262
L54265,L,27.450000000000045,37.150000000000034,1484,41.0,213,0,0,0,0,0,0,1,9585,0.19158878504672897,155
L54266,L,27.450000000000045,37.25,2514,13.4,215,0,0,0,0,0,0,1,9675,0.062037037037037036,340
L54267,L,27.450000000000045,37.150000000000034,1648,30.5,217,1,1,0,0,0,0,6,9765,0.13990825688073394,33
M21948,M,27.450000000000045,37.150000000000034,1614,32.7,0,0,0,0,0,0,0,1,0,32.7,283
L54269,L,27.450000000000045,37.05000000000001,1622,34.1,3,0,0,0,0,0,0,0,135,8.525,202
M21950,M,27.450000000000045,37.05000000000001,1478,40.1,5,0,0,0,0,0,0,1,225,6.683333333333334,281
L54271,L,27.450000000000045,37.05000000000001,1318,51.0,8,0,0,0,0,0,0,1,360,5.666666666666667,158
L54272,L,27.55000000000001,37.05000000000001,1493,35.9,10,0,0,0,0,0,0,1,450,3.2636363636363637,218
H36507,H,27.55000000000001,37.150000000000034,1369,50.7,12,0,0,0,0,0,0,1,540,3.9000000000000004,223
L54274,L,27.450000000000045,37.05000000000001,1447,45.9,17,0,0,0,0,0,0,1,765,2.55,260
L54275,L,27.450000000000045,36.950000000000045,1485,49.9,19,0,0,0,0,0,0,1,855,2.495,349
L54276,L,27.450000000000045,37.05000000000001,1489,47.8,21,0,0,0,0,0,0,0,945,2.1727272727272724,236
M21957,M,27.450000000000045,37.05000000000001,1233,52.3,23,0,0,0,0,0,0,1,1035,2.1791666666666667,153
L54278,L,27.55000000000001,37.05000000000001,1642,32.6,26,0,0,0,0,0,0,0,1170,1.2074074074074075,335
M21959,M,27.55000000000001,37.05000000000001,1373,44.1,28,0,0,0,0,0,0,0,1260,1.5206896551724138,186
L54280,L,27.55000000000001,37.05000000000001,1569,32.8,31,0,0,0,0,0,0,0,1395,1.025,220
L54281,L,27.650000000000034,37.05000000000001,1850,22.8,33,0,0,0,0,0,0,0,1485,0.6705882352941177,155
M21962,M,27.650000000000034,37.150000000000034,1494,42.2,35,0,0,0,0,0,0,0,1575,1.1722222222222223,200
H36517,H,27.650000000000034,37.150000000000034,1777,30.1,38,0,0,0,0,0,0,0,1710,0.7717948717948718,356
L54284,L,27.75,37.25,1454,43.1,43,0,0,0,0,0,0,1,1935,0.9795454545454546,248
L54285,L,27.75,37.25,1536,34.2,45,0,0,0,0,0,0,1,2025,0.7434782608695653,327
L54286,L,27.650000000000034,37.35000000000002,1482,39.0,47,0,0,0,0,0,0,1,2115,0.8125,245
H36521,H,27.75,37.35000000000002,1512,41.2,49,0,0,0,0,0,0,0,2205,0.8240000000000001,291
M21968,M,27.650000000000034,37.35000000000002,1511,35.8,54,0,0,0,0,0,0,0,2430,0.6509090909090909,160
L54289,L,27.75,37.35000000000002,1599,40.5,57,0,0,0,0,0,0,0,2565,0.6982758620689655,159
M21970,M,27.650000000000034,37.25,1518,36.0,59,0,0,0,0,0,0,1,2655,0.6,338
M21971,M,27.650000000000034,37.25,1450,39.4,62,0,0,0,0,0,0,1,2790,0.6253968253968254,358
L54292,L,27.75,37.25,1427,47.0,65,0,0,0,0,0,0,1,2925,0.7121212121212122,162
L54293,L,27.75,37.25,1561,32.7,67,0,0,0,0,0,0,0,3015,0.48088235294117654,270
H36528,H,27.75,37.25,1457,43.8,69,0,0,0,0,0,0,0,3105,0.6257142857142857,311
M21975,M,27.850000000000023,37.450000000000045,1460,53.6,74,0,0,0,0,0,0,0,3330,0.7146666666666667,209
L54296,L,27.850000000000023,37.35000000000002,1601,33.2,77,0,0,0,0,0,0,1,3465,0.4256410256410257,328
L54297,L,27.75,37.35000000000002,1570,40.1,79,0,0,0,0,0,0,0,3555,0.50125,154
L54298,L,27.75,37.35000000000002,1565,35.9,81,0,0,0,0,0,0,0,3645,0.4378048780487805,351
L54299,L,27.850000000000023,37.35000000000002,1378,44.4,83,0,0,0,0,0,0,0,3735,0.5285714285714286,309
L54300,L,27.75,37.35000000000002,2288,16.1,85,0,0,0,0,0,0,0,3825,0.18720930232558142,161
M21981,M,27.75,37.25,1375,44.7,87,0,0,0,0,0,0,1,3915,0.5079545454545454,329
L54302,L,27.75,37.25,1788,27.8,90,0,0,0,0,0,0,1,4050,0.3054945054945055,290
M21983,M,27.75,37.25,1576,40.4,92,0,0,0,0,0,0,0,4140,0.4344086021505376,234
M21984,M,27.650000000000034,37.150000000000034,1868,24.5,95,0,0,0,0,0,0,0,4275,0.2552083333333333,331
L54305,L,27.55000000000001,36.950000000000045,1261,56.6,98,0,0,0,0,0,0,1,4410,0.5717171717171717,266
M21986,M,27.450000000000045,36.85000000000002,1542,33.9,100,0,0,0,0,0,0,1,4500,0.3356435643564356,271
L54307,L,27.450000000000045,36.85000000000002,1438,53.8,103,0,0,0,0,0,0,0,4635,0.5173076923076922,331
L54308,L,27.450000000000045,36.85000000000002,1511,36.9,105,0,0,0,0,0,0,1,4725,0.3481132075471698,190
L54309,L,27.450000000000045,36.85000000000002,1635,31.0,107,0,0,0,0,0,0,1,4815,0.28703703703703703,197
L54310,L,27.450000000000045,36.75,1428,48.8,109,0,0,0,0,0,0,0,4905,0.4436363636363636,200
M21991,M,27.350000000000023,36.650000000000034,1410,44.4,111,0,0,0,0,0,0,1,4995,0.3964285714285714,324
L54312,L,27.350000000000023,36.75,1423,47.9,114,0,0,0,0,0,0,1,5130,0.4165217391304348,327
M21993,M,27.350000000000023,36.75,1552,41.3,116,0,0,0,0,0,0,1,5220,0.35299145299145296,267
M21994,M,27.350000000000023,36.85000000000002,1406,50.2,119,0,0,0,0,0,0,1,5355,0.41833333333333333,245
L54315,L,27.350000000000023,36.75,1443,48.3,122,0,0,0,0,0,0,0,5490,0.39268292682926825,225
M21996,M,27.350000000000023,36.75,1343,63.7,124,0,0,0,0,0,0,1,5580,0.5096,195
M21997,M,27.450000000000045,36.85000000000002,1486,41.2,127,0,0,0,0,0,0,1,5715,0.321875,249
L54318,L,27.450000000000045,36.950000000000045,1297,50.0,130,0,0,0,0,0,0,0,5850,0.3816793893129771,187
L54319,L,27.450000000000045,36.950000000000045,1495,42.3,132,0,0,0,0,0,0,1,5940,0.31804511278195485,241
L54320,L,27.350000000000023,36.75,1382,46.5,134,0,0,0,0,0,0,0,6030,0.34444444444444444,290
M22001,M,27.25,36.650000000000034,1356,44.4,136,0,0,0,0,0,0,0,6120,0.3240875912408759,353
H36556,H,27.150000000000034,36.55000000000001,1452,41.5,139,0,0,0,0,0,0,1,6255,0.29642857142857143,299
H36557,H,27.150000000000034,36.55000000000001,1582,30.8,144,0,0,0,0,0,0,1,6480,0.21241379310344827,279
M22004,M,27.25,36.650000000000034,1517,40.3,149,0,0,0,0,0,0,1,6705,0.26866666666666666,242
L54325,L,27.350000000000023,36.85000000000002,1413,44.5,152,0,0,0,0,0,0,1,6840,0.2908496732026144,226
L54326,L,27.25,36.75,1496,31.8,154,0,0,0,0,0,0,1,6930,0.20516129032258065,162
L54327,L,27.150000000000034,36.650000000000034,1466,41.2,156,0,0,0,0,0,0,0,7020,0.2624203821656051,206
M22008,M,27.150000000000034,36.650000000000034,1617,40.8,158,0,0,0,0,0,0,1,7110,0.25660377358490566,311
L54329,L,27.05000000000001,36.650000000000034,1506,41.8,161,0,0,0,0,0,0,0,7245,0.2580246913580247,296
L54330,L,27.05000000000001,36.650000000000034,1401,49.3,163,0,0,0,0,0,0,1,7335,0.30060975609756097,286
H36565,H,27.05000000000001,36.75,1906,22.9,165,0,0,0,0,0,0,0,7425,0.13795180722891565,265
L54332,L,27.05000000000001,36.75,1566,36.4,170,0,0,0,0,0,0,1,7650,0.2128654970760234,244
L54333,L,27.05000000000001,36.85000000000002,1493,47.3,172,0,0,0,0,0,0,1,7740,0.27341040462427746,310
L54334,L,27.150000000000034,36.950000000000045,1483,39.9,174,0,0,0,0,0,0,1,7830,0.22799999999999998,304
M22015,M,27.05000000000001,36.75,1569,31.2,176,0,0,0,0,0,0,1,7920,0.17627118644067796,322
M22016,M,27.05000000000001,36.85000000000002,1664,30.7,179,0,0,0,0,0,0,1,8055,0.17055555555555554,279
L54337,L,27.05000000000001,36.85000000000002,1486,40.1,182,0,0,0,0,0,0,0,8190,0.2191256830601093,228
L54338,L,27.05000000000001,36.85000000000002,1389,53.6,184,0,0,0,0,0,0,1,8280,0.2897297297297297,360
L54339,L,26.950000000000045,36.85000000000002,1511,41.7,186,0,0,0,0,0,0,1,8370,0.22299465240641714,206
M22020,M,27.05000000000001,36.950000000000045,1485,40.5,188,0,0,0,0,0,0,1,8460,0.21428571428571427,244
L54341,L,27.05000000000001,37.05000000000001,1440,42.9,191,0,0,0,0,0,0,0,8595,0.22343749999999998,206
L54342,L,27.05000000000001,37.05000000000001,1378,43.9,193,0,0,0,0,0,0,1,8685,0.22628865979381443,293
M22023,M,26.950000000000045,36.950000000000045,1501,39.3,195,0,0,0,0,0,0,0,8775,0.20051020408163264,256
M22024,M,27.05000000000001,36.950000000000045,1474,44.0,198,0,0,0,0,0,0,1,8910,0.22110552763819097,228
L54345,L,27.05000000000001,36.950000000000045,1392,47.9,201,0,0,0,0,0,0,0,9045,0.23712871287128712,283
M22026,M,27.150000000000034,37.05000000000001,1429,44.7,203,0,0,0,0,0,0,1,9135,0.21911764705882356,163
L54347,L,27.150000000000034,37.150000000000034,1362,60.3,206,1,0,0,0,1,0,4,9270,0.29130434782608694,5
L54348,L,27.150000000000034,37.150000000000034,1704,29.5,0,0,0,0,0,0,0,0,0,29.5,187
L54349,L,27.150000000000034,37.05000000000001,1492,52.3,2,0,0,0,0,0,0,1,90,17.433333333333334,296
M22030,M,27.150000000000034,37.05000000000001,1442,39.5,4,0,0,0,0,0,0,0,180,7.9,314
M22031,M,27.05000000000001,37.05000000000001,1438,51.5,7,0,0,0,0,0,0,1,315,6.4375,276
M22032,M,26.950000000000045,36.950000000000045,1402,46.6,10,0,0,0,0,0,0,1,450,4.236363636363636,153
L54353,L,26.950000000000045,36.950000000000045,1684,30.8,13,0,0,0,0,0,0,0,585,2.2,207
L54354,L,27.05000000000001,37.05000000000001,1530,48.5,15,0,0,0,0,0,0,1,675,3.03125,286
L54355,L,26.950000000000045,36.950000000000045,1569,43.5,17,0,0,0,0,0,0,0,765,2.4166666666666665,262
L54356,L,26.950000000000045,36.950000000000045,1650,31.6,19,0,0,0,0,0,0,0,855,1.58,317
L54357,L,27.05000000000001,37.05000000000001,1415,49.6,21,0,0,0,0,0,0,1,945,2.2545454545454544,292
L54358,L,27.05000000000001,37.05000000000001,1600,31.5,23,0,0,0,0,0,0,1,1035,1.3125,153
L54359,L,27.05000000000001,36.950000000000045,1523,42.3,25,0,0,0,0,0,0,1,1125,1.626923076923077,201
M22040,M,27.05000000000001,37.05000000000001,1628,30.3,27,0,0,0,0,0,0,0,1215,1.082142857142857,295
L54361,L,27.05000000000001,37.150000000000034,1331,52.1,30,0,0,0,0,0,0,0,1350,1.6806451612903226,330
L54362,L,27.150000000000034,37.150000000000034,2158,16.8,32,0,0,0,0,0,0,1,1440,0.5090909090909091,336
L54363,L,27.05000000000001,37.150000000000034,1445,50.9,34,0,0,0,0,0,0,0,1530,1.4542857142857142,248
M22044,M,27.05000000000001,37.150000000000034,1593,36.1,36,0,0,0,0,0,0,0,1620,0.9756756756756757,331
L54365,L,27.150000000000034,37.25,1672,29.2,39,0,0,0,0,0,0,0,1755,0.73,318
M22046,M,27.25,37.35000000000002,1644,31.4,41,0,0,0,0,0,0,0,1845,0.7476190476190476,337
L54367,L,27.25,37.35000000000002,1402,54.3,44,0,0,0,0,0,0,1,1980,1.2066666666666666,242
L54368,L,27.25,37.25,1286,56.8,46,0,0,0,0,0,0,1,2070,1.2085106382978723,266
L54369,L,27.25,37.25,1486,46.3,48,0,0,0,0,0,0,1,2160,0.9448979591836734,153
L54370,L,27.150000000000034,37.150000000000034,1345,46.3,50,0,0,0,0,0,0,0,2250,0.907843137254902,234
L54371,L,27.150000000000034,37.150000000000034,1629,34.1,52,0,0,0,0,0,0,0,2340,0.6433962264150944,316
M22052,M,27.05000000000001,37.05000000000001,1429,43.8,54,0,0,0,0,0,0,0,2430,0.7963636363636363,156
L54373,L,26.950000000000045,36.950000000000045,1306,64.7,57,0,0,0,0,0,0,0,2565,1.1155172413793104,274
L54374,L,26.950000000000045,36.950000000000045,1380,52.6,59,0,0,0,0,0,0,1,2655,0.8766666666666667,300
M22055,M,26.950000000000045,36.950000000000045,1443,49.3,61,0,0,0,0,0,0,0,2745,0.7951612903225806,234
H36610,H,26.950000000000045,36.950000000000045,1426,42.7,64,0,0,0,0,0,0,0,2880,0.6569230769230769,212
L54377,L,26.850000000000023,36.85000000000002,1486,41.8,69,0,0,0,0,0,0,1,3105,0.5971428571428571,342
M22058,M,26.850000000000023,36.75,1530,34.5,71,0,0,0,0,0,0,1,3195,0.4791666666666667,272
L54379,L,26.850000000000023,36.75,1507,41.4,74,0,0,0,0,0,0,1,3330,0.5519999999999999,318
L54380,L,26.850000000000023,36.75,1608,33.4,76,0,0,0,0,0,0,0,3420,0.43376623376623374,238
L54381,L,26.850000000000023,36.650000000000034,1474,40.6,78,0,0,0,0,0,0,0,3510,0.5139240506329114,244
L54382,L,26.850000000000023,36.55000000000001,1326,61.9,80,0,0,0,0,0,0,0,3600,0.7641975308641975,268
M22063,M,26.650000000000034,36.450000000000045,1434,48.0,82,0,0,0,0,0,0,0,3690,0.5783132530120482,193
L54384,L,26.650000000000034,36.450000000000045,1526,41.7,85,0,0,0,0,0,0,0,3825,0.4848837209302326,251
L54385,L,26.650000000000034,36.55000000000001,1483,39.6,87,0,0,0,0,0,0,0,3915,0.45,194
L54386,L,26.650000000000034,36.55000000000001,1457,51.9,89,0,0,0,0,0,0,1,4005,0.5766666666666667,346
M22067,M,26.55000000000001,36.450000000000045,1540,34.4,91,0,0,0,0,0,0,0,4095,0.3739130434782609,266
L54388,L,26.650000000000034,36.55000000000001,1707,29.1,94,0,0,0,0,0,0,1,4230,0.3063157894736842,200
L54389,L,26.650000000000034,36.55000000000001,1624,34.2,96,0,0,0,0,0,0,1,4320,0.3525773195876289,214
M22070,M,26.650000000000034,36.450000000000045,1331,50.2,98,0,0,0,0,0,0,1,4410,0.5070707070707071,203
L54391,L,26.650000000000034,36.55000000000001,1431,40.3,101,0,0,0,0,0,0,0,4545,0.39509803921568626,333
M22072,M,26.650000000000034,36.55000000000001,1705,28.5,103,0,0,0,0,0,0,0,4635,0.27403846153846156,359
M22073,M,26.650000000000034,36.650000000000034,1427,45.2,106,0,0,0,0,0,0,1,4770,0.4224299065420561,221
M22074,M,26.75,36.650000000000034,1625,41.2,109,0,0,0,0,0,0,0,4905,0.37454545454545457,269
L54395,L,26.75,36.650000000000034,1477,47.7,112,0,0,0,0,0,0,0,5040,0.42212389380530974,317
M22076,M,26.850000000000023,36.75,1651,28.1,114,0,0,0,0,0,0,1,5130,0.24434782608695654,335
L54397,L,26.75,36.650000000000034,1716,28.2,117,0,0,0,0,0,0,0,5265,0.23898305084745763,292
H36632,H,26.75,36.650000000000034,1400,48.7,119,0,0,0,0,0,0,0,5355,0.4058333333333334,168
M22079,M,26.650000000000034,36.55000000000001,1556,37.7,124,0,0,0,0,0,0,0,5580,0.30160000000000003,159
L54400,L,26.650000000000034,36.55000000000001,1429,42.6,127,0,0,0,0,0,0,0,5715,0.3328125,165
H36635,H,26.55000000000001,36.450000000000045,1433,49.6,129,0,0,0,0,0,0,1,5805,0.38153846153846155,320
M22082,M,26.650000000000034,36.55000000000001,1320,61.7,134,0,0,0,0,0,0,1,6030,0.4570370370370371,308
L54403,L,26.650000000000034,36.450000000000045,1374,51.6,137,0,0,0,0,0,0,0,6165,0.3739130434782609,257
L54404,L,26.650000000000034,36.450000000000045,1598,31.0,139,0,0,0,0,0,0,0,6255,0.22142857142857142,165
M22085,M,26.650000000000034,36.55000000000001,1910,21.8,141,0,0,0,0,0,0,0,6345,0.1535211267605634,229
L54406,L,26.55000000000001,36.450000000000045,1399,51.3,144,0,0,0,0,0,0,1,6480,0.35379310344827586,177
L54407,L,26.55000000000001,36.450000000000045,1720,27.1,146,0,0,0,0,0,0,0,6570,0.18435374149659864,339
H36642,H,26.650000000000034,36.55000000000001,1368,47.4,148,0,0,0,0,0,0,0,6660,0.3181208053691275,297
L54409,L,26.650000000000034,36.650000000000034,1749,33.4,153,0,0,0,0,0,0,1,6885,0.21688311688311687,312
L54410,L,26.650000000000034,36.650000000000034,1542,39.4,155,0,0,0,0,0,0,0,6975,0.25256410256410255,336
L54411,L,26.650000000000034,36.75,1553,36.6,157,0,0,0,0,0,0,1,7065,0.23164556962025318,158
M22092,M,26.75,36.75,1639,42.1,159,0,0,0,0,0,0,0,7155,0.263125,253
L54413,L,26.75,36.85000000000002,1447,45.9,162,0,0,0,0,0,0,1,7290,0.28159509202453986,287
M22094,M,26.650000000000034,36.85000000000002,1397,48.1,164,0,0,0,0,0,0,0,7380,0.2915151515151515,194
L54415,L,26.650000000000034,36.85000000000002,1361,53.8,167,0,0,0,0,0,0,0,7515,0.3202380952380952,359
M22096,M,26.650000000000034,36.85000000000002,1460,37.1,169,0,0,0,0,0,0,1,7605,0.21823529411764706,258
M22097,M,26.650000000000034,36.85000000000002,1632,33.7,172,0,0,0,0,0,0,1,7740,0.1947976878612717,292
L54418,L,26.650000000000034,36.85000000000002,1697,36.0,175,0,0,0,0,0,0,1,7875,0.20454545454545456,179
L54419,L,26.650000000000034,36.950000000000045,1553,42.0,177,0,0,0,0,0,0,1,7965,0.23595505617977527,197
M22100,M,26.75,36.950000000000045,1362,56.3,179,0,0,0,0,0,0,1,8055,0.31277777777777777,317
M22101,M,26.75,36.85000000000002,1484,42.1,182,0,0,0,0,0,0,0,8190,0.23005464480874319,240
H36656,H,26.75,36.950000000000045,1447,51.4,185,0,0,0,0,0,0,1,8325,0.27634408602150534,240
M22103,M,26.850000000000023,37.05000000000001,1393,51.2,190,0,0,0,0,0,0,1,8550,0.2680628272251309,360
L54424,L,26.850000000000023,37.05000000000001,1760,26.9,193,0,0,0,0,0,0,1,8685,0.13865979381443297,223
L54425,L,26.850000000000023,36.950000000000045,1477,34.6,195,0,0,0,0,0,0,1,8775,0.17653061224489797,193
L54426,L,26.75,36.950000000000045,1681,29.1,197,0,0,0,0,0,0,0,8865,0.14696969696969697,323
M22107,M,26.850000000000023,36.950000000000045,1314,53.5,199,0,0,0,0,0,0,0,8955,0.2675,283
L54428,L,26.850000000000023,36.950000000000045,1762,28.0,202,0,0,0,0,0,0,0,9090,0.13793103448275862,266
L54429,L,26.75,36.85000000000002,1402,44.7,204,0,0,0,0,0,0,0,9180,0.2180487804878049,173
M22110,M,26.950000000000045,37.05000000000001,1429,42.0,206,0,0,0,0,0,0,0,9270,0.2028985507246377,350
M22111,M,27.05000000000001,37.150000000000034,1448,40.1,209,0,0,0,0,0,0,1,9405,0.19095238095238096,156
H36666,H,27.05000000000001,37.25,1501,42.9,212,0,0,0,0,0,0,0,9540,0.20140845070422533,155
L54433,L,27.150000000000034,37.35000000000002,1522,39.1,217,0,0,0,0,0,0,0,9765,0.1793577981651376,267
L54434,L,27.150000000000034,37.25,1493,37.5,219,0,0,0,0,0,0,1,9855,0.17045454545454544,310
M22115,M,27.05000000000001,37.150000000000034,1704,29.4,221,0,0,0,0,0,0,1,9945,0.13243243243243244,234
H36670,H,27.05000000000001,37.150000000000034,1408,42.5,0,0,0,0,0,0,0,0,0,42.5,259
L54437,L,27.05000000000001,37.25,1518,41.8,5,0,0,0,0,0,0,0,225,6.966666666666666,315
L54438,L,27.150000000000034,37.25,1742,25.9,7,0,0,0,0,0,0,1,315,3.2375,321
M22119,M,27.25,37.35000000000002,1500,43.0,9,0,0,0,0,0,0,0,405,4.3,294
L54440,L,27.25,37.35000000000002,2424,14.5,12,0,0,0,0,0,0,1,540,1.1153846153846154,180
L54441,L,27.25,37.35000000000002,1818,25.1,14,0,0,0,0,0,0,1,630,1.6733333333333333,314
M22122,M,27.25,37.450000000000045,1545,35.6,16,0,0,0,0,0,0,0,720,2.0941176470588236,288
L54443,L,27.25,37.450000000000045,1429,46.9,19,0,0,0,0,0,0,0,855,2.3449999999999998,282
M22124,M,27.25,37.450000000000045,1448,44.9,21,0,0,0,0,0,0,0,945,2.040909090909091,213
L54445,L,27.25,37.450000000000045,1384,48.7,24,0,0,0,0,0,0,1,1080,1.9480000000000002,225
L54446,L,27.25,37.35000000000002,1578,32.8,26,0,0,0,0,0,0,1,1170,1.2148148148148148,280
L54447,L,27.350000000000023,37.35000000000002,1695,26.7,28,0,0,0,0,0,0,0,1260,0.9206896551724137,205
L54448,L,27.350000000000023,37.450000000000045,1543,36.2,30,0,0,0,0,0,0,0,1350,1.167741935483871,212
M22129,M,27.25,37.35000000000002,1540,33.4,32,0,0,0,0,0,0,0,1440,1.012121212121212,254
L54450,L,27.05000000000001,37.25,1808,25.8,35,0,0,0,0,0,0,1,1575,0.7166666666666667,187
M22131,M,27.150000000000034,37.25,1293,49.7,37,0,0,0,0,0,0,1,1665,1.3078947368421054,203
L54452,L,27.05000000000001,37.150000000000034,1202,59.5,40,0,0,0,0,0,0,1,1800,1.451219512195122,279
M22133,M,27.05000000000001,37.150000000000034,1704,29.2,42,0,0,0,0,0,0,0,1890,0.6790697674418604,151
M22134,M,27.05000000000001,37.150000000000034,1478,38.1,45,0,0,0,0,0,0,1,2025,0.8282608695652174,289
L54455,L,27.05000000000001,37.150000000000034,1514,38.7,48,0,0,0,0,0,0,1,2160,0.789795918367347,189
M22136,M,26.950000000000045,37.150000000000034,1350,48.8,50,0,0,0,0,0,0,0,2250,0.9568627450980391,151
L54457,L,26.950000000000045,37.05000000000001,1475,54.2,53,0,0,0,0,0,0,1,2385,1.0037037037037038,254
H36692,H,26.850000000000023,36.950000000000045,1714,28.7,55,0,0,0,0,0,0,0,2475,0.5125,274
L54459,L,26.850000000000023,36.950000000000045,1465,40.9,60,0,0,0,0,0,0,1,2700,0.6704918032786885,229
L54460,L,26.75,37.05000000000001,1288,69.6,62,1,0,0,1,0,0,6,2790,1.1047619047619046,15
L54461,L,26.850000000000023,37.05000000000001,1675,29.7,64,0,0,0,0,0,0,0,2880,0.45692307692307693,196
L54462,L,26.850000000000023,37.05000000000001,1486,36.4,66,0,0,0,0,0,0,1,2970,0.5432835820895522,313
M22143,M,26.850000000000023,37.05000000000001,1443,58.7,68,0,0,0,0,0,0,0,3060,0.8507246376811595,281
M22144,M,26.950000000000045,37.150000000000034,1345,57.1,71,0,0,0,0,0,0,1,3195,0.7930555555555556,352
M22145,M,27.05000000000001,37.25,1202,61.7,74,0,0,0,0,0,0,0,3330,0.8226666666666667,301
M22146,M,26.950000000000045,37.25,1480,37.1,77,0,0,0,0,0,0,0,3465,0.47564102564102567,359
M22147,M,27.05000000000001,37.25,1530,35.7,80,0,0,0,0,0,0,0,3600,0.44074074074074077,240
M22148,M,27.05000000000001,37.450000000000045,1983,20.8,83,0,0,0,0,0,0,1,3735,0.24761904761904763,250
L54469,L,27.150000000000034,37.450000000000045,1433,53.8,86,0,0,0,0,0,0,0,3870,0.6183908045977011,339
L54470,L,27.150000000000034,37.450000000000045,1806,24.4,88,0,0,0,0,0,0,0,3960,0.2741573033707865,279
L54471,L,27.05000000000001,37.35000000000002,1416,46.7,90,0,0,0,0,0,0,1,4050,0.5131868131868133,164
M22152,M,26.950000000000045,37.25,1556,38.1,92,0,0,0,0,0,0,0,4140,0.4096774193548387,352
L54473,L,26.950000000000045,37.35000000000002,1627,29.2,95,0,0,0,0,0,0,0,4275,0.30416666666666664,198
L54474,L,26.950000000000045,37.450000000000045,1809,24.3,97,0,0,0,0,0,0,0,4365,0.2479591836734694,261
M22155,M,26.950000000000045,37.35000000000002,1329,57.4,99,0,0,0,0,0,0,0,4455,0.574,364
H36710,H,26.850000000000023,37.25,1881,21.9,102,0,0,0,0,0,0,1,4590,0.21262135922330097,184
L54477,L,26.950000000000045,37.35000000000002,1500,39.8,107,0,0,0,0,0,0,0,4815,0.36851851851851847,265
L54478,L,26.950000000000045,37.35000000000002,1532,36.0,109,0,0,0,0,0,0,0,4905,0.32727272727272727,243
L54479,L,26.950000000000045,37.35000000000002,1492,50.9,111,0,0,0,0,0,0,1,4995,0.4544642857142857,324
L54480,L,27.05000000000001,37.450000000000045,1431,42.3,113,0,0,0,0,0,0,0,5085,0.37105263157894736,173
L54481,L,26.950000000000045,37.25,1554,39.4,115,0,0,0,0,0,0,0,5175,0.3396551724137931,360
L54482,L,26.950000000000045,37.35000000000002,1494,44.2,117,0,0,0,0,0,0,1,5265,0.3745762711864407,209
L54483,L,26.950000000000045,37.450000000000045,1374,45.4,119,0,0,0,0,0,0,1,5355,0.3783333333333333,226
L54484,L,26.950000000000045,37.35000000000002,1394,44.3,121,0,0,0,0,0,0,1,5445,0.36311475409836064,197
M22165,M,26.850000000000023,37.35000000000002,1790,25.7,123,0,0,0,0,0,0,1,5535,0.20725806451612902,300
L54486,L,26.950000000000045,37.35000000000002,1356,45.8,126,0,0,0,0,0,0,0,5670,0.3606299212598425,289
M22167,M,26.850000000000023,37.25,1385,52.1,128,0,0,0,0,0,0,1,5760,0.4038759689922481,190
L54488,L,26.850000000000023,37.25,1333,49.1,131,0,0,0,0,0,0,0,5895,0.371969696969697,306
L54489,L,26.850000000000023,37.25,1505,44.9,133,0,0,0,0,0,0,1,5985,0.33507462686567163,347
L54490,L,26.850000000000023,37.35000000000002,1606,33.5,135,0,0,0,0,0,0,0,6075,0.24632352941176472,328
H36725,H,26.850000000000023,37.35000000000002,1558,36.7,137,0,0,0,0,0,0,1,6165,0.2659420289855073,277
L54492,L,26.850000000000023,37.35000000000002,1412,52.4,142,0,0,0,0,0,0,1,6390,0.36643356643356645,300
L54493,L,26.75,37.25,1408,38.4,144,0,0,0,0,0,0,0,6480,0.26482758620689656,180
L54494,L,26.75,37.150000000000034,1268,53.3,146,0,0,0,0,0,0,1,6570,0.3625850340136054,298
L54495,L,26.75,37.25,1470,50.0,148,0,0,0,0,0,0,1,6660,0.33557046979865773,173
L54496,L,26.75,37.25,1497,47.0,150,0,0,0,0,0,0,1,6750,0.31125827814569534,349
L54497,L,26.75,37.150000000000034,1638,29.1,152,0,0,0,0,0,0,0,6840,0.19019607843137257,158
H36732,H,26.75,37.150000000000034,1535,43.9,154,0,0,0,0,0,0,1,6930,0.2832258064516129,299
L54499,L,26.650000000000034,37.05000000000001,1654,32.7,159,0,0,0,0,0,0,1,7155,0.20437500000000003,281
H36734,H,26.650000000000034,37.05000000000001,1411,49.7,161,0,0,0,0,0,0,0,7245,0.30679012345679013,226
L54501,L,26.650000000000034,37.05000000000001,1911,23.5,166,0,0,0,0,0,0,0,7470,0.1407185628742515,280
H36736,H,26.650000000000034,37.05000000000001,1573,33.3,168,0,0,0,0,0,0,1,7560,0.1970414201183432,269
L54503,L,26.75,37.05000000000001,1479,46.3,173,0,0,0,0,0,0,0,7785,0.26609195402298846,305
M22184,M,26.75,37.25,1820,26.6,175,0,0,0,0,0,0,0,7875,0.15113636363636365,239
L54505,L,26.75,37.25,1419,45.7,178,0,0,0,0,0,0,0,8010,0.25530726256983244,266
M22186,M,26.75,37.35000000000002,1335,52.9,180,0,0,0,0,0,0,1,8100,0.29226519337016577,259
M22187,M,26.75,37.35000000000002,1576,39.4,183,0,0,0,0,0,0,1,8235,0.21413043478260868,270
L54508,L,26.850000000000023,37.35000000000002,1517,42.2,186,0,0,0,0,0,0,0,8370,0.22566844919786097,247
M22189,M,26.75,37.25,1576,34.3,188,0,0,0,0,0,0,1,8460,0.18148148148148147,164
H36744,H,26.650000000000034,37.05000000000001,1537,36.6,191,0,0,0,0,0,0,0,8595,0.19062500000000002,285
L54511,L,26.650000000000034,37.150000000000034,1524,34.2,196,0,0,0,0,0,0,1,8820,0.1736040609137056,325
M22192,M,26.650000000000034,37.150000000000034,1805,23.7,198,0,0,0,0,0,0,0,8910,0.11909547738693467,201
M22193,M,26.75,37.25,1367,53.3,201,0,0,0,0,0,0,1,9045,0.2638613861386139,204
L54514,L,26.650000000000034,37.25,1694,30.3,204,0,0,0,0,0,0,0,9180,0.14780487804878048,186
L54515,L,26.75,37.25,1328,49.9,206,0,0,0,0,0,0,1,9270,0.24106280193236715,281
H36750,H,26.75,37.35000000000002,1549,42.8,208,0,0,0,0,0,0,1,9360,0.2047846889952153,204
L54517,L,26.75,37.35000000000002,1539,32.8,213,0,0,0,0,0,0,0,9585,0.15327102803738316,161
L54518,L,26.650000000000034,37.35000000000002,1496,38.8,215,0,0,0,0,0,0,1,9675,0.1796296296296296,296
L54519,L,26.650000000000034,37.25,1579,36.4,0,0,0,0,0,0,0,1,0,36.4,356
L54520,L,26.55000000000001,37.150000000000034,1386,46.6,2,0,0,0,0,0,0,1,90,15.533333333333333,334
L54521,L,26.55000000000001,37.150000000000034,1505,37.7,4,0,0,0,0,0,0,1,180,7.540000000000001,186
M22202,M,26.55000000000001,37.150000000000034,1661,34.5,6,0,0,0,0,0,0,1,270,4.928571428571429,353
L54523,L,26.450000000000045,37.05000000000001,1468,48.0,9,0,0,0,0,0,0,1,405,4.8,360
L54524,L,26.450000000000045,36.950000000000045,1384,49.8,11,0,0,0,0,0,0,1,495,4.1499999999999995,156
L54525,L,26.450000000000045,37.05000000000001,1381,60.5,13,0,0,0,0,0,0,1,585,4.321428571428571,204
L54526,L,26.450000000000045,37.05000000000001,1469,47.0,15,0,0,0,0,0,0,0,675,2.9375,177
L54527,L,26.450000000000045,37.05000000000001,1627,36.6,17,0,0,0,0,0,0,1,765,2.033333333333333,186
H36762,H,26.55000000000001,37.150000000000034,1462,40.4,19,0,0,0,0,0,0,0,855,2.02,361
L54529,L,26.55000000000001,37.05000000000001,1633,36.5,24,0,0,0,0,0,0,1,1080,1.46,338
L54530,L,26.55000000000001,37.05000000000001,1469,39.5,26,0,0,0,0,0,0,0,1170,1.462962962962963,224
L54531,L,26.55000000000001,37.05000000000001,1458,43.4,28,0,0,0,0,0,0,1,1260,1.496551724137931,263
M22212,M,26.55000000000001,37.05000000000001,1440,42.8,30,0,0,0,0,0,0,0,1350,1.3806451612903226,316
L54533,L,26.650000000000034,37.150000000000034,1687,30.4,33,0,0,0,0,0,0,0,1485,0.8941176470588235,255
M22214,M,26.55000000000001,37.150000000000034,1429,47.7,35,0,0,0,0,0,0,1,1575,1.3250000000000002,300
L54535,L,26.450000000000045,37.05000000000001,1588,34.1,38,0,0,0,0,0,0,0,1710,0.8743589743589744,329
L54536,L,26.450000000000045,37.05000000000001,1333,51.2,40,0,0,0,0,0,0,1,1800,1.248780487804878,259
L54537,L,26.450000000000045,36.950000000000045,1487,42.9,42,0,0,0,0,0,0,1,1890,0.9976744186046511,233
M22218,M,26.350000000000023,36.950000000000045,1659,31.5,44,0,0,0,0,0,0,0,1980,0.7,361
M22219,M,26.25,36.85000000000002,1512,43.2,47,0,0,0,0,0,0,1,2115,0.9,160
L54540,L,26.350000000000023,36.950000000000045,1585,35.2,50,0,0,0,0,0,0,0,2250,0.6901960784313727,215
L54541,L,26.350000000000023,36.85000000000002,1502,38.5,52,0,0,0,0,0,0,0,2340,0.7264150943396226,162
L54542,L,26.350000000000023,36.85000000000002,1594,35.1,54,0,0,0,0,0,0,1,2430,0.6381818181818182,354
L54543,L,26.350000000000023,36.85000000000002,1412,48.9,56,0,0,0,0,0,0,1,2520,0.8578947368421053,318
L54544,L,26.350000000000023,36.75,1402,51.7,58,0,0,0,0,0,0,1,2610,0.876271186440678,326
L54545,L,26.450000000000045,36.950000000000045,2057,20.4,60,0,0,0,0,0,0,1,2700,0.33442622950819667,164
H36780,H,26.450000000000045,36.950000000000045,1531,36.8,62,0,0,0,0,0,0,1,2790,0.584126984126984,205
M22227,M,26.350000000000023,36.950000000000045,1359,61.1,67,0,0,0,0,0,0,0,3015,0.8985294117647059,331
M22228,M,26.450000000000045,37.05000000000001,1620,30.0,70,0,0,0,0,0,0,0,3150,0.4225352112676056,308
M22229,M,26.450000000000045,36.950000000000045,1646,29.6,73,0,0,0,0,0,0,1,3285,0.4,338
M22230,M,26.450000000000045,36.950000000000045,1455,46.1,76,0,0,0,0,0,0,1,3420,0.5987012987012987,335
L54551,L,26.450000000000045,37.05000000000001,1512,44.0,79,0,0,0,0,0,0,1,3555,0.55,364
L54552,L,26.450000000000045,37.05000000000001,1473,42.7,81,0,0,0,0,0,0,0,3645,0.5207317073170732,337
L54553,L,26.450000000000045,36.950000000000045,1553,38.0,83,0,0,0,0,0,0,0,3735,0.4523809523809524,202
L54554,L,26.350000000000023,36.85000000000002,1379,50.4,85,0,0,0,0,0,0,0,3825,0.586046511627907,363
M22235,M,26.25,36.75,1567,40.6,87,0,0,0,0,0,0,1,3915,0.46136363636363636,210
L54556,L,26.350000000000023,36.85000000000002,1481,43.1,90,0,0,0,0,0,0,1,4050,0.47362637362637366,357
L54557,L,26.350000000000023,36.85000000000002,1349,52.7,92,0,0,0,0,0,0,0,4140,0.5666666666666667,277
L54558,L,26.350000000000023,36.85000000000002,1388,52.4,94,0,0,0,0,0,0,1,4230,0.5515789473684211,191
M22239,M,26.450000000000045,36.950000000000045,1357,48.7,96,0,0,0,0,0,0,1,4320,0.5020618556701031,178
L54560,L,26.450000000000045,37.05000000000001,1743,24.8,99,0,0,0,0,0,0,0,4455,0.248,361
L54561,L,26.55000000000001,37.150000000000034,1495,43.1,101,0,0,0,0,0,0,0,4545,0.42254901960784313,304
L54562,L,26.650000000000034,37.25,1698,28.3,103,0,0,0,0,0,0,1,4635,0.27211538461538465,193
M22243,M,26.55000000000001,37.25,1410,44.5,105,0,0,0,0,0,0,0,4725,0.419811320754717,282
L54564,L,26.55000000000001,37.25,1614,36.2,108,0,0,0,0,0,0,1,4860,0.3321100917431193,329
M22245,M,26.650000000000034,37.35000000000002,1375,53.9,110,0,0,0,0,0,0,0,4950,0.48558558558558557,262
M22246,M,26.650000000000034,37.450000000000045,1574,31.8,113,0,0,0,0,0,0,0,5085,0.2789473684210526,255
H36801,H,26.650000000000034,37.450000000000045,1423,44.6,116,0,0,0,0,0,0,1,5220,0.38119658119658123,330
M22248,M,26.650000000000034,37.450000000000045,1694,31.3,121,0,0,0,0,0,0,1,5445,0.25655737704918036,329
L54569,L,26.650000000000034,37.450000000000045,1707,32.5,124,0,0,0,0,0,0,0,5580,0.26,187
M22250,M,26.55000000000001,37.35000000000002,1490,41.2,126,0,0,0,0,0,0,1,5670,0.32440944881889766,321
L54571,L,26.55000000000001,37.450000000000045,1675,31.3,129,0,0,0,0,0,0,0,5805,0.24076923076923076,330
M22252,M,26.55000000000001,37.35000000000002,1492,39.3,131,0,0,0,0,0,0,1,5895,0.29772727272727273,264
M22253,M,26.55000000000001,37.35000000000002,1594,35.4,134,0,0,0,0,0,0,0,6030,0.2622222222222222,279
L54574,L,26.55000000000001,37.450000000000045,1479,38.0,137,0,0,0,0,0,0,0,6165,0.2753623188405797,258
M22255,M,26.55000000000001,37.450000000000045,1572,38.0,139,0,0,0,0,0,0,0,6255,0.2714285714285714,331
L54576,L,26.55000000000001,37.450000000000045,1616,35.1,142,0,0,0,0,0,0,1,6390,0.24545454545454545,233
L54577,L,26.55000000000001,37.450000000000045,1737,26.1,144,0,0,0,0,0,0,0,6480,0.18000000000000002,354
M22258,M,26.55000000000001,37.55000000000001,1498,37.8,146,0,0,0,0,0,0,0,6570,0.2571428571428571,312
L54579,L,26.450000000000045,37.450000000000045,1642,35.1,149,0,0,0,0,0,0,0,6705,0.234,195
M22260,M,26.450000000000045,37.450000000000045,1633,34.2,151,0,0,0,0,0,0,0,6795,0.225,349
L54581,L,26.650000000000034,37.650000000000034,1409,51.9,154,0,0,0,0,0,0,1,6930,0.33483870967741935,241
M22262,M,26.650000000000034,37.650000000000034,1463,43.5,156,0,0,0,0,0,0,1,7020,0.2770700636942675,254
L54583,L,26.650000000000034,37.650000000000034,1376,48.6,159,0,0,0,0,0,0,0,7155,0.30375,356
L54584,L,26.650000000000034,37.650000000000034,1553,32.2,161,0,0,0,0,0,0,0,7245,0.19876543209876546,332
M22265,M,26.650000000000034,37.650000000000034,1530,35.2,163,0,0,0,0,0,0,1,7335,0.21463414634146344,221
L54586,L,26.650000000000034,37.75,1545,40.7,166,0,0,0,0,0,0,0,7470,0.24371257485029943,288
H36821,H,26.650000000000034,37.75,1427,47.2,168,0,0,0,0,0,0,1,7560,0.27928994082840236,178
L54588,L,26.75,37.75,1292,51.1,173,0,0,0,0,0,0,0,7785,0.29367816091954024,346
L54589,L,26.650000000000034,37.75,2084,17.6,175,0,0,0,0,0,0,1,7875,0.1,340
L54590,L,26.75,37.85000000000002,1747,27.6,177,0,0,0,0,0,0,0,7965,0.1550561797752809,196
L54591,L,26.850000000000023,37.950000000000045,1425,47.8,179,0,0,0,0,0,0,1,8055,0.26555555555555554,260
L54592,L,26.850000000000023,37.85000000000002,1637,33.6,181,0,0,0,0,0,0,1,8145,0.18461538461538463,156
M22273,M,26.950000000000045,37.950000000000045,1616,35.2,183,0,0,0,0,0,0,1,8235,0.19130434782608696,266
L54594,L,26.950000000000045,37.950000000000045,1619,33.4,186,0,0,0,0,0,0,0,8370,0.17860962566844918,213
L54595,L,26.950000000000045,38.05000000000001,1489,39.1,188,0,0,0,0,0,0,1,8460,0.20687830687830688,231
M22276,M,26.950000000000045,38.05000000000001,1452,42.4,190,0,0,0,0,0,0,1,8550,0.22198952879581152,213
M22277,M,26.950000000000045,38.150000000000034,1495,41.0,193,0,0,0,0,0,0,0,8685,0.211340206185567,241
M22278,M,27.05000000000001,38.25,1427,39.7,196,0,0,0,0,0,0,0,8820,0.2015228426395939,161
L54599,L,26.950000000000045,38.25,1572,36.2,199,0,0,0,0,0,0,0,8955,0.18100000000000002,161
L54600,L,26.950000000000045,38.150000000000034,1547,40.0,201,0,0,0,0,0,0,0,9045,0.19801980198019803,185
M22281,M,26.950000000000045,38.25,1342,48.5,203,0,0,0,0,0,0,1,9135,0.23774509803921567,178
L54602,L,26.850000000000023,38.05000000000001,1351,44.1,206,0,0,0,0,0,0,0,9270,0.21304347826086958,288
L54603,L,26.850000000000023,38.150000000000034,1407,47.3,208,0,0,0,0,0,0,0,9360,0.2263157894736842,330
M22284,M,26.950000000000045,38.25,1575,29.8,210,0,0,0,0,0,0,0,9450,0.14123222748815167,347
M22285,M,26.850000000000023,38.25,1791,24.1,213,0,0,0,0,0,0,0,9585,0.11261682242990655,234
M22286,M,26.850000000000023,38.25,1692,29.0,216,1,1,0,0,0,0,6,9720,0.1336405529953917,20
L54607,L,26.850000000000023,38.25,1634,31.9,0,0,0,0,0,0,0,0,0,31.9,196
M22288,M,26.850000000000023,38.25,1864,23.3,2,0,0,0,0,0,0,0,90,7.766666666666667,310
L54609,L,26.850000000000023,38.25,1590,33.6,5,0,0,0,0,0,0,1,225,5.6000000000000005,230
M22290,M,26.850000000000023,38.25,1384,46.1,7,0,0,0,0,0,0,1,315,5.7625,344
M22291,M,26.850000000000023,38.25,1352,61.8,10,0,0,0,0,0,0,1,450,5.618181818181818,270
L54612,L,26.950000000000045,38.25,1484,43.1,13,0,0,0,0,0,0,1,585,3.0785714285714287,192
M22293,M,26.950000000000045,38.25,1913,21.9,15,0,0,0,0,0,0,1,675,1.36875,295
L54614,L,26.850000000000023,38.25,1508,38.2,18,0,0,0,0,0,0,0,810,2.0105263157894737,223
L54615,L,26.75,38.150000000000034,1504,40.7,20,0,0,0,0,0,0,0,900,1.9380952380952383,202
L54616,L,26.850000000000023,38.25,1487,41.2,22,0,0,0,0,0,0,0,990,1.791304347826087,188
L54617,L,26.650000000000034,38.150000000000034,1727,30.0,24,0,0,0,0,0,0,0,1080,1.2,256
L54618,L,26.75,38.150000000000034,1647,27.5,26,0,0,0,0,0,0,1,1170,1.0185185185185186,349
L54619,L,26.850000000000023,38.150000000000034,1493,41.4,28,0,0,0,0,0,0,1,1260,1.4275862068965517,311
L54620,L,26.850000000000023,38.25,1655,29.6,30,0,0,0,0,0,0,0,1350,0.9548387096774194,186
M22301,M,26.75,38.25,1337,54.8,32,0,0,0,0,0,0,0,1440,1.6606060606060604,318
L54622,L,26.850000000000023,38.35000000000002,1601,36.9,35,0,0,0,0,0,0,1,1575,1.025,246
H36857,H,26.950000000000045,38.450000000000045,1589,37.9,37,0,0,0,0,0,0,1,1665,0.9973684210526316,198
L54624,L,27.05000000000001,38.55000000000001,1286,55.1,42,0,0,0,0,0,0,1,1890,1.2813953488372094,277
L54625,L,27.05000000000001,38.55000000000001,1553,41.3,44,0,0,0,0,0,0,0,1980,0.9177777777777777,159
L54626,L,27.05000000000001,38.650000000000034,1379,51.0,46,0,0,0,0,0,0,0,2070,1.0851063829787233,189
M22307,M,27.150000000000034,38.75,1677,30.8,48,0,0,0,0,0,0,1,2160,0.6285714285714286,295
L54628,L,27.150000000000034,38.650000000000034,1488,38.4,51,0,0,0,0,0,0,1,2295,0.7384615384615384,302
L54629,L,27.150000000000034,38.650000000000034,1418,45.9,53,0,0,0,0,0,0,0,2385,0.85,255
L54630,L,27.150000000000034,38.650000000000034,1451,41.0,55,0,0,0,0,0,0,0,2475,0.7321428571428571,190
L54631,L,27.150000000000034,38.650000000000034,1508,43.1,57,0,0,0,0,0,0,0,2565,0.743103448275862,313
L54632,L,27.150000000000034,38.55000000000001,1579,33.6,59,0,0,0,0,0,0,0,2655,0.56,151
H36867,H,27.150000000000034,38.55000000000001,1432,47.7,61,0,0,0,0,0,0,1,2745,0.7693548387096775,360
L54634,L,27.05000000000001,38.450000000000045,1446,47.3,66,0,0,0,0,0,0,1,2970,0.7059701492537312,351
M22315,M,27.05000000000001,38.55000000000001,1597,39.5,68,0,0,0,0,0,0,1,3060,0.572463768115942,326
M22316,M,27.05000000000001,38.55000000000001,1397,50.2,71,0,0,0,0,0,0,0,3195,0.6972222222222223,344
L54637,L,26.950000000000045,38.450000000000045,1530,36.6,74,0,0,0,0,0,0,0,3330,0.48800000000000004,202
M22318,M,26.950000000000045,38.450000000000045,1433,51.4,76,0,0,0,0,0,0,0,3420,0.6675324675324675,296
L54639,L,26.850000000000023,38.35000000000002,1591,32.0,79,0,0,0,0,0,0,1,3555,0.4,175
L54640,L,26.850000000000023,38.35000000000002,1445,41.6,81,0,0,0,0,0,0,1,3645,0.5073170731707317,203
L54641,L,26.850000000000023,38.35000000000002,1749,28.3,83,0,0,0,0,0,0,1,3735,0.33690476190476193,200
L54642,L,26.850000000000023,38.150000000000034,1703,30.4,85,0,0,0,0,0,0,0,3825,0.35348837209302325,302
H36877,H,26.950000000000045,38.25,1518,46.9,87,0,0,0,0,0,0,0,3915,0.5329545454545455,263
L54644,L,26.950000000000045,38.150000000000034,1535,42.3,92,0,0,0,0,0,0,1,4140,0.45483870967741935,166
M22325,M,26.950000000000045,38.25,1390,52.1,94,0,0,0,0,0,0,0,4230,0.5484210526315789,351
H36880,H,27.150000000000034,38.450000000000045,1801,23.6,97,0,0,0,0,0,0,1,4365,0.24081632653061225,269
H36881,H,27.150000000000034,38.450000000000045,1463,41.6,102,0,0,0,0,0,0,1,4590,0.4038834951456311,338
L54648,L,27.150000000000034,38.450000000000045,1560,37.7,107,0,0,0,0,0,0,1,4815,0.3490740740740741,195
L54649,L,27.150000000000034,38.450000000000045,1607,33.5,109,0,0,0,0,0,0,1,4905,0.30454545454545456,204
L54650,L,27.25,38.450000000000045,1332,54.6,111,0,0,0,0,0,0,0,4995,0.4875,199
L54651,L,27.150000000000034,38.55000000000001,1365,53.3,113,0,0,0,0,0,0,0,5085,0.46754385964912276,224
M22332,M,27.150000000000034,38.450000000000045,1617,32.5,115,0,0,0,0,0,0,0,5175,0.2801724137931034,160
M22333,M,27.150000000000034,38.450000000000045,1304,62.8,118,0,0,0,0,0,0,0,5310,0.5277310924369748,289
L54654,L,27.150000000000034,38.55000000000001,1989,22.3,121,0,0,0,0,0,0,0,5445,0.18278688524590164,317
H36889,H,27.150000000000034,38.450000000000045,1339,53.4,123,0,0,0,0,0,0,0,5535,0.43064516129032254,197
L54656,L,27.05000000000001,38.35000000000002,1492,41.8,128,0,0,0,0,0,0,1,5760,0.32403100775193794,270
M22337,M,26.950000000000045,38.150000000000034,1518,40.2,130,0,0,0,0,0,0,0,5850,0.3068702290076336,205
L54658,L,26.950000000000045,38.150000000000034,1479,39.5,133,0,0,0,0,0,0,0,5985,0.2947761194029851,157
M22339,M,26.950000000000045,38.150000000000034,1523,34.1,135,0,0,0,0,0,0,0,6075,0.25073529411764706,163
M22340,M,27.05000000000001,38.25,1570,35.3,138,0,0,0,0,0,0,1,6210,0.25395683453237405,364
H36895,H,27.05000000000001,38.25,1506,36.1,141,0,0,0,0,0,0,0,6345,0.25422535211267605,263
M22342,M,27.05000000000001,38.450000000000045,1510,47.5,146,0,0,0,0,0,0,1,6570,0.3231292517006803,333
L54663,L,27.05000000000001,38.450000000000045,1671,28.8,149,0,0,0,0,0,0,0,6705,0.192,203
M22344,M,27.150000000000034,38.450000000000045,1312,53.4,151,0,0,0,0,0,0,0,6795,0.3513157894736842,166
L54665,L,27.150000000000034,38.450000000000045,1595,38.8,154,0,0,0,0,0,0,0,6930,0.2503225806451613,322
L54666,L,27.150000000000034,38.55000000000001,1635,31.8,156,0,0,0,0,0,0,1,7020,0.20254777070063695,282
L54667,L,27.150000000000034,38.55000000000001,1707,33.6,158,0,0,0,0,0,0,1,7110,0.21132075471698114,280
L54668,L,27.150000000000034,38.55000000000001,1545,43.5,160,0,0,0,0,0,1,0,7200,0.2701863354037267,158
M22349,M,27.05000000000001,38.450000000000045,1751,28.0,162,0,0,0,0,0,0,0,7290,0.17177914110429449,361
M22350,M,27.25,38.650000000000034,1707,30.0,165,0,0,0,0,0,0,0,7425,0.18072289156626506,271
L54671,L,27.25,38.650000000000034,1320,57.9,168,0,0,0,0,0,0,1,7560,0.342603550295858,263
M22352,M,27.150000000000034,38.55000000000001,1319,51.4,170,0,0,0,0,0,0,1,7650,0.3005847953216374,169
L54673,L,27.05000000000001,38.55000000000001,1448,54.2,173,0,0,0,0,0,0,0,7785,0.31149425287356325,232
L54674,L,27.05000000000001,38.650000000000034,1436,48.2,175,0,0,0,0,0,0,1,7875,0.27386363636363636,170
L54675,L,27.150000000000034,38.75,1609,34.0,177,0,0,0,0,0,0,1,7965,0.19101123595505617,357
L54676,L,27.05000000000001,38.650000000000034,1464,44.5,179,0,0,0,0,0,0,1,8055,0.24722222222222223,182
M22357,M,27.150000000000034,38.650000000000034,1483,45.1,181,0,0,0,0,0,0,1,8145,0.2478021978021978,282
M22358,M,27.05000000000001,38.650000000000034,1748,28.5,184,0,0,0,0,0,0,0,8280,0.15405405405405406,301
L54679,L,27.150000000000034,38.650000000000034,1746,26.3,187,0,0,0,0,0,0,0,8415,0.1398936170212766,340
L54680,L,27.05000000000001,38.650000000000034,1410,51.4,189,0,0,0,0,0,0,1,8505,0.27052631578947367,356
L54681,L,27.05000000000001,38.55000000000001,1640,30.8,191,0,0,0,0,0,0,1,8595,0.16041666666666668,175
H36916,H,27.150000000000034,38.55000000000001,1655,29.9,193,0,0,0,0,0,0,1,8685,0.15412371134020617,257
M22363,M,27.150000000000034,38.55000000000001,1646,28.9,198,0,0,0,0,0,0,0,8910,0.1452261306532663,238
L54684,L,27.25,38.650000000000034,1589,42.0,201,0,0,0,0,0,0,0,9045,0.2079207920792079,241
L54685,L,27.350000000000023,38.75,1546,39.4,203,0,0,0,0,0,0,1,9135,0.19313725490196076,182
L54686,L,27.350000000000023,38.75,1511,41.8,205,0,0,0,0,0,0,1,9225,0.20291262135922328,167
L54687,L,27.350000000000023,38.75,1750,28.3,207,0,0,0,0,0,0,1,9315,0.13605769230769232,167
M22368,M,27.350000000000023,38.75,1730,27.5,209,0,0,0,0,0,0,1,9405,0.13095238095238096,315
L54689,L,27.450000000000045,38.75,1372,60.1,212,1,0,0,0,1,0,6,9540,0.28215962441314557,55
L54690,L,27.350000000000023,38.650000000000034,1524,38.9,214,1,1,0,0,0,0,4,9630,0.18093023255813953,58
L54691,L,27.25,38.650000000000034,1601,36.1,0,0,0,0,0,0,0,0,0,36.1,198
M22372,M,27.350000000000023,38.650000000000034,1636,34.4,2,0,0,0,0,0,0,0,90,11.466666666666667,327
L54693,L,27.25,38.650000000000034,2261,14.9,5,0,0,0,0,0,0,0,225,2.4833333333333334,292
L54694,L,27.25,38.650000000000034,1636,32.3,7,0,0,0,0,0,0,0,315,4.0375,257
M22375,M,27.25,38.75,1335,58.3,9,0,0,0,0,0,0,1,405,5.83,354
M22376,M,27.150000000000034,38.55000000000001,1236,57.5,12,0,0,0,0,0,0,1,540,4.423076923076923,329
L54697,L,27.150000000000034,38.55000000000001,1445,47.3,15,0,0,0,0,0,0,0,675,2.95625,217
L54698,L,27.05000000000001,38.35000000000002,1500,40.8,17,0,0,0,0,0,0,0,765,2.2666666666666666,248
L54699,L,27.05000000000001,38.450000000000045,1999,21.0,19,0,0,0,0,0,0,0,855,1.05,168
L54700,L,27.05000000000001,38.450000000000045,1529,35.5,21,0,0,0,0,0,0,1,945,1.6136363636363635,174
M22381,M,27.05000000000001,38.450000000000045,1467,40.7,23,0,0,0,0,0,0,1,1035,1.6958333333333335,253
L54702,L,26.950000000000045,38.35000000000002,1334,54.0,26,0,0,0,0,0,0,1,1170,2.0,225
M22383,M,26.950000000000045,38.35000000000002,1343,46.2,28,0,0,0,0,0,0,1,1260,1.5931034482758621,225
L54704,L,27.05000000000001,38.35000000000002,1639,31.1,31,0,0,0,0,0,0,0,1395,0.971875,255
H36939,H,26.950000000000045,38.35000000000002,1383,49.1,33,0,0,0,0,0,0,1,1485,1.4441176470588235,302
L54706,L,26.950000000000045,38.25,1660,31.4,38,0,0,0,0,0,0,0,1710,0.805128205128205,182
L54707,L,26.950000000000045,38.150000000000034,1470,45.2,40,0,0,0,0,0,0,1,1800,1.102439024390244,337
M22388,M,26.950000000000045,38.150000000000034,1748,26.6,42,0,0,0,0,0,0,1,1890,0.6186046511627907,186
L54709,L,26.950000000000045,38.25,1467,35.7,45,0,0,0,0,0,0,1,2025,0.7760869565217392,241
M22390,M,26.950000000000045,38.25,1617,39.3,47,0,0,0,0,0,0,1,2115,0.81875,273
H36945,H,26.950000000000045,38.25,1377,56.7,50,0,0,0,0,0,0,0,2250,1.111764705882353,192
M22392,M,26.850000000000023,38.150000000000034,1629,32.1,55,0,0,0,0,0,0,0,2475,0.5732142857142858,275
L54713,L,26.850000000000023,38.05000000000001,1504,37.9,58,0,0,0,0,0,0,0,2610,0.6423728813559322,158
L54714,L,26.850000000000023,38.05000000000001,1418,47.3,60,0,0,0,0,0,0,0,2700,0.7754098360655737,163
L54715,L,26.850000000000023,38.05000000000001,1629,31.7,62,0,0,0,0,0,0,0,2790,0.5031746031746032,280
L54716,L,26.950000000000045,38.150000000000034,2579,12.5,64,1,0,0,1,0,0,5,2880,0.19230769230769232,35
L54717,L,26.950000000000045,38.150000000000034,1305,64.7,66,0,0,0,0,0,0,0,2970,0.9656716417910448,333
M22398,M,27.05000000000001,38.25,1450,38.5,68,0,0,0,0,0,0,1,3060,0.5579710144927537,175
L54719,L,27.05000000000001,38.150000000000034,1487,36.9,71,0,0,0,0,0,0,0,3195,0.5125,276
M22400,M,27.05000000000001,38.150000000000034,1587,31.2,73,0,0,0,0,0,0,1,3285,0.4216216216216216,202
M22401,M,27.150000000000034,38.35000000000002,1528,40.9,76,0,0,0,0,0,0,0,3420,0.5311688311688312,190
M22402,M,27.25,38.450000000000045,1401,49.9,79,0,0,0,0,0,0,1,3555,0.62375,231
L54723,L,27.150000000000034,38.35000000000002,1446,45.0,82,0,0,0,0,0,0,0,3690,0.5421686746987951,251
L54724,L,27.05000000000001,38.25,1425,44.2,84,0,0,0,0,0,0,1,3780,0.52,170
L54725,L,27.05000000000001,38.25,1891,22.6,86,0,0,0,0,0,0,0,3870,0.2597701149425288,270
H36960,H,27.05000000000001,38.35000000000002,1454,42.8,88,0,0,0,0,0,0,0,3960,0.48089887640449436,188
L54727,L,26.950000000000045,38.25,1430,40.9,93,0,0,0,0,0,0,0,4185,0.4351063829787234,357
L54728,L,27.05000000000001,38.25,1495,43.6,95,0,0,0,0,0,0,0,4275,0.45416666666666666,300
L54729,L,27.150000000000034,38.25,1544,41.6,97,0,0,0,0,0,0,1,4365,0.4244897959183674,351
M22410,M,27.150000000000034,38.25,1554,34.3,99,0,0,0,0,0,0,0,4455,0.34299999999999997,335
M22411,M,27.05000000000001,38.150000000000034,1491,37.3,102,0,0,0,0,0,0,0,4590,0.36213592233009706,218
L54732,L,27.150000000000034,38.150000000000034,1525,40.7,105,0,0,0,0,0,0,1,4725,0.3839622641509434,224
L54733,L,27.150000000000034,38.150000000000034,1505,39.6,107,0,0,0,0,0,0,0,4815,0.3666666666666667,306
M22414,M,27.150000000000034,38.25,1371,50.2,109,0,0,0,0,0,0,1,4905,0.4563636363636364,211
L54735,L,27.150000000000034,38.150000000000034,1332,60.5,112,0,0,0,0,0,0,1,5040,0.5353982300884956,330
L54736,L,27.150000000000034,38.25,1471,37.0,114,0,0,0,0,0,0,0,5130,0.3217391304347826,194
M22417,M,27.25,38.35000000000002,1750,27.3,116,0,0,0,0,0,0,0,5220,0.23333333333333334,176
M22418,M,27.150000000000034,38.25,1386,48.1,119,0,0,0,0,0,0,1,5355,0.4008333333333333,265
M22419,M,27.25,38.25,1355,56.2,122,0,0,0,0,0,0,0,5490,0.45691056910569106,311
M22420,M,27.150000000000034,38.150000000000034,1377,53.8,125,0,0,0,0,0,0,1,5625,0.42698412698412697,291
L54741,L,27.150000000000034,37.950000000000045,1388,49.4,128,0,0,0,0,0,0,0,5760,0.3829457364341085,190
M22422,M,27.150000000000034,37.950000000000045,1350,58.7,130,0,0,0,0,0,0,0,5850,0.44809160305343515,255
M22423,M,27.25,38.05000000000001,1831,23.4,133,0,0,0,0,0,0,1,5985,0.1746268656716418,223
M22424,M,27.150000000000034,38.05000000000001,1381,65.2,136,1,0,0,1,0,0,5,6120,0.4759124087591241,40
M22425,M,27.150000000000034,38.05000000000001,1783,25.6,139,0,0,0,0,0,0,0,6255,0.18285714285714286,191
L54746,L,27.150000000000034,37.85000000000002,1613,34.7,142,0,0,0,0,0,0,0,6390,0.24265734265734268,271
M22427,M,27.05000000000001,37.85000000000002,2370,14.7,144,0,0,0,0,0,0,1,6480,0.10137931034482758,328
L54748,L,27.05000000000001,37.85000000000002,1627,33.7,147,0,0,0,0,0,0,0,6615,0.2277027027027027,352
L54749,L,27.05000000000001,37.85000000000002,1255,71.8,149,1,0,0,1,0,0,5,6705,0.47866666666666663,21
H36984,H,27.05000000000001,37.85000000000002,1777,27.5,151,0,0,0,0,0,0,0,6795,0.18092105263157895,312
L54751,L,27.150000000000034,37.950000000000045,1606,30.9,156,0,0,0,0,0,0,1,7020,0.1968152866242038,296
L54752,L,27.150000000000034,37.950000000000045,1676,28.6,158,0,0,0,0,0,0,0,7110,0.179874213836478,267
L54753,L,27.150000000000034,37.950000000000045,1605,37.1,160,0,0,0,0,0,0,0,7200,0.23043478260869565,214
L54754,L,27.25,37.950000000000045,1487,37.4,162,0,0,0,0,0,0,1,7290,0.22944785276073618,353
L54755,L,27.25,38.05000000000001,1471,46.5,164,0,0,0,0,0,0,0,7380,0.2818181818181818,338
M22436,M,27.150000000000034,37.950000000000045,1477,44.2,166,0,0,0,0,0,0,1,7470,0.26467065868263473,196
L54757,L,27.25,38.05000000000001,1530,32.0,169,0,0,0,0,0,0,0,7605,0.18823529411764706,163
L54758,L,27.25,38.05000000000001,1673,28.9,171,0,0,0,0,0,0,1,7695,0.16802325581395347,216
L54759,L,27.25,38.05000000000001,1436,56.8,173,0,0,0,0,0,0,0,7785,0.32643678160919537,329
L54760,L,27.25,38.150000000000034,1495,51.2,175,0,0,0,0,0,0,1,7875,0.29090909090909095,258
M22441,M,27.25,38.05000000000001,1366,56.1,177,0,0,0,0,0,0,0,7965,0.3151685393258427,309
H36996,H,27.25,38.05000000000001,1489,45.3,180,0,0,0,0,0,0,1,8100,0.25027624309392266,357
L54763,L,27.150000000000034,37.950000000000045,1480,46.6,185,0,0,0,0,0,0,1,8325,0.25053763440860216,159
L54764,L,27.25,38.05000000000001,1472,37.3,187,0,0,0,0,0,0,0,8415,0.19840425531914893,273
L54765,L,27.25,37.950000000000045,1397,50.8,189,0,0,0,0,0,0,1,8505,0.2673684210526316,166
L54766,L,27.25,37.950000000000045,1589,35.5,191,0,0,0,0,0,0,1,8595,0.18489583333333334,317
L54767,L,27.25,37.950000000000045,1405,54.1,193,0,0,0,0,0,0,0,8685,0.2788659793814433,345
L54768,L,27.25,37.950000000000045,2013,20.1,195,0,0,0,0,0,0,0,8775,0.10255102040816327,340
L54769,L,27.25,37.85000000000002,1802,26.0,197,0,0,0,0,0,0,0,8865,0.13131313131313133,292
M22450,M,27.25,37.85000000000002,1433,46.1,199,0,0,0,0,0,0,0,8955,0.2305,246
M22451,M,27.350000000000023,37.950000000000045,1296,61.3,202,1,0,0,0,1,0,2,9090,0.3019704433497537,53
M22452,M,27.350000000000023,38.05000000000001,1551,36.6,205,0,0,0,0,0,0,0,9225,0.17766990291262136,206
L54773,L,27.350000000000023,38.05000000000001,1270,67.5,208,1,0,0,0,1,0,5,9360,0.3229665071770335,38
L54774,L,27.450000000000045,38.150000000000034,1531,38.5,0,0,0,0,0,0,0,1,0,38.5,220
H37009,H,27.350000000000023,38.05000000000001,1397,45.2,2,0,0,0,0,0,0,1,90,15.066666666666668,246
L54776,L,27.350000000000023,37.950000000000045,1547,37.2,7,0,0,0,0,0,0,0,315,4.65,166
L54777,L,27.350000000000023,37.85000000000002,2074,18.9,9,0,0,0,0,0,0,0,405,1.89,225
L54778,L,27.350000000000023,37.950000000000045,1491,42.6,11,0,0,0,0,0,0,1,495,3.5500000000000003,166
L54779,L,27.350000000000023,37.85000000000002,1759,28.3,13,0,0,0,0,0,0,1,585,2.0214285714285714,260
M22460,M,27.25,37.85000000000002,1595,35.4,15,0,0,0,0,0,0,0,675,2.2125,269
L54781,L,27.25,38.05000000000001,1351,62.0,18,0,0,0,0,0,0,1,810,3.263157894736842,293
L54782,L,27.25,38.05000000000001,1705,28.7,20,0,0,0,0,0,0,0,900,1.3666666666666667,268
L54783,L,27.25,38.05000000000001,1406,43.6,22,0,0,0,0,0,0,0,990,1.8956521739130436,227
L54784,L,27.25,38.150000000000034,1639,34.6,24,0,0,0,0,0,0,1,1080,1.3840000000000001,152
H37019,H,27.25,38.150000000000034,2026,20.3,26,0,0,0,0,0,0,0,1170,0.7518518518518519,257
M22466,M,27.25,38.150000000000034,1350,56.5,31,0,0,0,0,0,0,0,1395,1.765625,200
M22467,M,27.350000000000023,38.150000000000034,1468,41.1,34,0,0,0,0,0,0,0,1530,1.1742857142857144,263
L54788,L,27.350000000000023,38.25,1642,27.1,37,0,0,0,0,0,0,0,1665,0.7131578947368421,243
L54789,L,27.350000000000023,38.150000000000034,1490,41.8,39,0,0,0,0,0,0,1,1755,1.045,323
M22470,M,27.350000000000023,38.150000000000034,1507,43.4,41,0,0,0,0,0,0,0,1845,1.0333333333333332,265
L54791,L,27.350000000000023,38.25,1611,32.7,44,0,0,0,0,0,0,0,1980,0.7266666666666667,332
M22472,M,27.350000000000023,38.25,1743,27.6,46,0,0,0,0,0,0,1,2070,0.5872340425531916,254
L54793,L,27.350000000000023,38.150000000000034,1475,46.3,49,0,0,0,0,0,0,0,2205,0.9259999999999999,248
L54794,L,27.350000000000023,38.25,1432,47.5,51,0,0,0,0,0,0,0,2295,0.9134615384615384,303
L54795,L,27.350000000000023,38.25,1442,47.0,53,0,0,0,0,0,0,1,2385,0.8703703703703703,225
M22476,M,27.450000000000045,38.25,1468,40.4,55,0,0,0,0,0,0,1,2475,0.7214285714285714,308
L54797,L,27.350000000000023,38.25,1556,45.3,58,0,0,0,0,0,0,0,2610,0.7677966101694915,230
M22478,M,27.350000000000023,38.25,1312,51.4,60,0,0,0,0,0,0,0,2700,0.8426229508196721,221
L54799,L,27.450000000000045,38.35000000000002,1459,47.0,63,0,0,0,0,0,0,1,2835,0.734375,296
L54800,L,27.350000000000023,38.35000000000002,1651,36.9,65,0,0,0,0,0,0,0,2925,0.5590909090909091,345
L54801,L,27.350000000000023,38.35000000000002,1490,38.4,67,0,0,0,0,0,0,0,3015,0.5647058823529412,292
M22482,M,27.450000000000045,38.450000000000045,1473,31.5,69,0,0,0,0,0,0,0,3105,0.45,260
L54803,L,27.450000000000045,38.55000000000001,1734,29.9,72,0,0,0,0,0,0,1,3240,0.4095890410958904,207
L54804,L,27.450000000000045,38.55000000000001,1507,45.5,74,0,0,0,0,0,0,0,3330,0.6066666666666667,227
L54805,L,27.450000000000045,38.55000000000001,1556,34.9,76,0,0,0,0,0,0,1,3420,0.45324675324675323,307
H37040,H,27.350000000000023,38.450000000000045,1351,53.5,78,0,0,0,0,0,0,1,3510,0.6772151898734177,197
L54807,L,27.350000000000023,38.55000000000001,1445,44.8,83,0,0,0,0,0,0,1,3735,0.5333333333333333,205
L54808,L,27.350000000000023,38.55000000000001,1619,32.7,85,0,0,0,0,0,0,1,3825,0.38023255813953494,191
M22489,M,27.350000000000023,38.55000000000001,1269,64.0,87,0,0,0,0,0,0,0,3915,0.7272727272727273,173
L54810,L,27.350000000000023,38.450000000000045,1534,37.7,90,0,0,0,0,0,0,1,4050,0.4142857142857143,259
L54811,L,27.350000000000023,38.450000000000045,1444,49.3,92,0,0,0,0,0,0,0,4140,0.5301075268817204,201
L54812,L,27.350000000000023,38.450000000000045,1744,26.8,94,0,0,0,0,0,0,1,4230,0.28210526315789475,320
L54813,L,27.25,38.35000000000002,1441,44.6,96,0,0,0,0,0,0,1,4320,0.4597938144329897,183
M22494,M,27.150000000000034,38.150000000000034,1506,40.7,98,0,0,0,0,0,0,0,4410,0.41111111111111115,337
L54815,L,27.150000000000034,38.25,1526,38.5,101,0,0,0,0,0,0,1,4545,0.37745098039215685,360
L54816,L,27.25,38.35000000000002,1704,29.7,103,0,0,0,0,0,0,1,4635,0.28557692307692306,152
H37051,H,27.25,38.25,1445,52.4,105,0,0,0,0,0,0,0,4725,0.49433962264150944,217
L54818,L,27.350000000000023,38.35000000000002,1661,35.9,110,0,0,0,0,0,0,1,4950,0.3234234234234234,288
L54819,L,27.350000000000023,38.25,1466,41.8,112,0,0,0,0,0,0,1,5040,0.3699115044247787,290
L54820,L,27.25,38.150000000000034,1608,35.1,114,0,0,0,0,0,0,1,5130,0.30521739130434783,199
M22501,M,27.25,38.25,1352,57.3,116,0,0,0,0,0,0,0,5220,0.4897435897435897,231
M22502,M,27.25,38.25,1604,31.7,119,0,0,0,0,0,0,1,5355,0.26416666666666666,168
H37057,H,27.25,38.25,1427,50.7,122,0,0,0,0,0,0,0,5490,0.41219512195121955,193
L54824,L,27.25,38.25,1424,44.6,127,0,0,0,0,0,0,0,5715,0.3484375,310
L54825,L,27.25,38.25,1662,29.3,129,0,0,0,0,0,0,0,5805,0.22538461538461538,315
L54826,L,27.25,38.25,1936,23.9,131,0,0,0,0,0,0,1,5895,0.18106060606060606,152
L54827,L,27.25,38.25,1728,31.7,133,0,0,0,0,0,0,1,5985,0.23656716417910448,262
L54828,L,27.25,38.25,1552,28.8,135,0,0,0,0,0,0,1,6075,0.21176470588235294,214
H37063,H,27.25,38.35000000000002,1662,29.0,137,0,0,0,0,0,0,1,6165,0.21014492753623187,312
L54830,L,27.150000000000034,38.25,1343,57.7,142,0,0,0,0,0,0,0,6390,0.4034965034965035,313
M22511,M,27.25,38.35000000000002,1476,32.6,144,0,0,0,0,0,0,0,6480,0.22482758620689655,315
L54832,L,27.150000000000034,38.25,1346,51.1,147,0,0,0,0,0,0,1,6615,0.3452702702702703,188
L54833,L,27.25,38.35000000000002,1492,44.6,149,0,0,0,0,0,0,1,6705,0.29733333333333334,302
M22514,M,27.150000000000034,38.35000000000002,1540,41.5,151,0,0,0,0,0,0,0,6795,0.2730263157894737,213
L54835,L,27.25,38.35000000000002,1596,32.5,154,0,0,0,0,0,0,1,6930,0.20967741935483872,253
L54836,L,27.350000000000023,38.450000000000045,1541,47.8,156,0,0,0,0,0,0,1,7020,0.30445859872611464,162
L54837,L,27.350000000000023,38.450000000000045,1661,30.0,158,0,0,0,0,0,0,1,7110,0.18867924528301888,217
M22518,M,27.25,38.450000000000045,1359,55.4,160,0,0,0,0,0,0,1,7200,0.34409937888198755,219
L54839,L,27.350000000000023,38.450000000000045,1528,42.4,163,0,0,0,0,0,0,1,7335,0.25853658536585367,224
M22520,M,27.350000000000023,38.450000000000045,1246,52.9,165,0,0,0,0,0,0,1,7425,0.31867469879518073,150
L54841,L,27.350000000000023,38.450000000000045,1575,32.5,168,0,0,0,0,0,0,0,7560,0.19230769230769232,349
M22522,M,27.350000000000023,38.450000000000045,1658,30.4,170,0,0,0,0,0,0,0,7650,0.17777777777777776,331
L54843,L,27.350000000000023,38.450000000000045,1385,54.8,173,0,0,0,0,0,0,0,7785,0.31494252873563217,247
H37078,H,27.350000000000023,38.55000000000001,1454,50.3,175,0,0,0,0,0,0,0,7875,0.2857954545454545,253
L54845,L,27.350000000000023,38.450000000000045,1497,40.5,180,0,0,0,0,0,0,1,8100,0.22375690607734808,265
M22526,M,27.450000000000045,38.55000000000001,1424,50.8,182,0,0,0,0,0,0,1,8190,0.27759562841530055,286
L54847,L,27.450000000000045,38.55000000000001,1528,43.9,185,0,0,0,0,0,0,0,8325,0.2360215053763441,313
L54848,L,27.450000000000045,38.650000000000034,1539,37.0,187,0,0,0,0,0,0,0,8415,0.19680851063829788,262
L54849,L,27.55000000000001,38.650000000000034,1336,58.4,189,1,0,0,0,1,0,3,8505,0.30736842105263157,15
L54850,L,27.350000000000023,38.450000000000045,1525,37.6,191,0,0,0,0,0,0,0,8595,0.19583333333333333,186
M22531,M,27.350000000000023,38.450000000000045,1456,51.1,193,0,0,0,0,0,0,0,8685,0.2634020618556701,255
M22532,M,27.350000000000023,38.55000000000001,2141,17.2,196,0,0,0,0,0,0,1,8820,0.08730964467005076,336
M22533,M,27.350000000000023,38.450000000000045,1476,39.1,199,0,0,0,0,0,0,1,8955,0.1955,257
L54854,L,27.350000000000023,38.450000000000045,1509,47.2,202,0,0,0,0,0,0,0,9090,0.23251231527093597,170
L54855,L,27.350000000000023,38.450000000000045,1447,45.4,204,0,0,0,0,0,0,0,9180,0.22146341463414634,297
L54856,L,27.450000000000045,38.55000000000001,1448,49.1,206,0,0,0,0,0,0,1,9270,0.23719806763285026,278
L54857,L,27.450000000000045,38.55000000000001,1428,52.6,208,0,0,0,0,0,0,1,9360,0.2516746411483254,336
M22538,M,27.450000000000045,38.55000000000001,1389,52.1,210,0,0,0,0,0,0,1,9450,0.24691943127962085,177
L54859,L,27.55000000000001,38.55000000000001,1635,32.4,213,0,0,0,0,0,0,0,9585,0.1514018691588785,348
L54860,L,27.55000000000001,38.55000000000001,1395,43.7,215,0,0,0,0,0,0,1,9675,0.20231481481481484,333
L54861,L,27.55000000000001,38.650000000000034,1443,43.7,217,0,0,0,0,0,0,0,9765,0.2004587155963303,257
M22542,M,27.55000000000001,38.55000000000001,1412,49.1,219,0,0,0,0,0,0,0,9855,0.22318181818181818,158
L54863,L,27.55000000000001,38.55000000000001,1524,43.5,222,0,0,0,0,0,0,1,9990,0.19506726457399104,342
M22544,M,27.55000000000001,38.650000000000034,1407,42.4,224,0,0,0,0,0,0,1,10080,0.18844444444444444,313
L54865,L,27.650000000000034,38.55000000000001,1397,43.5,227,0,0,0,0,0,0,1,10215,0.19078947368421054,311
M22546,M,27.55000000000001,38.55000000000001,1504,36.9,229,0,0,0,0,0,0,0,10305,0.16043478260869565,358
M22547,M,27.55000000000001,38.55000000000001,2097,18.9,232,1,1,0,0,0,0,5,10440,0.08111587982832617,36
L54868,L,27.450000000000045,38.55000000000001,1553,39.8,0,0,0,0,0,0,0,1,0,39.8,215
L54869,L,27.450000000000045,38.55000000000001,1432,39.2,2,0,0,0,0,0,0,0,90,13.066666666666668,249
M22550,M,27.350000000000023,38.450000000000045,1577,36.5,4,0,0,0,0,0,0,1,180,7.3,302
M22551,M,27.350000000000023,38.35000000000002,1370,56.1,7,0,0,0,0,0,0,1,315,7.0125,328
H37106,H,27.350000000000023,38.450000000000045,1506,36.2,10,0,0,0,0,0,0,0,450,3.290909090909091,340
L54873,L,27.450000000000045,38.450000000000045,1964,21.4,15,0,0,0,0,0,0,0,675,1.3375,322
H37108,H,27.450000000000045,38.55000000000001,1500,36.7,17,0,0,0,0,0,0,0,765,2.038888888888889,303
L54875,L,27.450000000000045,38.55000000000001,1488,47.7,22,0,0,0,0,0,0,0,990,2.073913043478261,170
H37110,H,27.450000000000045,38.35000000000002,1282,60.2,24,0,0,0,0,0,0,0,1080,2.408,231
L54877,L,27.350000000000023,38.25,1400,45.1,29,0,0,0,0,0,0,1,1305,1.5033333333333334,328
L54878,L,27.450000000000045,38.35000000000002,1419,38.6,31,0,0,0,0,0,0,1,1395,1.20625,173
M22559,M,27.55000000000001,38.35000000000002,1441,40.6,33,0,0,0,0,0,0,0,1485,1.1941176470588235,260
M22560,M,27.55000000000001,38.450000000000045,1348,62.5,36,0,0,0,0,0,0,1,1620,1.6891891891891893,241
H37115,H,27.650000000000034,38.55000000000001,1468,38.7,39,0,0,0,0,0,0,1,1755,0.9675,161
M22562,M,27.55000000000001,38.55000000000001,1701,30.8,44,0,0,0,0,0,0,0,1980,0.6844444444444444,288
H37117,H,27.55000000000001,38.55000000000001,1864,23.6,47,0,0,0,0,0,0,0,2115,0.4916666666666667,304
M22564,M,27.450000000000045,38.450000000000045,1630,31.8,52,0,0,0,0,0,0,0,2340,0.6,172
L54885,L,27.350000000000023,38.35000000000002,1316,49.7,55,0,0,0,0,0,0,1,2475,0.8875000000000001,310
L54886,L,27.350000000000023,38.35000000000002,1708,31.2,57,0,0,0,0,0,0,0,2565,0.5379310344827586,357
H37121,H,27.350000000000023,38.25,1679,27.5,59,0,0,0,0,0,0,1,2655,0.4583333333333333,241
L54888,L,27.350000000000023,38.25,1709,32.3,64,0,0,0,0,0,0,1,2880,0.49692307692307686,315
L54889,L,27.350000000000023,38.25,1445,41.5,66,0,0,0,0,0,0,1,2970,0.6194029850746269,332
M22570,M,27.350000000000023,38.25,1390,51.9,68,0,0,0,0,0,0,1,3060,0.7521739130434782,347
L54891,L,27.25,38.25,1309,55.5,71,0,0,0,0,0,0,0,3195,0.7708333333333334,319
L54892,L,27.350000000000023,38.35000000000002,1499,37.6,73,0,0,0,0,0,0,1,3285,0.5081081081081081,272
M22573,M,27.350000000000023,38.25,2072,18.8,75,0,0,0,0,0,0,0,3375,0.2473684210526316,306
L54894,L,27.350000000000023,38.35000000000002,1487,43.0,78,0,0,0,0,0,0,1,3510,0.5443037974683544,183
L54895,L,27.350000000000023,38.35000000000002,1302,49.6,80,0,0,0,0,0,0,0,3600,0.6123456790123457,274
M22576,M,27.350000000000023,38.35000000000002,1378,48.2,82,0,0,0,0,0,0,0,3690,0.5807228915662651,206
L54897,L,27.350000000000023,38.450000000000045,1365,53.0,85,0,0,0,0,0,0,0,3825,0.6162790697674418,152
H37132,H,27.450000000000045,38.55000000000001,1427,44.6,87,0,0,0,0,0,0,1,3915,0.5068181818181818,155
H37133,H,27.450000000000045,38.55000000000001,1535,33.3,92,0,0,0,0,0,0,1,4140,0.35806451612903223,197
H37134,H,27.350000000000023,38.450000000000045,1476,41.7,97,0,0,0,0,0,0,1,4365,0.4255102040816327,251
L54901,L,27.350000000000023,38.450000000000045,1425,42.4,102,0,0,0,0,0,0,0,4590,0.4116504854368932,341
L54902,L,27.350000000000023,38.55000000000001,1409,54.7,104,0,0,0,0,0,0,1,4680,0.520952380952381,269
L54903,L,27.350000000000023,38.450000000000045,1730,30.2,106,0,0,0,0,0,0,1,4770,0.2822429906542056,162
M22584,M,27.350000000000023,38.450000000000045,1454,41.4,108,0,0,0,0,0,0,1,4860,0.37981651376146786,185
L54905,L,27.450000000000045,38.55000000000001,1744,26.9,111,0,0,0,0,0,0,0,4995,0.2401785714285714,356
M22586,M,27.650000000000034,38.75,1761,29.0,113,0,0,0,0,0,0,1,5085,0.2543859649122807,219
M22587,M,27.55000000000001,38.75,1657,30.9,116,0,0,0,0,0,0,1,5220,0.2641025641025641,182
L54908,L,27.55000000000001,38.650000000000034,1420,47.0,119,0,0,0,0,0,0,0,5355,0.39166666666666666,254
H37143,H,27.55000000000001,38.75,1329,59.2,121,0,0,0,0,0,0,0,5445,0.4852459016393443,353
L54910,L,27.450000000000045,38.75,1472,44.2,126,0,0,0,0,0,0,0,5670,0.34803149606299216,206
L54911,L,27.450000000000045,38.85000000000002,1566,30.1,128,0,0,0,0,0,0,0,5760,0.23333333333333334,204
L54912,L,27.450000000000045,38.85000000000002,1430,42.7,130,0,0,0,0,0,0,0,5850,0.32595419847328244,256
L54913,L,27.450000000000045,38.85000000000002,1481,40.9,132,0,0,0,0,0,0,0,5940,0.3075187969924812,290
L54914,L,27.450000000000045,38.85000000000002,1670,29.4,134,0,0,0,0,0,0,1,6030,0.21777777777777776,200
L54915,L,27.450000000000045,38.85000000000002,1406,55.1,136,0,0,0,0,0,0,1,6120,0.40218978102189784,241
H37150,H,27.450000000000045,38.950000000000045,1354,46.9,138,0,0,0,0,0,0,0,6210,0.33741007194244604,202
M22597,M,27.350000000000023,38.85000000000002,1985,19.3,143,0,0,0,0,0,0,1,6435,0.13402777777777777,185
M22598,M,27.350000000000023,38.85000000000002,1263,60.8,146,0,0,0,0,0,0,0,6570,0.41360544217687073,282
L54919,L,27.350000000000023,38.75,1576,31.1,149,0,0,0,0,0,0,1,6705,0.20733333333333334,268
L54920,L,27.350000000000023,38.85000000000002,1453,45.1,151,0,0,0,0,0,0,0,6795,0.2967105263157895,174
L54921,L,27.350000000000023,38.85000000000002,1478,39.0,153,0,0,0,0,0,0,0,6885,0.2532467532467532,230
M22602,M,27.350000000000023,38.75,1323,57.9,155,0,0,0,0,0,0,1,6975,0.37115384615384617,186
L54923,L,27.350000000000023,38.75,1710,28.4,158,0,0,0,0,0,0,1,7110,0.17861635220125785,168
L54924,L,27.25,38.55000000000001,1314,59.5,160,0,0,0,0,0,0,1,7200,0.3695652173913043,184
L54925,L,27.25,38.55000000000001,1460,39.6,162,0,0,0,0,0,0,1,7290,0.24294478527607363,256
M22606,M,27.25,38.55000000000001,1508,45.4,164,0,0,0,0,0,0,1,7380,0.27515151515151515,311
M22607,M,27.350000000000023,38.650000000000034,1331,55.3,167,0,0,0,0,0,0,1,7515,0.32916666666666666,203
L54928,L,27.25,38.55000000000001,1515,47.4,170,0,0,0,0,0,0,1,7650,0.2771929824561403,323
L54929,L,27.25,38.450000000000045,1674,33.0,172,0,0,0,0,0,0,1,7740,0.1907514450867052,155
L54930,L,27.25,38.55000000000001,1444,51.2,174,0,0,0,0,0,0,0,7830,0.2925714285714286,360
M22611,M,27.25,38.55000000000001,1398,42.6,176,0,0,0,0,0,0,1,7920,0.24067796610169492,278
M22612,M,27.25,38.55000000000001,1832,24.2,179,0,0,0,0,0,0,1,8055,0.13444444444444445,348
M22613,M,27.350000000000023,38.650000000000034,1591,42.0,182,0,0,0,0,0,0,0,8190,0.22950819672131148,183
M22614,M,27.25,38.55000000000001,1478,39.9,185,0,0,0,0,0,0,0,8325,0.21451612903225806,205
M22615,M,27.25,38.650000000000034,1362,47.6,188,0,0,0,0,0,0,0,8460,0.2518518518518519,360
L54936,L,27.350000000000023,38.650000000000034,1368,57.9,191,1,0,0,0,1,0,6,8595,0.3015625,52
M22617,M,27.150000000000034,38.55000000000001,1723,28.3,193,0,0,0,0,0,0,1,8685,0.14587628865979382,175
L54938,L,27.25,38.650000000000034,1689,30.8,196,0,0,0,0,0,0,1,8820,0.15634517766497463,319
L54939,L,27.25,38.650000000000034,1272,59.2,198,1,0,0,0,1,0,2,8910,0.2974874371859297,11
M22620,M,27.25,38.55000000000001,1511,33.0,200,0,0,0,0,0,0,0,9000,0.16417910447761194,187
H37175,H,27.25,38.450000000000045,1715,30.8,203,0,0,0,0,0,0,1,9135,0.15098039215686274,303
M22622,M,27.150000000000034,38.35000000000002,1400,43.8,0,0,0,0,0,0,0,1,0,43.8,208
L54943,L,27.25,38.450000000000045,1200,76.6,3,1,0,0,1,0,0,4,135,19.15,51
M22624,M,27.25,38.55000000000001,1555,38.7,5,0,0,0,0,0,0,1,225,6.45,361
H37179,H,27.150000000000034,38.450000000000045,1427,56.2,8,0,0,0,0,0,0,0,360,6.2444444444444445,173
L54946,L,27.150000000000034,38.25,1318,52.7,13,0,0,0,0,0,0,1,585,3.7642857142857147,260
H37181,H,27.05000000000001,38.25,1319,54.6,15,0,0,0,0,0,0,0,675,3.4125,170
M22628,M,27.05000000000001,38.25,1960,20.9,20,0,0,0,0,0,0,0,900,0.9952380952380951,209
L54949,L,27.150000000000034,38.35000000000002,1552,38.9,23,0,0,0,0,0,0,0,1035,1.6208333333333333,239
L54950,L,27.150000000000034,38.35000000000002,1548,32.2,25,0,0,0,0,0,0,1,1125,1.2384615384615385,297
L54951,L,27.150000000000034,38.450000000000045,1709,29.5,27,0,0,0,0,0,0,0,1215,1.0535714285714286,155
H37186,H,27.150000000000034,38.35000000000002,1464,41.0,29,0,0,0,0,0,0,1,1305,1.3666666666666667,344
L54953,L,27.150000000000034,38.25,1759,24.8,34,0,0,0,0,0,0,0,1530,0.7085714285714286,159
L54954,L,27.150000000000034,38.35000000000002,1634,31.9,36,0,0,0,0,0,0,1,1620,0.8621621621621621,289
L54955,L,27.150000000000034,38.35000000000002,1663,33.6,38,0,0,0,0,0,0,0,1710,0.8615384615384616,246
M22636,M,27.150000000000034,38.35000000000002,1445,47.3,40,0,0,0,0,0,0,0,1800,1.1536585365853658,299
L54957,L,27.150000000000034,38.35000000000002,1695,25.6,43,0,0,0,0,0,0,1,1935,0.5818181818181819,339
L54958,L,27.25,38.450000000000045,1517,39.0,45,0,0,0,0,0,0,1,2025,0.8478260869565217,338
L54959,L,27.350000000000023,38.55000000000001,1811,26.8,47,0,0,0,0,0,0,0,2115,0.5583333333333333,229
L54960,L,27.25,38.450000000000045,1815,23.5,49,0,0,0,0,0,0,0,2205,0.47,166
L54961,L,27.25,38.55000000000001,1513,40.0,51,0,0,0,0,0,0,1,2295,0.7692307692307693,287
M22642,M,27.25,38.450000000000045,1518,36.4,53,0,0,0,0,0,0,0,2385,0.674074074074074,289
L54963,L,27.150000000000034,38.35000000000002,1667,28.8,56,0,0,0,0,0,0,1,2520,0.5052631578947369,232
L54964,L,27.150000000000034,38.35000000000002,1403,60.1,58,0,0,0,0,0,0,1,2610,1.0186440677966102,189
L54965,L,27.05000000000001,38.35000000000002,1383,42.1,60,0,0,0,0,0,0,0,2700,0.6901639344262296,300
L54966,L,27.150000000000034,38.35000000000002,1466,46.2,62,0,0,0,0,0,0,1,2790,0.7333333333333334,317
L54967,L,27.150000000000034,38.35000000000002,1378,47.5,64,0,0,0,0,0,0,0,2880,0.7307692307692307,223
M22648,M,27.05000000000001,38.35000000000002,1547,40.9,66,0,0,0,0,0,0,1,2970,0.6104477611940299,223
L54969,L,27.05000000000001,38.35000000000002,1495,38.5,69,0,0,0,0,0,0,1,3105,0.55,199
L54970,L,26.950000000000045,38.25,1729,29.3,71,0,0,0,0,0,0,0,3195,0.40694444444444444,159
L54971,L,26.950000000000045,38.25,1418,47.7,73,0,0,0,0,0,0,1,3285,0.6445945945945947,252
H37206,H,26.950000000000045,38.25,1485,40.4,75,0,0,0,0,0,0,0,3375,0.531578947368421,243
L54973,L,26.950000000000045,38.35000000000002,1434,40.8,80,0,0,0,0,0,0,1,3600,0.5037037037037037,281
M22654,M,27.05000000000001,38.450000000000045,1415,55.8,82,0,0,0,0,0,0,1,3690,0.672289156626506,278
H37209,H,26.950000000000045,38.450000000000045,1674,29.6,85,0,0,0,0,0,0,1,3825,0.34418604651162793,192
L54976,L,26.950000000000045,38.35000000000002,1454,52.4,90,0,0,0,0,0,0,1,4050,0.5758241758241758,232
L54977,L,26.850000000000023,38.25,1476,39.0,92,0,0,0,0,0,0,0,4140,0.41935483870967744,282
L54978,L,26.850000000000023,38.35000000000002,1812,28.3,94,0,0,0,0,0,0,1,4230,0.29789473684210527,253
L54979,L,26.850000000000023,38.25,1374,41.9,96,0,0,0,0,0,0,1,4320,0.4319587628865979,183
M22660,M,26.950000000000045,38.25,1524,40.6,98,0,0,0,0,0,0,1,4410,0.41010101010101013,343
L54981,L,26.850000000000023,38.25,1383,49.6,101,0,0,0,0,0,0,0,4545,0.48627450980392156,173
L54982,L,26.75,38.150000000000034,1429,58.2,103,0,0,0,0,0,0,0,4635,0.5596153846153846,291
M22663,M,26.650000000000034,38.150000000000034,1517,41.2,105,0,0,0,0,0,0,0,4725,0.3886792452830189,190
M22664,M,26.75,38.25,1480,44.9,108,0,0,0,0,0,0,0,4860,0.41192660550458715,319
L54985,L,26.75,38.25,1706,28.8,111,0,0,0,0,0,0,1,4995,0.2571428571428572,162
L54986,L,26.850000000000023,38.35000000000002,1349,48.6,113,0,0,0,0,0,0,1,5085,0.4263157894736842,306
M22667,M,26.850000000000023,38.35000000000002,1451,49.0,115,0,0,0,0,0,0,1,5175,0.4224137931034483,342
L54988,L,26.75,38.25,1627,36.7,118,0,0,0,0,0,0,0,5310,0.30840336134453783,323
M22669,M,26.850000000000023,38.25,1537,35.4,120,0,0,0,0,0,0,0,5400,0.29256198347107437,311
L54990,L,26.950000000000045,38.35000000000002,2218,17.0,123,0,0,0,0,0,0,1,5535,0.13709677419354838,340
M22671,M,26.850000000000023,38.25,1466,39.0,125,0,0,0,0,0,0,1,5625,0.30952380952380953,281
L54992,L,26.850000000000023,38.35000000000002,1666,32.0,128,0,0,0,0,0,0,1,5760,0.24806201550387597,177
L54993,L,26.850000000000023,38.35000000000002,1455,41.7,130,0,0,0,0,0,0,0,5850,0.31832061068702294,232
L54994,L,26.850000000000023,38.25,1927,24.6,132,0,0,0,0,0,0,1,5940,0.1849624060150376,278
M22675,M,26.75,38.150000000000034,1703,28.4,134,0,0,0,0,0,0,1,6030,0.21037037037037035,313
L54996,L,26.650000000000034,38.05000000000001,1533,35.9,137,0,0,0,0,0,0,0,6165,0.26014492753623186,256
H37231,H,26.650000000000034,38.150000000000034,1785,25.4,139,0,0,0,0,0,0,0,6255,0.1814285714285714,162
L54998,L,26.650000000000034,38.05000000000001,2142,16.6,144,0,0,0,0,0,0,1,6480,0.11448275862068967,263
L54999,L,26.650000000000034,38.05000000000001,1369,46.2,146,0,0,0,0,0,0,0,6570,0.3142857142857143,255
M22680,M,26.650000000000034,38.05000000000001,1706,29.2,148,0,0,0,0,0,0,1,6660,0.1959731543624161,154
L55001,L,26.75,38.150000000000034,1802,24.4,151,0,0,0,0,0,0,1,6795,0.16052631578947368,246
H37236,H,26.75,38.150000000000034,1413,41.8,153,0,0,0,0,0,0,1,6885,0.2714285714285714,163
L55003,L,26.850000000000023,38.150000000000034,1484,53.2,158,0,0,0,0,0,0,1,7110,0.3345911949685535,229
L55004,L,26.75,38.150000000000034,1535,38.1,160,0,0,0,0,0,0,0,7200,0.23664596273291927,269
M22685,M,26.75,38.05000000000001,1579,35.5,162,0,0,0,0,0,0,0,7290,0.21779141104294478,309
L55006,L,26.650000000000034,37.950000000000045,1300,64.2,165,0,0,0,0,0,0,0,7425,0.38674698795180723,327
M22687,M,26.650000000000034,37.950000000000045,1452,44.3,167,0,0,0,0,0,0,1,7515,0.2636904761904762,304
M22688,M,26.650000000000034,37.950000000000045,1562,35.7,170,0,0,0,0,0,0,1,7650,0.20877192982456141,184
L55009,L,26.650000000000034,38.05000000000001,1664,28.3,173,0,0,0,0,0,0,1,7785,0.16264367816091954,152
H37244,H,26.75,38.05000000000001,1495,35.8,175,0,0,0,0,0,0,0,7875,0.2034090909090909,153
M22691,M,26.850000000000023,38.25,1533,42.6,180,0,0,0,0,0,0,0,8100,0.23535911602209947,284
L55012,L,26.850000000000023,38.25,1484,37.0,183,0,0,0,0,0,0,1,8235,0.20108695652173914,354
L55013,L,26.850000000000023,38.25,1604,38.7,185,0,0,0,0,0,0,0,8325,0.20806451612903226,280
L55014,L,26.850000000000023,38.25,1483,45.6,187,0,0,0,0,0,0,0,8415,0.24255319148936172,230
L55015,L,26.950000000000045,38.35000000000002,1549,34.7,189,0,0,0,0,0,0,0,8505,0.18263157894736842,260
L55016,L,26.950000000000045,38.25,1604,35.0,191,0,0,0,0,0,0,0,8595,0.18229166666666666,208
L55017,L,27.05000000000001,38.35000000000002,1685,31.0,193,0,0,0,0,0,0,1,8685,0.15979381443298968,223
L55018,L,27.05000000000001,38.450000000000045,1372,49.2,195,0,0,0,0,0,0,0,8775,0.2510204081632653,278
L55019,L,27.150000000000034,38.450000000000045,1374,47.4,197,0,0,0,0,0,0,1,8865,0.23939393939393938,305
L55020,L,27.05000000000001,38.450000000000045,1606,31.0,199,0,0,0,0,0,0,0,8955,0.155,208
L55021,L,26.950000000000045,38.35000000000002,1471,47.2,201,0,0,0,0,0,0,1,9045,0.23366336633663368,267
L55022,L,26.950000000000045,38.35000000000002,1659,31.1,203,0,0,0,0,0,0,1,9135,0.15245098039215688,330
M22703,M,26.950000000000045,38.55000000000001,1400,48.5,205,0,0,0,0,0,0,0,9225,0.2354368932038835,287
L55024,L,26.950000000000045,38.55000000000001,1503,42.6,208,0,0,0,0,0,0,1,9360,0.20382775119617225,348
L55025,L,27.05000000000001,38.650000000000034,1798,23.2,210,0,0,0,0,0,0,1,9450,0.10995260663507109,252
M22706,M,27.05000000000001,38.450000000000045,1608,35.0,212,0,0,0,0,0,0,0,9540,0.1643192488262911,280
L55027,L,27.05000000000001,38.450000000000045,1322,50.9,215,0,0,0,0,0,0,1,9675,0.23564814814814813,284
H37262,H,27.05000000000001,38.450000000000045,1547,37.7,217,0,0,0,0,0,0,0,9765,0.17293577981651378,158
M22709,M,27.150000000000034,38.55000000000001,1374,47.9,222,1,1,0,0,0,0,2,9990,0.2147982062780269,29
M22710,M,27.150000000000034,38.55000000000001,1447,36.8,0,0,0,0,0,0,0,0,0,36.8,346
L55031,L,27.25,38.55000000000001,1373,47.2,3,0,0,0,0,0,0,0,135,11.8,290
L55032,L,27.150000000000034,38.55000000000001,1515,37.5,5,0,0,0,0,0,0,0,225,6.25,317
L55033,L,27.150000000000034,38.55000000000001,1317,56.5,7,0,0,0,0,0,0,0,315,7.0625,263
L55034,L,27.150000000000034,38.650000000000034,1551,37.2,9,0,0,0,0,0,0,0,405,3.72,211
M22715,M,27.150000000000034,38.650000000000034,1592,32.1,11,0,0,0,0,0,0,1,495,2.6750000000000003,211
L55036,L,27.25,38.650000000000034,1433,42.2,14,0,0,0,0,0,0,1,630,2.8133333333333335,159
L55037,L,27.350000000000023,38.75,1432,43.1,16,0,0,0,0,0,0,0,720,2.5352941176470587,236
L55038,L,27.350000000000023,38.75,1350,51.7,18,0,0,0,0,0,0,1,810,2.7210526315789476,160
M22719,M,27.350000000000023,38.75,1370,44.8,20,0,0,0,0,0,0,1,900,2.1333333333333333,353
L55040,L,27.350000000000023,38.85000000000002,1415,44.6,23,0,0,0,0,0,0,1,1035,1.8583333333333334,211
L55041,L,27.350000000000023,38.85000000000002,1498,42.9,25,0,0,0,0,0,0,0,1125,1.65,226
M22722,M,27.350000000000023,38.85000000000002,1382,54.1,27,0,0,0,0,0,0,0,1215,1.9321428571428572,253
M22723,M,27.350000000000023,38.75,1511,44.5,30,0,0,0,0,0,0,1,1350,1.435483870967742,205
L55044,L,27.350000000000023,38.75,1330,59.5,33,0,0,0,0,0,0,0,1485,1.75,259
L55045,L,27.350000000000023,38.75,1383,50.5,35,0,0,0,0,0,0,0,1575,1.4027777777777777,198
L55046,L,27.350000000000023,38.75,1431,49.4,37,0,0,0,0,0,0,1,1665,1.3,165
L55047,L,27.350000000000023,38.85000000000002,1461,38.1,39,0,0,0,0,0,0,0,1755,0.9525,222
H37282,H,27.25,38.75,1438,46.7,41,0,0,0,0,0,1,0,1845,1.111904761904762,265
M22729,M,27.350000000000023,38.85000000000002,1779,27.7,46,0,0,0,0,0,0,0,2070,0.5893617021276596,351
M22730,M,27.450000000000045,38.950000000000045,1293,52.3,49,0,0,0,0,0,0,0,2205,1.046,242
L55051,L,27.450000000000045,39.05000000000001,1308,54.7,52,0,0,0,0,0,0,0,2340,1.0320754716981133,286
L55052,L,27.450000000000045,39.150000000000034,1532,37.2,54,0,0,0,0,0,0,1,2430,0.6763636363636364,182
L55053,L,27.55000000000001,39.25,1470,38.6,56,0,0,0,0,0,0,0,2520,0.6771929824561403,237
L55054,L,27.55000000000001,39.150000000000034,1548,37.9,58,0,0,0,0,0,0,0,2610,0.6423728813559322,312
L55055,L,27.55000000000001,39.150000000000034,1898,24.0,60,0,0,0,0,0,0,1,2700,0.39344262295081966,352
H37290,H,27.55000000000001,39.05000000000001,1335,49.0,62,0,0,0,0,0,0,1,2790,0.7777777777777778,188
L55057,L,27.55000000000001,39.150000000000034,1420,53.8,67,0,0,0,0,0,0,0,3015,0.7911764705882353,263
L55058,L,27.55000000000001,39.150000000000034,1418,49.0,69,0,0,0,0,0,0,1,3105,0.7,226
M22739,M,27.650000000000034,39.150000000000034,1535,40.3,71,0,0,0,0,0,0,0,3195,0.5597222222222222,236
H37294,H,27.55000000000001,39.25,1457,47.2,74,0,0,0,0,0,0,1,3330,0.6293333333333334,302
L55061,L,27.650000000000034,39.25,1493,39.1,79,0,0,0,0,0,0,0,3555,0.48875,263
H37296,H,27.55000000000001,39.150000000000034,1670,27.3,81,0,0,0,0,0,0,1,3645,0.3329268292682927,357
H37297,H,27.55000000000001,39.150000000000034,1446,45.4,86,0,0,0,0,0,0,0,3870,0.5218390804597701,205
L55064,L,27.650000000000034,39.25,1465,59.1,91,1,0,0,1,0,0,5,4095,0.6423913043478261,9
L55065,L,27.55000000000001,39.150000000000034,1590,36.3,93,0,0,0,0,0,0,0,4185,0.3861702127659574,362
M22746,M,27.450000000000045,39.05000000000001,2174,18.5,95,0,0,0,0,0,0,0,4275,0.19270833333333334,287
L55067,L,27.55000000000001,39.25,1590,37.9,98,0,0,0,0,0,0,0,4410,0.3828282828282828,190
L55068,L,27.55000000000001,39.150000000000034,1577,33.2,100,0,0,0,0,0,0,1,4500,0.3287128712871287,253
M22749,M,27.55000000000001,39.25,1371,61.7,102,0,0,0,0,0,0,1,4590,0.5990291262135923,360
L55070,L,27.650000000000034,39.25,1767,25.6,105,0,0,0,0,0,0,0,4725,0.24150943396226415,248
L55071,L,27.650000000000034,39.35000000000002,1517,39.2,107,0,0,0,0,0,0,0,4815,0.362962962962963,208
M22752,M,27.75,39.450000000000045,1555,40.6,109,0,0,0,0,0,0,0,4905,0.3690909090909091,305
L55073,L,27.75,39.55000000000001,1416,43.8,112,0,0,0,0,0,0,0,5040,0.38761061946902653,271
M22754,M,27.650000000000034,39.450000000000045,1588,35.6,114,0,0,0,0,0,0,1,5130,0.3095652173913044,269
L55075,L,27.650000000000034,39.450000000000045,1422,50.0,117,0,0,0,0,0,0,1,5265,0.423728813559322,190
L55076,L,27.650000000000034,39.450000000000045,1376,53.6,119,0,0,0,0,0,0,1,5355,0.44666666666666666,215
L55077,L,27.650000000000034,39.35000000000002,1434,50.7,121,0,0,0,0,0,0,0,5445,0.41557377049180333,328
L55078,L,27.650000000000034,39.35000000000002,1423,47.3,123,0,0,0,0,0,0,0,5535,0.38145161290322577,211
L55079,L,27.75,39.25,1364,52.5,125,0,0,0,0,0,0,1,5625,0.4166666666666667,307
L55080,L,27.650000000000034,39.25,1825,23.8,127,0,0,0,0,0,0,1,5715,0.1859375,189
L55081,L,27.650000000000034,39.25,1365,44.5,129,0,0,0,0,0,0,1,5805,0.3423076923076923,189
M22762,M,27.55000000000001,39.150000000000034,1430,47.2,131,0,0,0,0,0,0,1,5895,0.3575757575757576,346
L55083,L,27.650000000000034,39.150000000000034,1435,44.8,134,0,0,0,0,0,0,0,6030,0.33185185185185184,251
M22764,M,27.650000000000034,39.25,1811,25.1,136,0,0,0,0,0,0,0,6120,0.1832116788321168,339
M22765,M,27.650000000000034,39.25,1465,43.7,139,0,0,0,0,0,0,0,6255,0.31214285714285717,164
L55086,L,27.75,39.25,1372,51.0,142,0,0,0,0,0,0,1,6390,0.35664335664335667,273
L55087,L,27.650000000000034,39.150000000000034,1858,26.3,144,0,0,0,0,0,0,0,6480,0.1813793103448276,280
L55088,L,27.55000000000001,39.150000000000034,1715,26.8,146,0,0,0,0,0,0,1,6570,0.18231292517006803,173
L55089,L,27.55000000000001,39.05000000000001,1590,38.5,148,0,0,0,0,0,0,1,6660,0.25838926174496646,318
M22770,M,27.650000000000034,39.05000000000001,1664,25.7,150,0,0,0,0,0,0,1,6750,0.17019867549668874,340
L55091,L,27.55000000000001,38.950000000000045,1512,36.9,153,0,0,0,0,0,0,1,6885,0.2396103896103896,197
L55092,L,27.55000000000001,38.950000000000045,1498,44.0,155,0,0,0,0,0,0,1,6975,0.28205128205128205,338
L55093,L,27.55000000000001,38.950000000000045,1395,41.9,157,0,0,0,0,0,0,0,7065,0.2651898734177215,197
H37328,H,27.55000000000001,38.950000000000045,1490,43.1,159,0,0,0,0,0,0,0,7155,0.26937500000000003,196
H37329,H,27.650000000000034,38.950000000000045,1527,35.1,164,0,0,0,0,0,0,0,7380,0.21272727272727274,333
L55096,L,27.650000000000034,38.950000000000045,1512,37.1,169,0,0,0,0,0,0,1,7605,0.21823529411764706,254
L55097,L,27.75,38.950000000000045,1474,42.4,171,0,0,0,0,0,0,0,7695,0.24651162790697673,262
L55098,L,27.650000000000034,38.950000000000045,1505,41.3,173,0,0,0,0,0,0,1,7785,0.23735632183908045,353
L55099,L,27.650000000000034,38.85000000000002,1496,40.0,175,0,0,0,0,0,0,0,7875,0.22727272727272727,157
L55100,L,27.650000000000034,38.85000000000002,1382,49.3,177,0,0,0,0,0,0,1,7965,0.2769662921348314,355
L55101,L,27.55000000000001,38.75,1419,47.7,179,0,0,0,0,0,0,1,8055,0.265,167
L55102,L,27.55000000000001,38.75,1462,39.7,181,0,0,0,0,0,0,0,8145,0.21813186813186813,257
M22783,M,27.650000000000034,38.85000000000002,1450,45.0,183,0,0,0,0,0,0,1,8235,0.24456521739130435,233
H37338,H,27.55000000000001,38.75,1389,46.5,186,0,0,0,0,0,0,0,8370,0.24866310160427807,300
M22785,M,27.55000000000001,38.75,1697,28.2,191,0,0,0,0,0,0,0,8595,0.146875,346
L55106,L,27.55000000000001,38.75,1335,57.1,194,1,0,0,0,1,0,5,8730,0.2928205128205128,28
L55107,L,27.55000000000001,38.75,1476,42.0,196,0,0,0,0,0,0,1,8820,0.2131979695431472,258
L55108,L,27.450000000000045,38.55000000000001,1497,43.6,198,0,0,0,0,0,0,1,8910,0.2190954773869347,195
M22789,M,27.450000000000045,38.450000000000045,1669,29.2,200,0,0,0,0,0,0,1,9000,0.145273631840796,215
L55110,L,27.450000000000045,38.450000000000045,1455,48.0,203,0,0,0,0,0,0,1,9135,0.23529411764705882,229
L55111,L,27.55000000000001,38.55000000000001,1499,38.4,205,0,0,0,0,0,0,0,9225,0.18640776699029127,346
L55112,L,27.55000000000001,38.650000000000034,1478,41.9,207,0,0,0,0,0,0,1,9315,0.2014423076923077,299
L55113,L,27.650000000000034,38.650000000000034,1928,21.8,209,0,0,0,0,0,0,0,9405,0.10380952380952381,342
M22794,M,27.650000000000034,38.75,1621,28.3,211,0,0,0,0,0,0,0,9495,0.13349056603773585,289
M22795,M,27.650000000000034,38.75,1356,44.3,214,0,0,0,0,0,0,1,9630,0.20604651162790696,296
L55116,L,27.650000000000034,38.55000000000001,1490,46.4,217,0,0,0,0,0,0,1,9765,0.2128440366972477,299
L55117,L,27.650000000000034,38.55000000000001,1578,31.4,219,0,0,0,0,0,0,0,9855,0.14272727272727273,332
L55118,L,27.650000000000034,38.55000000000001,1681,31.3,221,0,0,0,0,0,0,1,9945,0.140990990990991,255
L55119,L,27.650000000000034,38.650000000000034,1417,43.4,223,0,0,0,0,0,0,0,10035,0.19375,275
M22800,M,27.55000000000001,38.55000000000001,1532,40.0,0,0,0,0,0,0,0,1,0,40.0,339
M22801,M,27.55000000000001,38.55000000000001,1499,38.9,3,0,0,0,0,0,0,1,135,9.725,328
L55122,L,27.650000000000034,38.55000000000001,1432,45.8,6,0,0,0,0,0,0,0,270,6.542857142857143,325
L55123,L,27.650000000000034,38.55000000000001,1753,29.0,8,0,0,0,0,0,0,0,360,3.2222222222222223,294
L55124,L,27.650000000000034,38.55000000000001,1414,49.0,10,0,0,0,0,0,0,0,450,4.454545454545454,162
L55125,L,27.650000000000034,38.55000000000001,1655,32.2,12,0,0,0,0,0,0,1,540,2.476923076923077,177
L55126,L,27.650000000000034,38.450000000000045,1516,35.6,14,0,0,0,0,0,0,1,630,2.3733333333333335,272
L55127,L,27.650000000000034,38.55000000000001,1426,45.5,16,0,0,0,0,0,0,1,720,2.676470588235294,216
L55128,L,27.650000000000034,38.55000000000001,1479,39.4,18,0,0,0,0,0,0,0,810,2.0736842105263156,154
M22809,M,27.55000000000001,38.35000000000002,1569,36.4,20,0,0,0,0,0,0,0,900,1.7333333333333332,249
L55130,L,27.650000000000034,38.450000000000045,1568,36.0,23,0,0,0,0,0,0,1,1035,1.5,337
M22811,M,27.75,38.650000000000034,1843,24.5,25,0,0,0,0,0,0,0,1125,0.9423076923076923,292
M22812,M,27.75,38.75,1480,40.9,28,0,0,0,0,0,0,1,1260,1.410344827586207,230
L55133,L,27.850000000000023,38.85000000000002,1447,36.8,31,0,0,0,0,0,0,0,1395,1.15,193
L55134,L,27.850000000000023,38.75,1454,41.9,33,0,0,0,0,0,0,1,1485,1.2323529411764707,268
M22815,M,27.75,38.75,1310,56.1,35,0,0,0,0,0,0,1,1575,1.5583333333333333,195
H37370,H,27.75,38.75,1513,38.0,38,0,0,0,0,0,0,1,1710,0.9743589743589743,306
H37371,H,27.75,38.75,2140,16.5,43,0,0,0,0,0,0,0,1935,0.375,217
L55138,L,27.850000000000023,38.950000000000045,1377,49.9,48,0,0,0,0,0,0,0,2160,1.0183673469387755,277
L55139,L,27.850000000000023,38.950000000000045,1585,32.3,50,0,0,0,0,0,0,1,2250,0.6333333333333333,198
H37374,H,27.950000000000045,39.05000000000001,1491,42.6,52,0,0,0,0,0,0,1,2340,0.8037735849056604,320
L55141,L,27.850000000000023,39.05000000000001,1264,59.0,57,0,0,0,0,0,0,1,2565,1.0172413793103448,251
L55142,L,27.850000000000023,39.05000000000001,1372,47.0,59,0,0,0,0,0,0,1,2655,0.7833333333333333,345
L55143,L,27.850000000000023,39.05000000000001,1510,39.9,61,0,0,0,0,0,0,1,2745,0.6435483870967742,226
L55144,L,27.75,38.950000000000045,1423,40.2,63,0,0,0,0,0,0,1,2835,0.628125,169
L55145,L,27.950000000000045,39.150000000000034,1464,35.3,65,0,0,0,0,0,0,0,2925,0.5348484848484848,260
L55146,L,27.850000000000023,39.05000000000001,1602,35.9,67,0,0,0,0,0,0,0,3015,0.5279411764705882,295
M22827,M,27.850000000000023,39.05000000000001,1629,32.6,69,0,0,0,0,0,0,0,3105,0.46571428571428575,341
L55148,L,27.75,39.05000000000001,1811,23.2,72,0,0,0,0,0,0,0,3240,0.31780821917808216,326
L55149,L,27.75,38.950000000000045,1711,28.8,74,0,0,0,0,0,0,1,3330,0.384,264
M22830,M,27.75,38.950000000000045,1297,48.6,76,0,0,0,0,0,0,1,3420,0.6311688311688312,319
L55151,L,27.850000000000023,38.950000000000045,1405,46.1,79,0,0,0,0,0,0,1,3555,0.57625,161
L55152,L,27.950000000000045,39.05000000000001,1397,54.9,81,0,0,0,0,0,0,0,3645,0.6695121951219511,228
L55153,L,27.950000000000045,39.150000000000034,1682,29.7,83,0,0,0,0,0,0,0,3735,0.35357142857142854,268
L55154,L,28.05000000000001,39.150000000000034,1528,38.4,85,0,0,0,0,0,0,1,3825,0.44651162790697674,185
M22835,M,28.05000000000001,39.150000000000034,1548,38.3,87,0,0,0,0,0,0,0,3915,0.4352272727272727,157
H37390,H,28.05000000000001,39.25,1395,47.8,90,0,0,0,0,0,0,0,4050,0.5252747252747253,177
L55157,L,28.05000000000001,39.25,1378,59.0,95,0,0,0,0,0,0,1,4275,0.6145833333333334,265
L55158,L,28.05000000000001,39.25,1480,53.5,97,0,0,0,0,0,0,1,4365,0.5459183673469388,235
M22839,M,28.05000000000001,39.25,1428,36.6,99,0,0,0,0,0,0,1,4455,0.366,337
M22840,M,28.05000000000001,39.25,1505,39.6,102,0,0,0,0,0,0,0,4590,0.38446601941747577,198
L55161,L,27.850000000000023,39.150000000000034,1445,36.4,105,0,0,0,0,0,0,1,4725,0.3433962264150943,315
L55162,L,27.850000000000023,39.150000000000034,1488,42.6,107,0,0,0,0,0,0,1,4815,0.39444444444444443,229
L55163,L,27.850000000000023,39.05000000000001,1601,33.0,109,0,0,0,0,0,0,1,4905,0.3,335
L55164,L,27.850000000000023,39.150000000000034,1550,34.9,111,0,0,0,0,0,0,0,4995,0.31160714285714286,154
L55165,L,27.850000000000023,39.05000000000001,1540,34.1,113,0,0,0,0,0,0,0,5085,0.29912280701754385,195
L55166,L,27.950000000000045,39.150000000000034,1587,34.5,115,0,0,0,0,0,0,1,5175,0.2974137931034483,247
H37401,H,27.850000000000023,39.05000000000001,1489,40.3,117,0,0,0,0,0,0,1,5265,0.34152542372881356,251
L55168,L,27.950000000000045,39.150000000000034,1486,34.9,122,0,0,0,0,0,0,0,5490,0.283739837398374,352
L55169,L,27.950000000000045,39.25,1430,37.9,124,0,0,0,0,0,0,0,5580,0.30319999999999997,151
M22850,M,27.950000000000045,39.25,1809,25.1,126,0,0,0,0,0,0,1,5670,0.19763779527559056,174
L55171,L,27.950000000000045,39.150000000000034,1534,39.0,129,0,0,0,0,0,0,0,5805,0.3,150
M22852,M,27.950000000000045,39.150000000000034,1852,25.9,131,0,0,0,0,0,0,1,5895,0.1962121212121212,346
L55173,L,27.950000000000045,39.150000000000034,1595,31.9,134,0,0,0,0,0,0,1,6030,0.23629629629629628,317
L55174,L,27.850000000000023,39.150000000000034,1424,43.5,136,0,0,0,0,0,0,0,6120,0.3175182481751825,217
L55175,L,27.850000000000023,39.05000000000001,1776,28.8,138,0,0,0,0,0,0,1,6210,0.20719424460431654,218
M22856,M,27.850000000000023,39.05000000000001,1499,41.5,140,0,0,0,0,0,0,1,6300,0.29432624113475175,346
M22857,M,27.850000000000023,39.05000000000001,2710,9.7,143,1,0,0,1,0,0,6,6435,0.06736111111111111,39
L55178,L,27.75,38.950000000000045,1359,51.7,146,0,0,0,0,0,0,1,6570,0.3517006802721089,331
M22859,M,27.75,38.950000000000045,1617,31.0,148,0,0,0,0,0,0,0,6660,0.2080536912751678,340
M22860,M,27.650000000000034,38.85000000000002,1443,53.3,151,0,0,0,0,0,0,1,6795,0.3506578947368421,167
L55181,L,27.650000000000034,38.85000000000002,1374,50.2,154,0,0,0,0,0,0,1,6930,0.3238709677419355,256
M22862,M,27.75,38.950000000000045,1851,23.0,156,0,0,0,0,0,0,0,7020,0.1464968152866242,166
M22863,M,27.650000000000034,38.85000000000002,1274,67.3,159,0,0,0,0,0,0,0,7155,0.42062499999999997,274
L55184,L,27.75,38.85000000000002,1533,44.0,162,0,0,0,0,0,0,0,7290,0.26993865030674846,231
L55185,L,27.650000000000034,38.85000000000002,1477,37.3,164,0,0,0,0,0,0,0,7380,0.22606060606060605,153
L55186,L,27.75,38.950000000000045,1462,46.0,166,0,0,0,0,0,0,0,7470,0.2754491017964072,264
M22867,M,27.850000000000023,38.950000000000045,1664,28.4,168,0,0,0,0,0,0,0,7560,0.1680473372781065,244
L55188,L,27.650000000000034,38.75,1414,41.1,171,0,0,0,0,0,0,1,7695,0.23895348837209304,244
H37423,H,27.75,38.85000000000002,2129,17.8,173,0,0,0,0,0,0,0,7785,0.10229885057471265,286
L55190,L,27.650000000000034,38.650000000000034,1323,61.1,178,0,0,0,0,0,0,1,8010,0.34134078212290503,180
L55191,L,27.650000000000034,38.650000000000034,1427,43.3,180,0,0,0,0,0,0,0,8100,0.23922651933701655,282
M22872,M,27.75,38.85000000000002,1375,56.1,182,0,0,0,0,0,0,1,8190,0.30655737704918035,165
M22873,M,27.75,38.85000000000002,1402,50.7,185,0,0,0,0,0,0,1,8325,0.2725806451612903,191
L55194,L,27.75,38.85000000000002,1500,44.2,188,0,0,0,0,0,0,0,8460,0.23386243386243388,318
M22875,M,27.850000000000023,38.85000000000002,1558,37.5,190,0,0,0,0,0,0,1,8550,0.19633507853403143,357
M22876,M,27.75,38.85000000000002,1447,41.4,193,0,0,0,0,0,0,1,8685,0.2134020618556701,361
L55197,L,27.850000000000023,38.85000000000002,1518,39.3,196,0,0,0,0,0,0,1,8820,0.199492385786802,179
L55198,L,27.850000000000023,38.75,1889,23.5,198,0,0,0,0,0,0,0,8910,0.11809045226130653,175
L55199,L,27.850000000000023,38.950000000000045,1675,30.7,200,0,0,0,0,0,0,0,9000,0.1527363184079602,326
H37434,H,27.75,38.85000000000002,1720,27.9,202,0,0,0,0,0,0,1,9090,0.1374384236453202,180
M22881,M,27.850000000000023,38.85000000000002,1499,34.6,207,0,0,0,0,0,0,0,9315,0.16634615384615387,199
L55202,L,27.75,38.85000000000002,1441,43.8,210,0,0,0,0,0,0,0,9450,0.20758293838862557,292
H37437,H,27.75,38.85000000000002,1397,42.7,212,0,0,0,0,0,0,1,9540,0.20046948356807512,201
L55204,L,27.75,38.85000000000002,1493,38.7,217,0,0,0,0,0,0,1,9765,0.17752293577981654,315
M22885,M,27.650000000000034,38.85000000000002,1422,50.7,219,0,0,0,0,0,0,0,9855,0.23045454545454547,187
L55206,L,27.55000000000001,38.75,1399,50.2,222,1,0,0,0,1,0,5,9990,0.2251121076233184,24
L55207,L,27.450000000000045,38.75,1425,44.9,224,0,0,0,0,0,0,0,10080,0.19955555555555554,169
L55208,L,27.450000000000045,38.650000000000034,1501,44.8,226,0,0,0,0,0,0,1,10170,0.19735682819383257,248
M22889,M,27.450000000000045,38.75,1629,35.3,0,0,0,0,0,0,0,0,0,35.3,364
L55210,L,27.450000000000045,38.85000000000002,1490,42.2,3,0,0,0,0,0,0,0,135,10.55,193
L55211,L,27.55000000000001,38.85000000000002,1550,32.4,5,0,0,0,0,0,0,0,225,5.3999999999999995,260
L55212,L,27.650000000000034,38.85000000000002,1416,46.5,7,0,0,0,0,0,0,1,315,5.8125,238
L55213,L,27.55000000000001,38.75,1485,38.8,9,0,0,0,0,0,0,1,405,3.88,212
L55214,L,27.55000000000001,38.650000000000034,1564,36.8,11,0,0,0,0,0,0,1,495,3.0666666666666664,267
L55215,L,27.55000000000001,38.55000000000001,1910,19.7,13,0,0,0,0,0,0,0,585,1.407142857142857,327
L55216,L,27.55000000000001,38.55000000000001,1460,46.1,15,0,0,0,0,0,0,0,675,2.88125,299
L55217,L,27.55000000000001,38.650000000000034,1603,34.1,17,0,0,0,0,0,0,1,765,1.8944444444444446,221
L55218,L,27.55000000000001,38.650000000000034,1486,47.3,19,0,0,0,0,0,0,0,855,2.3649999999999998,203
L55219,L,27.650000000000034,38.75,1560,31.8,21,0,0,0,0,0,0,0,945,1.4454545454545455,286
L55220,L,27.650000000000034,38.75,1498,39.3,23,0,0,0,0,0,0,0,1035,1.6375,292
H37455,H,27.650000000000034,38.75,1431,48.5,25,0,0,0,0,0,0,1,1125,1.8653846153846154,197
L55222,L,27.650000000000034,38.75,1486,45.1,30,0,0,0,0,0,0,0,1350,1.4548387096774194,297
L55223,L,27.55000000000001,38.75,1486,35.8,32,0,0,0,0,0,0,0,1440,1.0848484848484847,312
L55224,L,27.55000000000001,38.650000000000034,1441,38.1,34,0,0,0,0,0,0,1,1530,1.0885714285714285,250
M22905,M,27.55000000000001,38.75,1366,55.1,36,0,0,0,0,0,0,0,1620,1.4891891891891893,344
L55226,L,27.450000000000045,38.650000000000034,1471,41.4,39,0,0,0,0,0,0,1,1755,1.035,209
L55227,L,27.450000000000045,38.75,1463,38.2,41,0,0,0,0,0,0,0,1845,0.9095238095238096,247
L55228,L,27.450000000000045,38.75,1413,41.3,43,0,0,0,0,0,0,1,1935,0.9386363636363636,311
H37463,H,27.450000000000045,38.75,1604,30.5,45,0,0,0,0,0,0,1,2025,0.6630434782608695,249
L55230,L,27.55000000000001,38.85000000000002,1401,51.1,50,0,0,0,0,0,0,0,2250,1.0019607843137255,248
L55231,L,27.450000000000045,38.650000000000034,1652,27.2,52,0,0,0,0,0,0,0,2340,0.5132075471698113,222
L55232,L,27.350000000000023,38.75,1403,45.7,54,0,0,0,0,0,0,1,2430,0.8309090909090909,268
L55233,L,27.350000000000023,38.75,1887,21.7,56,0,0,0,0,0,0,0,2520,0.3807017543859649,331
L55234,L,27.25,38.650000000000034,1405,47.9,58,0,0,0,0,0,0,1,2610,0.811864406779661,277
H37469,H,27.05000000000001,38.450000000000045,1496,41.1,60,0,0,0,0,0,0,0,2700,0.6737704918032787,289
L55236,L,26.950000000000045,38.35000000000002,1499,43.4,65,0,0,0,0,0,0,0,2925,0.6575757575757576,237
L55237,L,27.05000000000001,38.35000000000002,1549,37.2,67,0,0,0,0,0,0,0,3015,0.5470588235294118,254
L55238,L,27.150000000000034,38.450000000000045,1515,44.9,69,0,0,0,0,0,0,0,3105,0.6414285714285715,168
L55239,L,27.05000000000001,38.450000000000045,1540,37.7,71,0,0,0,0,0,0,1,3195,0.5236111111111111,229
H37474,H,27.05000000000001,38.35000000000002,1426,44.3,73,0,0,0,0,0,0,1,3285,0.5986486486486486,175
M22921,M,27.05000000000001,38.450000000000045,1465,41.4,78,0,0,0,0,0,0,0,3510,0.5240506329113924,300
M22922,M,27.150000000000034,38.450000000000045,1359,54.1,81,0,0,0,0,0,0,0,3645,0.6597560975609756,270
M22923,M,27.150000000000034,38.55000000000001,1551,36.4,84,0,0,0,0,0,0,0,3780,0.42823529411764705,182
L55244,L,27.350000000000023,38.650000000000034,1596,34.8,87,0,0,0,0,0,0,0,3915,0.39545454545454545,255
M22925,M,27.350000000000023,38.75,1670,26.3,89,0,0,0,0,0,0,0,4005,0.2922222222222222,334
L55246,L,27.25,38.75,1868,21.3,92,0,0,0,0,0,0,1,4140,0.22903225806451613,179
M22927,M,27.450000000000045,38.85000000000002,1490,39.8,94,0,0,0,0,0,0,1,4230,0.4189473684210526,300
M22928,M,27.350000000000023,38.75,1676,35.2,97,0,0,0,0,0,0,0,4365,0.3591836734693878,351
M22929,M,27.350000000000023,38.75,1875,22.1,100,0,0,0,0,0,0,1,4500,0.21881188118811884,275
M22930,M,27.350000000000023,38.85000000000002,1867,23.0,103,0,0,0,0,0,0,1,4635,0.22115384615384615,185
L55251,L,27.350000000000023,38.85000000000002,1646,29.5,106,0,0,0,0,0,0,0,4770,0.2757009345794392,274
H37486,H,27.350000000000023,38.85000000000002,1375,43.2,108,0,0,0,0,0,0,1,4860,0.3963302752293578,273
L55253,L,27.350000000000023,38.85000000000002,1558,36.7,113,0,0,0,0,0,0,1,5085,0.3219298245614035,363
L55254,L,27.25,38.85000000000002,1631,34.9,115,0,0,0,0,0,0,1,5175,0.3008620689655172,320
L55255,L,27.25,38.85000000000002,1366,43.0,117,0,0,0,0,0,0,1,5265,0.3644067796610169,343
L55256,L,27.150000000000034,38.650000000000034,1360,48.0,119,0,0,0,0,0,0,0,5355,0.4,330
L55257,L,27.150000000000034,38.650000000000034,1547,39.7,121,0,0,0,0,0,0,1,5445,0.3254098360655738,364
L55258,L,27.150000000000034,38.55000000000001,1571,31.2,123,0,0,0,0,0,0,1,5535,0.25161290322580643,267
L55259,L,27.05000000000001,38.35000000000002,1528,36.1,125,0,0,0,0,0,0,1,5625,0.28650793650793654,272
H37494,H,27.05000000000001,38.35000000000002,1432,43.6,127,0,0,0,0,0,0,0,5715,0.340625,337
L55261,L,27.05000000000001,38.450000000000045,1356,53.5,132,0,0,0,0,0,0,1,5940,0.40225563909774437,186
H37496,H,26.950000000000045,38.35000000000002,1422,46.2,134,0,0,0,0,0,0,1,6030,0.34222222222222226,210
L55263,L,26.950000000000045,38.25,1438,42.2,139,0,0,0,0,0,0,1,6255,0.30142857142857143,245
L55264,L,27.05000000000001,38.25,1483,44.4,141,0,0,0,0,0,0,0,6345,0.31267605633802814,269
L55265,L,27.05000000000001,38.25,1331,49.8,143,0,0,0,0,0,0,0,6435,0.3458333333333333,330
L55266,L,27.05000000000001,38.25,1463,37.5,145,0,0,0,0,0,0,0,6525,0.2568493150684932,161
L55267,L,26.950000000000045,38.25,1446,40.6,147,0,0,0,0,0,0,0,6615,0.27432432432432435,271
L55268,L,26.950000000000045,38.25,1356,45.7,149,0,0,0,0,0,0,0,6705,0.3046666666666667,184
L55269,L,26.950000000000045,38.150000000000034,1676,30.3,151,0,0,0,0,0,0,1,6795,0.1993421052631579,216
L55270,L,26.950000000000045,38.25,1910,23.0,153,0,0,0,0,0,0,0,6885,0.14935064935064934,187
L55271,L,27.05000000000001,38.450000000000045,1375,56.9,155,0,0,0,0,0,0,1,6975,0.3647435897435897,173
M22952,M,27.05000000000001,38.450000000000045,1513,40.8,157,0,0,0,0,0,0,0,7065,0.2582278481012658,230
L55273,L,27.05000000000001,38.450000000000045,1511,35.7,160,0,0,0,0,0,0,0,7200,0.22173913043478263,317
H37508,H,27.05000000000001,38.450000000000045,1662,28.8,162,0,0,0,0,0,0,0,7290,0.17668711656441718,342
L55275,L,27.05000000000001,38.55000000000001,1493,48.3,167,0,0,0,0,0,0,1,7515,0.2875,334
M22956,M,27.05000000000001,38.55000000000001,1555,37.4,169,0,0,0,0,0,0,1,7605,0.22,221
L55277,L,27.150000000000034,38.55000000000001,1452,41.5,172,0,0,0,0,0,0,1,7740,0.2398843930635838,228
L55278,L,27.05000000000001,38.450000000000045,1500,39.0,174,0,0,0,0,0,0,0,7830,0.22285714285714286,263
L55279,L,27.05000000000001,38.55000000000001,1603,30.5,176,0,0,0,0,0,0,0,7920,0.17231638418079095,194
L55280,L,27.150000000000034,38.55000000000001,1682,27.8,178,0,0,0,0,0,0,0,8010,0.1553072625698324,349
L55281,L,27.150000000000034,38.650000000000034,1567,37.7,180,0,0,0,0,0,0,0,8100,0.20828729281767958,274
L55282,L,27.150000000000034,38.650000000000034,1413,46.0,182,0,0,0,0,0,0,0,8190,0.25136612021857924,245
M22963,M,27.150000000000034,38.75,1429,41.6,184,0,0,0,0,0,0,0,8280,0.22486486486486487,162
L55284,L,27.150000000000034,38.75,1692,31.5,187,0,0,0,0,0,0,1,8415,0.1675531914893617,259
L55285,L,27.25,38.75,1476,48.7,189,0,0,0,0,0,0,1,8505,0.2563157894736842,356
M22966,M,27.25,38.85000000000002,1596,30.4,191,0,0,0,0,0,0,0,8595,0.15833333333333333,155
H37521,H,27.150000000000034,38.75,1390,49.0,194,0,0,0,0,0,0,1,8730,0.2512820512820513,246
M22968,M,27.150000000000034,38.650000000000034,1607,33.7,199,0,0,0,0,0,0,1,8955,0.1685,220
L55289,L,27.150000000000034,38.55000000000001,1821,26.3,202,0,0,0,0,0,0,1,9090,0.12955665024630542,196
H37524,H,27.150000000000034,38.650000000000034,2141,18.5,204,0,0,0,0,0,0,0,9180,0.09024390243902439,242
M22971,M,27.25,38.650000000000034,1553,33.1,209,1,1,0,0,0,0,3,9405,0.15761904761904763,57
M22972,M,27.25,38.650000000000034,1442,45.1,0,0,0,0,0,0,0,0,0,45.1,193
L55293,L,27.25,38.55000000000001,1459,45.6,3,0,0,0,0,0,0,0,135,11.4,181
H37528,H,27.25,38.650000000000034,2496,13.5,5,0,0,0,0,0,0,1,225,2.25,152
L55295,L,27.25,38.650000000000034,1367,57.2,10,0,0,0,0,0,0,0,450,5.2,331
L55296,L,27.150000000000034,38.650000000000034,2004,19.6,12,0,0,0,0,0,0,0,540,1.5076923076923079,233
L55297,L,27.150000000000034,38.55000000000001,1406,47.5,14,0,0,0,0,0,0,0,630,3.1666666666666665,355
L55298,L,27.150000000000034,38.650000000000034,1548,33.0,16,0,0,0,0,0,0,1,720,1.9411764705882353,315
L55299,L,27.150000000000034,38.55000000000001,1333,55.2,18,0,0,0,0,0,0,1,810,2.905263157894737,153
L55300,L,27.05000000000001,38.450000000000045,1767,26.4,20,0,0,0,0,0,0,1,900,1.2571428571428571,356
L55301,L,27.05000000000001,38.450000000000045,1827,27.0,22,0,0,0,0,0,0,1,990,1.173913043478261,294
M22982,M,27.05000000000001,38.450000000000045,1533,46.4,24,0,0,0,0,0,0,1,1080,1.8559999999999999,314
H37537,H,27.05000000000001,38.35000000000002,1515,36.8,27,0,0,0,0,0,0,0,1215,1.3142857142857143,237
L55304,L,27.05000000000001,38.25,1568,41.0,32,0,0,0,0,0,0,1,1440,1.2424242424242424,255
L55305,L,27.05000000000001,38.25,1452,47.8,34,0,0,0,0,0,0,1,1530,1.3657142857142857,254
L55306,L,27.05000000000001,38.25,1433,37.9,36,0,0,0,0,0,0,0,1620,1.0243243243243243,185
M22987,M,26.950000000000045,38.150000000000034,1650,33.8,38,0,0,0,0,0,0,0,1710,0.8666666666666666,207
L55308,L,26.950000000000045,38.25,1629,31.3,41,0,0,0,0,0,0,0,1845,0.7452380952380953,318
L55309,L,26.850000000000023,38.150000000000034,1520,39.2,43,0,0,0,0,0,0,1,1935,0.890909090909091,157
H37544,H,26.850000000000023,38.05000000000001,1393,43.1,45,0,0,0,0,0,0,0,2025,0.9369565217391305,344
H37545,H,26.75,38.05000000000001,1364,49.6,50,0,0,0,0,0,0,1,2250,0.9725490196078431,307
M22992,M,26.75,38.150000000000034,1389,50.0,55,0,0,0,0,0,0,0,2475,0.8928571428571429,235
L55313,L,26.650000000000034,37.950000000000045,1466,46.1,58,0,0,0,0,0,0,1,2610,0.7813559322033898,329
L55314,L,26.55000000000001,37.950000000000045,1650,32.4,60,0,0,0,0,0,0,1,2700,0.5311475409836065,246
L55315,L,26.450000000000045,37.85000000000002,1554,36.3,62,0,0,0,0,0,0,1,2790,0.5761904761904761,302
M22996,M,26.450000000000045,37.75,1474,39.7,64,0,0,0,0,0,0,1,2880,0.6107692307692308,329
H37551,H,26.350000000000023,37.650000000000034,1600,32.4,67,0,0,0,0,0,0,0,3015,0.4764705882352941,208
L55318,L,26.350000000000023,37.650000000000034,1356,54.9,72,0,0,0,0,0,0,0,3240,0.7520547945205479,179
L55319,L,26.350000000000023,37.650000000000034,1571,38.2,74,0,0,0,0,0,0,1,3330,0.5093333333333334,250
L55320,L,26.450000000000045,37.75,1658,28.0,76,0,0,0,0,0,0,0,3420,0.36363636363636365,216
L55321,L,26.450000000000045,37.650000000000034,1393,49.9,78,0,0,0,0,0,0,1,3510,0.6316455696202532,281
M23002,M,26.55000000000001,37.85000000000002,1448,49.8,80,0,0,0,0,0,0,0,3600,0.6148148148148148,242
L55323,L,26.55000000000001,37.75,1477,40.4,83,0,0,0,0,0,0,0,3735,0.4809523809523809,334
M23004,M,26.55000000000001,37.85000000000002,1506,42.7,85,0,0,0,0,0,0,1,3825,0.4965116279069768,212
M23005,M,26.55000000000001,37.75,1685,32.1,88,0,0,0,0,0,0,1,3960,0.3606741573033708,181
L55326,L,26.450000000000045,37.75,1533,31.8,91,0,0,0,0,0,0,0,4095,0.3456521739130435,236
L55327,L,26.350000000000023,37.650000000000034,1447,41.0,93,0,0,0,0,0,0,1,4185,0.43617021276595747,360
M23008,M,26.350000000000023,37.55000000000001,1488,39.5,95,0,0,0,0,0,0,0,4275,0.4114583333333333,356
M23009,M,26.450000000000045,37.650000000000034,1427,50.4,98,0,0,0,0,0,0,0,4410,0.509090909090909,200
M23010,M,26.350000000000023,37.55000000000001,1424,41.3,101,0,0,0,0,0,0,0,4545,0.4049019607843137,212
L55331,L,26.350000000000023,37.55000000000001,1472,40.9,104,0,0,0,0,0,0,1,4680,0.3895238095238095,229
L55332,L,26.350000000000023,37.55000000000001,1438,45.7,106,0,0,0,0,0,0,1,4770,0.42710280373831777,236
L55333,L,26.450000000000045,37.650000000000034,1507,42.4,108,0,0,0,0,0,0,0,4860,0.38899082568807336,259
L55334,L,26.450000000000045,37.55000000000001,1393,52.1,110,0,0,0,0,0,0,1,4950,0.4693693693693694,250
L55335,L,26.350000000000023,37.650000000000034,1283,52.4,112,0,0,0,0,0,0,1,5040,0.463716814159292,278
L55336,L,26.450000000000045,37.650000000000034,1644,30.9,114,0,0,0,0,0,0,0,5130,0.26869565217391306,168
L55337,L,26.450000000000045,37.650000000000034,1498,46.9,116,0,0,0,0,0,0,1,5220,0.4008547008547008,250
L55338,L,26.450000000000045,37.650000000000034,1400,40.8,118,0,0,0,0,0,0,1,5310,0.34285714285714286,312
H37573,H,26.450000000000045,37.75,1679,31.2,120,0,0,0,0,0,0,0,5400,0.2578512396694215,340
M23020,M,26.55000000000001,37.950000000000045,1618,30.3,125,0,0,0,0,0,0,1,5625,0.24047619047619048,243
H37575,H,26.450000000000045,37.85000000000002,1714,30.2,128,0,0,0,0,0,0,0,5760,0.23410852713178293,230
L55342,L,26.450000000000045,37.85000000000002,1574,35.0,133,0,0,0,0,0,0,1,5985,0.26119402985074625,252
L55343,L,26.55000000000001,37.950000000000045,1574,36.4,135,0,0,0,0,0,0,1,6075,0.2676470588235294,262
L55344,L,26.450000000000045,37.75,1472,40.9,137,0,0,0,0,0,0,0,6165,0.29637681159420287,303
L55345,L,26.450000000000045,37.85000000000002,1552,33.2,139,0,0,0,0,0,0,0,6255,0.23714285714285716,162
L55346,L,26.55000000000001,37.950000000000045,1603,31.4,141,0,0,0,0,0,0,1,6345,0.22112676056338026,267
H37581,H,26.55000000000001,37.950000000000045,1353,47.1,143,0,0,0,0,0,0,0,6435,0.32708333333333334,235
L55348,L,26.55000000000001,37.950000000000045,1690,30.6,148,0,0,0,0,0,0,0,6660,0.20536912751677852,172
M23029,M,26.650000000000034,38.05000000000001,1745,26.3,150,0,0,0,0,0,0,1,6750,0.1741721854304636,256
L55350,L,26.75,38.150000000000034,1522,45.7,153,0,0,0,0,0,0,0,6885,0.29675324675324677,312
H37585,H,26.850000000000023,38.25,1641,34.5,155,0,0,0,0,0,0,1,6975,0.22115384615384615,161
L55352,L,26.75,38.25,1596,28.9,160,0,0,0,0,0,0,1,7200,0.1795031055900621,286
H37587,H,26.75,38.25,1497,37.0,162,0,0,0,0,0,0,0,7290,0.22699386503067484,227
L55354,L,26.75,38.150000000000034,1371,52.3,167,0,0,0,0,0,0,1,7515,0.3113095238095238,216
M23035,M,26.75,38.150000000000034,1445,41.2,169,0,0,0,0,0,0,0,7605,0.2423529411764706,257
L55356,L,26.650000000000034,38.05000000000001,1564,40.0,172,0,0,0,0,0,0,1,7740,0.23121387283236994,193
L55357,L,26.55000000000001,37.950000000000045,1439,44.9,174,0,0,0,0,0,0,0,7830,0.25657142857142856,338
L55358,L,26.55000000000001,38.05000000000001,1352,52.1,176,0,0,0,0,0,0,0,7920,0.2943502824858757,298
L55359,L,26.650000000000034,38.150000000000034,1560,35.4,178,0,0,0,0,0,0,1,8010,0.1977653631284916,156
M23040,M,26.55000000000001,38.05000000000001,1616,42.3,180,0,0,0,0,0,0,0,8100,0.23370165745856353,277
L55361,L,26.55000000000001,38.05000000000001,1835,23.7,183,0,0,0,0,0,0,0,8235,0.12880434782608696,246
M23042,M,26.55000000000001,37.950000000000045,1649,32.7,185,0,0,0,0,0,0,0,8325,0.17580645161290323,160
L55363,L,26.650000000000034,37.950000000000045,1452,47.3,188,0,0,0,0,0,0,1,8460,0.25026455026455025,322
L55364,L,26.650000000000034,37.950000000000045,2144,17.7,190,0,0,0,0,0,0,1,8550,0.09267015706806282,309
L55365,L,26.55000000000001,37.950000000000045,1554,41.0,192,0,0,0,0,0,0,0,8640,0.21243523316062177,363
L55366,L,26.55000000000001,37.85000000000002,1827,25.4,194,0,0,0,0,0,0,0,8730,0.13025641025641024,255
L55367,L,26.450000000000045,37.75,1448,46.3,196,0,0,0,0,0,0,1,8820,0.23502538071065987,232
M23048,M,26.450000000000045,37.75,1530,38.8,198,0,0,0,0,0,0,1,8910,0.19497487437185929,185
L55369,L,26.55000000000001,37.85000000000002,1983,21.0,201,0,0,0,0,0,0,1,9045,0.10396039603960396,267
M23050,M,26.55000000000001,37.75,1620,37.2,203,0,0,0,0,0,0,0,9135,0.1823529411764706,314
M23051,M,26.450000000000045,37.75,1630,29.8,206,0,0,0,0,0,0,1,9270,0.14396135265700483,352
L55372,L,26.450000000000045,37.75,1229,65.2,209,1,0,0,0,1,0,4,9405,0.3104761904761905,29
L55373,L,26.350000000000023,37.650000000000034,1873,22.3,211,0,0,0,0,0,0,1,9495,0.10518867924528302,354
L55374,L,26.25,37.55000000000001,1426,45.7,213,0,0,0,0,0,0,0,9585,0.21355140186915889,241
L55375,L,26.25,37.650000000000034,1376,53.9,215,1,0,0,0,1,0,5,9675,0.24953703703703703,18
L55376,L,26.25,37.650000000000034,1622,33.6,217,0,0,0,0,0,0,0,9765,0.15412844036697249,292
M23057,M,26.25,37.55000000000001,1492,45.7,219,0,0,0,0,0,0,1,9855,0.20772727272727273,290
M23058,M,26.150000000000034,37.55000000000001,1374,48.9,222,0,0,0,0,0,0,1,9990,0.21928251121076234,202
L55379,L,26.05000000000001,37.55000000000001,1737,27.0,225,1,1,0,0,0,0,6,10125,0.11946902654867257,7
L55380,L,26.150000000000034,37.650000000000034,1426,42.4,0,0,0,0,0,0,0,1,0,42.4,182
M23061,M,26.150000000000034,37.75,1826,25.1,2,0,0,0,0,0,0,1,90,8.366666666666667,349
L55382,L,26.150000000000034,37.75,1669,32.4,5,0,0,0,0,0,0,1,225,5.3999999999999995,268
M23063,M,26.25,37.75,1473,40.1,7,0,0,0,0,0,0,1,315,5.0125,181
L55384,L,26.25,37.75,1751,27.8,10,0,0,0,0,0,0,0,450,2.5272727272727273,267
M23065,M,26.25,37.75,1446,47.3,12,0,0,0,0,0,0,0,540,3.6384615384615384,325
L55386,L,26.150000000000034,37.650000000000034,1483,43.5,15,0,0,0,0,0,0,1,675,2.71875,345
L55387,L,26.05000000000001,37.55000000000001,1535,42.6,17,0,0,0,0,0,0,0,765,2.3666666666666667,334
L55388,L,26.05000000000001,37.55000000000001,1477,44.0,19,0,0,0,0,0,0,0,855,2.2,211
L55389,L,26.150000000000034,37.650000000000034,1391,46.9,21,0,0,0,0,0,0,0,945,2.131818181818182,231
H37624,H,26.05000000000001,37.55000000000001,1636,29.4,23,0,0,0,0,0,0,0,1035,1.2249999999999999,364
L55391,L,26.05000000000001,37.450000000000045,1675,33.3,28,0,0,0,0,0,0,0,1260,1.1482758620689655,279
H37626,H,26.05000000000001,37.35000000000002,1329,48.9,30,0,0,0,0,0,0,1,1350,1.5774193548387097,226
M23073,M,26.05000000000001,37.35000000000002,1548,33.5,35,0,0,0,0,0,0,0,1575,0.9305555555555556,165
L55394,L,26.05000000000001,37.35000000000002,1391,45.8,38,0,0,0,0,0,0,1,1710,1.1743589743589742,272
L55395,L,25.950000000000045,37.35000000000002,1437,43.1,40,0,0,0,0,0,0,0,1800,1.051219512195122,157
L55396,L,26.05000000000001,37.450000000000045,1370,61.9,42,0,0,0,0,0,0,1,1890,1.4395348837209303,296
L55397,L,25.950000000000045,37.450000000000045,1577,37.1,44,0,0,0,0,0,0,1,1980,0.8244444444444444,309
L55398,L,25.950000000000045,37.35000000000002,1485,37.8,46,0,0,0,0,0,0,1,2070,0.8042553191489361,216
L55399,L,25.850000000000023,37.25,1504,34.3,48,0,0,0,0,0,0,0,2160,0.7,264
M23080,M,25.75,37.150000000000034,1551,35.2,50,0,0,0,0,0,0,0,2250,0.6901960784313727,262
M23081,M,25.950000000000045,37.35000000000002,1428,43.0,53,0,0,0,0,0,0,1,2385,0.7962962962962963,181
L55402,L,25.850000000000023,37.35000000000002,1755,27.9,56,0,0,0,0,0,0,1,2520,0.4894736842105263,254
L55403,L,25.950000000000045,37.35000000000002,1329,54.9,58,0,0,0,0,0,0,0,2610,0.9305084745762712,362
L55404,L,25.950000000000045,37.35000000000002,1496,35.2,60,0,0,0,0,0,0,0,2700,0.5770491803278689,174
L55405,L,25.950000000000045,37.35000000000002,1532,36.6,62,0,0,0,0,0,0,1,2790,0.580952380952381,202
L55406,L,25.950000000000045,37.35000000000002,1389,61.4,64,0,0,0,0,0,0,0,2880,0.9446153846153846,230
M23087,M,25.950000000000045,37.25,1524,51.4,66,0,0,0,0,0,0,0,2970,0.7671641791044775,174
M23088,M,25.950000000000045,37.25,1422,49.3,69,0,0,0,0,0,0,0,3105,0.7042857142857143,182
L55409,L,25.950000000000045,37.35000000000002,1739,27.4,72,0,0,0,0,0,0,0,3240,0.3753424657534246,180
L55410,L,25.950000000000045,37.35000000000002,1736,26.9,74,0,0,0,0,0,0,0,3330,0.35866666666666663,185
L55411,L,25.950000000000045,37.35000000000002,1419,48.8,76,0,0,0,0,0,0,0,3420,0.6337662337662338,236
L55412,L,25.950000000000045,37.450000000000045,1326,49.7,78,0,0,0,0,0,0,1,3510,0.6291139240506329,272
M23093,M,25.950000000000045,37.450000000000045,1449,43.2,80,0,0,0,0,0,0,1,3600,0.5333333333333333,326
L55414,L,26.05000000000001,37.450000000000045,1534,39.7,83,0,0,0,0,0,0,1,3735,0.47261904761904766,193
M23095,M,26.05000000000001,37.450000000000045,1443,50.9,85,0,0,0,0,0,0,1,3825,0.5918604651162791,197
L55416,L,26.05000000000001,37.450000000000045,1498,41.1,88,0,0,0,0,0,0,1,3960,0.46179775280898877,307
L55417,L,25.950000000000045,37.450000000000045,1796,26.0,90,0,0,0,0,0,0,1,4050,0.2857142857142857,162
L55418,L,25.950000000000045,37.25,1519,45.3,92,0,0,0,0,0,0,0,4140,0.48709677419354835,320
L55419,L,25.850000000000023,37.25,1339,49.6,94,0,0,0,0,0,0,0,4230,0.5221052631578947,293
L55420,L,25.850000000000023,37.25,1483,41.5,96,0,0,0,0,0,0,1,4320,0.42783505154639173,240
M23101,M,25.75,37.05000000000001,2099,20.0,98,0,0,0,0,0,0,1,4410,0.20202020202020202,303
M23102,M,25.850000000000023,37.150000000000034,1689,29.7,101,0,0,0,0,0,0,1,4545,0.2911764705882353,352
H37657,H,25.950000000000045,37.25,1369,54.5,104,0,0,0,0,0,0,0,4680,0.5190476190476191,324
L55424,L,25.850000000000023,37.25,1512,38.8,109,0,0,0,0,0,0,0,4905,0.3527272727272727,314
M23105,M,25.850000000000023,37.150000000000034,1303,68.6,111,1,0,0,1,0,0,6,4995,0.6124999999999999,21
L55426,L,25.850000000000023,37.150000000000034,1552,39.9,114,0,0,0,0,0,0,0,5130,0.34695652173913044,303
L55427,L,25.850000000000023,37.25,1713,28.0,116,0,0,0,0,0,0,1,5220,0.23931623931623933,292
L55428,L,25.75,37.150000000000034,1456,44.1,118,0,0,0,0,0,0,1,5310,0.37058823529411766,215
L55429,L,25.850000000000023,37.25,1524,39.8,120,0,0,0,0,0,0,1,5400,0.32892561983471075,177
M23110,M,25.850000000000023,37.25,1394,45.2,122,0,0,0,0,0,0,1,5490,0.367479674796748,274
L55431,L,25.850000000000023,37.25,1981,21.2,125,0,0,0,0,0,0,0,5625,0.16825396825396824,361
L55432,L,25.850000000000023,37.25,1565,36.1,127,0,0,0,0,0,0,0,5715,0.28203125,315
L55433,L,25.950000000000045,37.25,1657,31.0,129,0,0,0,0,0,0,1,5805,0.23846153846153847,321
M23114,M,25.850000000000023,37.25,1625,37.1,131,0,0,0,0,0,0,0,5895,0.28106060606060607,330
L55435,L,25.850000000000023,37.25,1606,31.1,134,0,0,0,0,0,0,0,6030,0.2303703703703704,229
H37670,H,25.850000000000023,37.35000000000002,1336,56.8,136,0,0,0,0,0,0,0,6120,0.4145985401459854,281
M23117,M,25.850000000000023,37.450000000000045,1587,34.2,141,0,0,0,0,0,0,0,6345,0.24084507042253522,221
L55438,L,25.950000000000045,37.450000000000045,1602,39.7,144,0,0,0,0,0,0,1,6480,0.2737931034482759,193
L55439,L,25.950000000000045,37.35000000000002,1471,38.4,146,0,0,0,0,0,0,0,6570,0.26122448979591834,268
H37674,H,25.950000000000045,37.450000000000045,1332,48.0,148,0,0,0,0,0,0,1,6660,0.3221476510067114,195
H37675,H,26.05000000000001,37.450000000000045,1434,48.4,153,0,0,0,0,0,0,0,6885,0.3142857142857143,233
L55442,L,25.950000000000045,37.450000000000045,1921,23.9,158,0,0,0,0,0,0,0,7110,0.15031446540880503,175
H37677,H,26.05000000000001,37.450000000000045,1704,30.6,160,0,0,0,0,0,0,1,7200,0.19006211180124225,245
M23124,M,25.950000000000045,37.450000000000045,1397,49.5,165,0,0,0,0,0,0,1,7425,0.29819277108433734,162
H37679,H,25.950000000000045,37.450000000000045,1791,28.0,168,0,0,0,0,0,0,0,7560,0.16568047337278108,274
L55446,L,25.950000000000045,37.450000000000045,1818,24.1,173,0,0,0,0,0,0,0,7785,0.1385057471264368,218
L55447,L,26.05000000000001,37.55000000000001,1540,36.3,175,0,0,0,0,0,0,1,7875,0.20625,321
M23128,M,26.05000000000001,37.650000000000034,1502,39.8,177,0,0,0,0,0,0,0,7965,0.2235955056179775,330
H37683,H,26.05000000000001,37.650000000000034,1761,30.4,180,0,0,0,0,0,0,0,8100,0.16795580110497238,200
M23130,M,25.950000000000045,37.650000000000034,1517,38.4,185,0,0,0,0,0,0,1,8325,0.2064516129032258,162
L55451,L,25.950000000000045,37.55000000000001,1309,51.1,188,0,0,0,0,0,0,0,8460,0.27037037037037037,318
L55452,L,25.75,37.450000000000045,1363,52.6,190,0,0,0,0,0,0,0,8550,0.2753926701570681,288
M23133,M,25.850000000000023,37.450000000000045,1787,22.2,192,0,0,0,0,0,0,0,8640,0.11502590673575129,314
L55454,L,25.75,37.35000000000002,1640,29.2,195,0,0,0,0,0,0,0,8775,0.1489795918367347,209
M23135,M,25.75,37.450000000000045,1720,25.3,197,0,0,0,0,0,0,0,8865,0.12777777777777777,181
L55456,L,25.650000000000034,37.35000000000002,1384,52.8,200,0,0,0,0,0,0,1,9000,0.2626865671641791,322
H37691,H,25.650000000000034,37.35000000000002,1294,55.8,202,0,0,0,0,0,0,0,9090,0.2748768472906404,167
L55458,L,25.650000000000034,37.35000000000002,1464,46.4,207,0,0,0,0,0,0,1,9315,0.22307692307692306,242
L55459,L,25.650000000000034,37.450000000000045,1803,25.4,209,0,0,0,0,0,0,1,9405,0.12095238095238095,356
L55460,L,25.650000000000034,37.450000000000045,1602,39.1,211,0,0,0,0,0,0,0,9495,0.18443396226415096,297
H37695,H,25.75,37.450000000000045,1519,38.8,213,0,0,0,0,0,0,1,9585,0.18130841121495325,193
M23142,M,25.75,37.55000000000001,1638,33.6,218,0,0,0,0,0,0,0,9810,0.15342465753424658,313
H37697,H,25.75,37.450000000000045,1615,33.0,221,0,0,0,0,0,0,1,9945,0.14864864864864866,346
L55464,L,25.650000000000034,37.450000000000045,1651,33.3,0,0,0,0,0,0,0,1,0,33.3,186
L55465,L,25.75,37.450000000000045,1387,52.7,2,0,0,0,0,0,0,1,90,17.566666666666666,310
M23146,M,25.650000000000034,37.35000000000002,1678,32.8,4,0,0,0,0,0,0,0,180,6.56,359
L55467,L,25.75,37.450000000000045,1585,38.1,7,0,0,0,0,0,0,1,315,4.7625,276
M23148,M,25.650000000000034,37.450000000000045,1640,33.8,9,0,0,0,0,0,0,1,405,3.38,168
L55469,L,25.75,37.450000000000045,1406,43.8,12,0,0,0,0,0,0,1,540,3.369230769230769,328
M23150,M,25.75,37.450000000000045,1679,35.8,14,0,0,0,0,0,0,0,630,2.3866666666666663,181
L55471,L,25.75,37.35000000000002,1717,26.9,17,0,0,0,0,0,0,0,765,1.4944444444444445,255
H37706,H,25.75,37.35000000000002,1429,39.9,19,0,0,0,0,0,0,1,855,1.9949999999999999,171
M23153,M,25.75,37.25,1533,44.4,24,0,0,0,0,0,0,1,1080,1.776,271
M23154,M,25.75,37.35000000000002,1525,38.5,27,0,0,0,0,0,0,1,1215,1.375,278
L55475,L,25.75,37.25,1739,26.3,30,0,0,0,0,0,0,1,1350,0.8483870967741935,203
L55476,L,25.75,37.150000000000034,1436,39.0,32,0,0,0,0,0,0,0,1440,1.1818181818181819,297
M23157,M,25.650000000000034,37.05000000000001,1595,33.1,34,0,0,0,0,0,0,0,1530,0.9457142857142857,207
H37712,H,25.55000000000001,36.950000000000045,1435,45.6,37,0,0,0,0,0,0,0,1665,1.2,312
L55479,L,25.55000000000001,36.85000000000002,1637,31.8,42,0,0,0,0,0,0,1,1890,0.7395348837209302,219
L55480,L,25.55000000000001,36.950000000000045,1558,37.6,44,0,0,0,0,0,0,0,1980,0.8355555555555556,347
M23161,M,25.55000000000001,36.950000000000045,1644,34.1,46,0,0,0,0,0,0,1,2070,0.725531914893617,338
L55482,L,25.55000000000001,36.950000000000045,1641,31.1,49,0,0,0,0,0,0,1,2205,0.622,212
L55483,L,25.650000000000034,37.05000000000001,1504,41.0,51,0,0,0,0,0,0,1,2295,0.7884615384615384,338
M23164,M,25.55000000000001,36.950000000000045,1506,50.7,53,0,0,0,0,0,0,0,2385,0.938888888888889,334
H37719,H,25.650000000000034,36.950000000000045,1380,44.0,56,0,0,0,0,0,0,1,2520,0.7719298245614035,152
M23166,M,25.55000000000001,36.950000000000045,1549,42.5,61,0,0,0,0,0,0,0,2745,0.6854838709677419,248
M23167,M,25.55000000000001,36.950000000000045,1402,69.7,64,1,0,0,1,0,0,5,2880,1.0723076923076924,17
L55488,L,25.55000000000001,36.950000000000045,1401,45.3,67,0,0,0,0,0,0,0,3015,0.6661764705882353,292
M23169,M,25.55000000000001,36.85000000000002,1459,40.2,69,0,0,0,0,0,0,1,3105,0.5742857142857143,166
L55490,L,25.55000000000001,36.75,1465,39.7,72,0,0,0,0,0,0,0,3240,0.5438356164383562,292
M23171,M,25.650000000000034,36.85000000000002,1295,52.7,74,0,0,0,0,0,0,1,3330,0.7026666666666667,154
M23172,M,25.650000000000034,36.85000000000002,1529,38.5,77,0,0,0,0,0,0,0,3465,0.4935897435897436,363
M23173,M,25.650000000000034,36.85000000000002,1484,44.9,80,0,0,0,0,0,0,1,3600,0.5543209876543209,323
L55494,L,25.650000000000034,36.75,1739,30.6,83,0,0,0,0,0,0,1,3735,0.3642857142857143,160
H37729,H,25.55000000000001,36.650000000000034,1422,40.7,85,0,0,0,0,0,0,1,3825,0.4732558139534884,341
L55496,L,25.650000000000034,36.650000000000034,1463,40.0,90,0,0,0,0,0,0,0,4050,0.43956043956043955,241
L55497,L,25.55000000000001,36.55000000000001,1667,30.4,92,0,0,0,0,0,0,1,4140,0.3268817204301075,291
H37732,H,25.55000000000001,36.55000000000001,1565,39.3,94,0,0,0,0,0,0,1,4230,0.41368421052631577,188
L55499,L,25.55000000000001,36.55000000000001,1393,45.7,99,0,0,0,0,0,0,1,4455,0.457,344
M23180,M,25.650000000000034,36.55000000000001,1453,47.7,101,0,0,0,0,0,0,0,4545,0.4676470588235294,332
L55501,L,25.650000000000034,36.450000000000045,1442,50.0,104,0,0,0,0,0,0,1,4680,0.47619047619047616,191
L55502,L,25.55000000000001,36.450000000000045,1364,44.9,106,0,0,0,0,0,0,1,4770,0.41962616822429905,352
H37737,H,25.55000000000001,36.35000000000002,1453,40.4,108,0,0,0,0,0,0,0,4860,0.37064220183486235,243
M23184,M,25.55000000000001,36.35000000000002,1394,46.0,113,0,0,0,0,0,0,1,5085,0.40350877192982454,154
M23185,M,25.55000000000001,36.35000000000002,1500,38.8,116,0,0,0,0,0,0,0,5220,0.3316239316239316,201
H37740,H,25.450000000000045,36.35000000000002,1523,34.2,119,0,0,0,0,0,0,1,5355,0.28500000000000003,299
M23187,M,25.55000000000001,36.450000000000045,1254,57.1,124,0,0,0,0,0,0,0,5580,0.4568,354
L55508,L,25.450000000000045,36.35000000000002,1325,52.2,127,0,0,0,0,0,0,0,5715,0.4078125,193
L55509,L,25.650000000000034,36.55000000000001,1424,49.6,129,0,0,0,0,0,0,0,5805,0.38153846153846155,264
L55510,L,25.650000000000034,36.55000000000001,1505,39.0,131,0,0,0,0,0,0,1,5895,0.29545454545454547,362
M23191,M,25.650000000000034,36.55000000000001,1392,48.7,133,0,0,0,0,0,0,1,5985,0.36343283582089553,336
L55512,L,25.650000000000034,36.55000000000001,1529,44.0,136,0,0,0,0,0,0,0,6120,0.32116788321167883,302
M23193,M,25.650000000000034,36.55000000000001,1477,48.5,138,0,0,0,0,0,0,1,6210,0.3489208633093525,276
M23194,M,25.650000000000034,36.55000000000001,1459,47.3,141,0,0,0,0,0,0,1,6345,0.3330985915492958,265
M23195,M,25.850000000000023,36.650000000000034,2240,15.9,144,0,0,0,0,0,0,0,6480,0.1096551724137931,298
L55516,L,25.75,36.55000000000001,1449,48.8,147,0,0,0,0,0,0,0,6615,0.3297297297297297,341
M23197,M,25.650000000000034,36.55000000000001,1589,35.3,149,0,0,0,0,0,0,0,6705,0.2353333333333333,217
L55518,L,25.650000000000034,36.55000000000001,1740,28.5,152,0,0,0,0,0,0,0,6840,0.18627450980392157,196
M23199,M,25.650000000000034,36.55000000000001,1499,40.3,154,0,0,0,0,0,0,1,6930,0.26,276
M23200,M,25.650000000000034,36.55000000000001,1480,38.1,157,0,0,0,0,0,0,1,7065,0.24113924050632912,184
L55521,L,25.650000000000034,36.55000000000001,1751,29.6,160,0,0,0,0,0,0,1,7200,0.18385093167701863,364
L55522,L,25.55000000000001,36.55000000000001,1510,40.6,162,0,0,0,0,0,0,1,7290,0.249079754601227,156
H37757,H,25.650000000000034,36.650000000000034,1437,48.2,164,0,0,0,0,0,0,1,7380,0.2921212121212121,333
L55524,L,25.650000000000034,36.55000000000001,1609,40.4,169,0,0,0,0,0,0,1,7605,0.2376470588235294,265
H37759,H,25.650000000000034,36.650000000000034,1490,35.9,171,0,0,0,0,0,0,0,7695,0.20872093023255814,201
L55526,L,25.55000000000001,36.55000000000001,1601,35.7,176,0,0,0,0,0,0,1,7920,0.2016949152542373,259
L55527,L,25.55000000000001,36.450000000000045,1665,31.1,178,0,0,0,0,0,0,1,8010,0.17374301675977655,195
M23208,M,25.55000000000001,36.450000000000045,1452,42.7,180,0,0,0,0,0,0,1,8100,0.23591160220994475,286
M23209,M,25.55000000000001,36.35000000000002,1487,33.6,183,0,0,0,0,0,0,0,8235,0.1826086956521739,335
M23210,M,25.55000000000001,36.450000000000045,1382,48.1,186,0,0,0,0,0,0,0,8370,0.2572192513368984,172
M23211,M,25.55000000000001,36.450000000000045,1686,26.2,189,0,0,0,0,0,0,1,8505,0.13789473684210526,280
L55532,L,25.450000000000045,36.450000000000045,1491,36.9,192,0,0,0,0,0,0,0,8640,0.19119170984455958,276
L55533,L,25.55000000000001,36.450000000000045,1442,55.6,194,0,0,0,0,0,0,0,8730,0.28512820512820514,338
L55534,L,25.450000000000045,36.450000000000045,1390,50.3,196,0,0,0,0,0,0,1,8820,0.25532994923857866,158
L55535,L,25.55000000000001,36.450000000000045,1502,46.7,198,0,0,0,0,0,0,1,8910,0.23467336683417087,202
M23216,M,25.450000000000045,36.450000000000045,1344,59.4,200,0,0,0,0,0,0,1,9000,0.2955223880597015,345
L55537,L,25.350000000000023,36.35000000000002,1385,46.3,203,1,1,0,0,0,0,6,9135,0.2269607843137255,49
L55538,L,25.55000000000001,36.55000000000001,1547,37.4,0,0,0,0,0,0,0,0,0,37.4,347
M23219,M,25.450000000000045,36.450000000000045,1525,42.4,2,0,0,0,0,0,0,1,90,14.133333333333333,197
L55540,L,25.450000000000045,36.450000000000045,1540,35.8,5,0,0,0,0,0,0,0,225,5.966666666666666,272
L55541,L,25.450000000000045,36.35000000000002,1450,44.3,7,0,0,0,0,0,0,0,315,5.5375,231
L55542,L,25.450000000000045,36.450000000000045,1353,62.5,9,0,0,0,0,0,0,0,405,6.25,258
L55543,L,25.650000000000034,36.55000000000001,1582,45.0,11,0,0,0,0,0,0,1,495,3.75,156
L55544,L,25.75,36.650000000000034,1396,49.0,13,0,0,0,0,0,0,1,585,3.5,248
M23225,M,25.650000000000034,36.650000000000034,1551,36.6,15,0,0,0,0,0,0,1,675,2.2875,180
M23226,M,25.75,36.650000000000034,1836,22.8,18,0,0,0,0,0,0,1,810,1.2,251
L55547,L,25.75,36.650000000000034,1390,49.9,21,0,0,0,0,0,0,1,945,2.268181818181818,205
L55548,L,25.75,36.650000000000034,1534,42.1,23,0,0,0,0,0,0,0,1035,1.7541666666666667,248
L55549,L,25.650000000000034,36.55000000000001,1953,20.6,25,0,0,0,0,0,0,0,1125,0.7923076923076924,338
L55550,L,25.650000000000034,36.650000000000034,1634,33.6,27,0,0,0,0,0,0,0,1215,1.2,154
L55551,L,25.55000000000001,36.55000000000001,1881,21.7,29,0,0,0,0,0,0,0,1305,0.7233333333333333,179
M23232,M,25.650000000000034,36.55000000000001,1448,44.8,31,0,0,0,0,0,0,0,1395,1.4,171
M23233,M,25.55000000000001,36.55000000000001,1362,50.5,34,0,0,0,0,0,0,0,1530,1.4428571428571428,294
L55554,L,25.650000000000034,36.55000000000001,1225,63.4,37,0,0,0,0,0,0,1,1665,1.6684210526315788,287
M23235,M,25.650000000000034,36.450000000000045,1384,48.2,39,0,0,0,0,0,0,1,1755,1.205,348
L55556,L,25.650000000000034,36.650000000000034,1334,49.3,42,0,0,0,0,0,0,0,1890,1.1465116279069767,345
L55557,L,25.650000000000034,36.55000000000001,1336,50.3,44,0,0,0,0,0,0,1,1980,1.1177777777777778,319
M23238,M,25.650000000000034,36.75,1331,61.6,46,0,0,0,0,0,0,0,2070,1.3106382978723405,176
L55559,L,25.650000000000034,36.75,1629,31.9,49,0,0,0,0,0,0,0,2205,0.638,276
L55560,L,25.75,36.85000000000002,1776,25.7,51,0,0,0,0,0,0,1,2295,0.4942307692307692,284
H37795,H,25.650000000000034,36.85000000000002,1530,38.3,53,0,0,0,0,0,0,1,2385,0.7092592592592593,172
L55562,L,25.75,36.85000000000002,1719,27.3,58,0,0,0,0,0,0,0,2610,0.4627118644067797,224
M23243,M,25.650000000000034,36.75,1495,35.2,60,0,0,0,0,0,0,1,2700,0.5770491803278689,266
L55564,L,25.650000000000034,36.55000000000001,1450,43.1,63,0,0,0,0,0,0,0,2835,0.6734375,285
H37799,H,25.650000000000034,36.650000000000034,1563,38.8,65,0,0,0,0,0,0,0,2925,0.5878787878787879,157
M23246,M,25.75,36.75,1501,37.1,70,0,0,0,0,0,0,0,3150,0.5225352112676056,250
L55567,L,25.650000000000034,36.75,1351,47.2,73,0,0,0,0,0,0,0,3285,0.6378378378378379,154
L55568,L,25.75,36.75,1365,46.5,75,0,0,0,0,0,0,0,3375,0.6118421052631579,348
L55569,L,25.650000000000034,36.75,1525,39.7,77,0,0,0,0,0,0,1,3465,0.508974358974359,235
M23250,M,25.650000000000034,36.650000000000034,1288,61.9,79,0,0,0,0,0,0,0,3555,0.7737499999999999,279
L55571,L,25.450000000000045,36.450000000000045,1423,42.7,82,0,0,0,0,0,0,1,3690,0.5144578313253012,328
M23252,M,25.350000000000023,36.450000000000045,1502,39.4,84,0,0,0,0,0,0,0,3780,0.46352941176470586,343
L55573,L,25.350000000000023,36.35000000000002,1428,43.5,87,0,0,0,0,0,0,1,3915,0.4943181818181818,161
M23254,M,25.450000000000045,36.35000000000002,1566,38.1,89,0,0,0,0,0,0,0,4005,0.42333333333333334,196
M23255,M,25.350000000000023,36.35000000000002,1483,44.8,92,0,0,0,0,0,0,1,4140,0.48172043010752685,332
H37810,H,25.450000000000045,36.450000000000045,1593,33.3,95,0,0,0,0,0,0,0,4275,0.346875,175
L55577,L,25.350000000000023,36.450000000000045,1724,26.4,100,0,0,0,0,0,0,0,4500,0.2613861386138614,251
L55578,L,25.350000000000023,36.55000000000001,2617,12.1,102,1,0,0,1,0,0,4,4590,0.1174757281553398,44
L55579,L,25.450000000000045,36.55000000000001,1294,59.4,104,0,0,0,0,0,0,1,4680,0.5657142857142857,322
L55580,L,25.450000000000045,36.450000000000045,1533,40.7,106,0,0,0,0,0,0,1,4770,0.38037383177570094,339
H37815,H,25.350000000000023,36.25,1671,31.8,108,0,0,0,0,0,0,1,4860,0.29174311926605506,219
L55582,L,25.350000000000023,36.35000000000002,1370,52.4,113,0,0,0,0,0,0,1,5085,0.45964912280701753,364
L55583,L,25.350000000000023,36.450000000000045,1462,45.1,115,0,0,0,0,0,0,1,5175,0.3887931034482759,151
L55584,L,25.25,36.35000000000002,1545,36.6,117,0,0,0,0,0,0,0,5265,0.3101694915254237,175
M23265,M,25.25,36.35000000000002,1484,41.7,119,0,0,0,0,0,0,0,5355,0.34750000000000003,163
M23266,M,25.25,36.35000000000002,1344,45.3,122,0,0,0,0,0,0,0,5490,0.36829268292682926,231
L55587,L,25.25,36.35000000000002,1357,50.1,125,0,0,0,0,0,0,1,5625,0.39761904761904765,251
M23268,M,25.350000000000023,36.450000000000045,1572,33.0,127,0,0,0,0,0,0,1,5715,0.2578125,334
L55589,L,25.350000000000023,36.450000000000045,1861,26.9,130,0,0,0,0,0,0,1,5850,0.20534351145038165,181
L55590,L,25.350000000000023,36.35000000000002,1548,44.5,132,0,0,0,0,0,0,0,5940,0.33458646616541354,211
L55591,L,25.450000000000045,36.650000000000034,1496,37.7,134,0,0,0,0,0,0,1,6030,0.27925925925925926,264
M23272,M,25.450000000000045,36.55000000000001,1314,49.7,136,0,0,0,0,0,0,0,6120,0.36277372262773727,355
M23273,M,25.450000000000045,36.55000000000001,1422,49.7,139,0,0,0,0,0,0,1,6255,0.35500000000000004,179
L55594,L,25.450000000000045,36.650000000000034,1842,20.1,142,0,0,0,0,0,0,1,6390,0.14055944055944056,290
M23275,M,25.55000000000001,36.75,1434,53.0,144,0,0,0,0,0,0,1,6480,0.36551724137931035,317
M23276,M,25.650000000000034,36.950000000000045,1585,31.3,147,0,0,0,0,0,0,0,6615,0.2114864864864865,180
H37831,H,25.650000000000034,36.950000000000045,1704,30.7,150,0,0,0,0,0,0,1,6750,0.2033112582781457,186
L55598,L,25.75,37.05000000000001,1971,23.2,155,0,0,0,0,0,0,0,6975,0.14871794871794872,322
L55599,L,25.850000000000023,37.150000000000034,1431,39.9,157,0,0,0,0,0,0,1,7065,0.25253164556962027,251
L55600,L,25.75,37.25,1546,37.7,159,0,0,0,0,0,0,1,7155,0.23562500000000003,277
L55601,L,25.75,37.150000000000034,1496,36.3,161,0,0,0,0,0,0,1,7245,0.22407407407407406,235
H37836,H,25.75,37.150000000000034,1243,63.0,163,0,0,0,0,0,0,1,7335,0.38414634146341464,208
L55603,L,25.850000000000023,37.25,1452,46.2,168,0,0,0,0,0,0,0,7560,0.2733727810650888,177
L55604,L,25.950000000000045,37.450000000000045,1380,44.7,170,0,0,0,0,0,0,1,7650,0.26140350877192986,271
L55605,L,26.05000000000001,37.450000000000045,1567,38.4,172,0,0,0,0,0,0,0,7740,0.22196531791907514,210
L55606,L,25.950000000000045,37.35000000000002,1628,35.9,174,0,0,0,0,0,0,1,7830,0.20514285714285713,296
L55607,L,25.950000000000045,37.25,1505,46.1,176,0,0,0,0,0,0,1,7920,0.26045197740112996,320
M23288,M,25.850000000000023,37.150000000000034,1827,28.0,178,0,0,0,0,0,0,1,8010,0.1564245810055866,336
L55609,L,25.850000000000023,37.150000000000034,1577,40.0,181,0,0,0,0,0,0,0,8145,0.21978021978021978,165
L55610,L,25.75,37.05000000000001,1304,57.2,183,0,0,0,0,0,0,1,8235,0.31086956521739134,218
H37845,H,25.75,36.950000000000045,1324,54.6,185,0,0,0,0,0,0,0,8325,0.2935483870967742,193
L55612,L,25.650000000000034,36.85000000000002,1537,39.9,190,0,0,0,0,0,0,0,8550,0.2089005235602094,262
M23293,M,25.650000000000034,36.950000000000045,1501,48.7,192,0,0,0,0,0,0,1,8640,0.2523316062176166,343
M23294,M,25.55000000000001,36.75,1654,29.1,195,0,0,0,0,0,0,0,8775,0.14846938775510204,287
M23295,M,25.55000000000001,36.85000000000002,1519,38.1,198,0,0,0,0,0,0,1,8910,0.1914572864321608,324
L55616,L,25.55000000000001,36.75,1371,51.3,201,0,0,0,0,0,0,0,9045,0.25396039603960396,168
L55617,L,25.55000000000001,36.650000000000034,1181,65.9,203,1,0,0,0,1,0,6,9135,0.32303921568627453,11
L55618,L,25.450000000000045,36.650000000000034,1469,42.8,205,0,0,0,0,0,0,0,9225,0.2077669902912621,242
L55619,L,25.450000000000045,36.650000000000034,1637,34.6,207,0,0,0,0,0,0,0,9315,0.16634615384615387,358
L55620,L,25.450000000000045,36.650000000000034,1370,56.0,0,0,0,0,0,0,0,1,0,56.0,328
L55621,L,25.450000000000045,36.75,1630,30.6,2,0,0,0,0,0,0,0,90,10.200000000000001,290
L55622,L,25.450000000000045,36.85000000000002,1517,39.0,4,0,0,0,0,0,0,1,180,7.8,340
M23303,M,25.450000000000045,36.75,1668,32.3,6,0,0,0,0,0,0,0,270,4.614285714285714,293
M23304,M,25.450000000000045,36.75,1818,24.9,9,0,0,0,0,0,0,1,405,2.4899999999999998,330
M23305,M,25.450000000000045,36.85000000000002,1541,36.9,12,0,0,0,0,0,0,1,540,2.838461538461538,312
L55626,L,25.350000000000023,36.75,1482,42.1,15,0,0,0,0,0,0,0,675,2.63125,249
L55627,L,25.450000000000045,36.950000000000045,1439,49.9,17,0,0,0,0,0,0,0,765,2.772222222222222,336
L55628,L,25.350000000000023,36.85000000000002,1492,41.2,19,0,0,0,0,0,0,1,855,2.06,188
L55629,L,25.25,36.75,1725,27.8,21,0,0,0,0,0,0,0,945,1.2636363636363637,216
L55630,L,25.25,36.85000000000002,1559,44.2,23,0,0,0,0,0,0,0,1035,1.8416666666666668,222
L55631,L,25.350000000000023,36.85000000000002,1435,42.5,25,0,0,0,0,0,0,0,1125,1.6346153846153846,338
M23312,M,25.450000000000045,36.85000000000002,1512,37.5,27,0,0,0,0,0,0,0,1215,1.3392857142857142,199
L55633,L,25.450000000000045,36.75,1564,37.1,30,0,0,0,0,0,0,0,1350,1.196774193548387,202
L55634,L,25.450000000000045,36.85000000000002,1522,40.3,32,0,0,0,0,0,0,0,1440,1.2212121212121212,195
L55635,L,25.450000000000045,36.75,1356,59.5,34,0,0,0,0,0,0,0,1530,1.7,201
L55636,L,25.450000000000045,36.75,1556,38.6,36,0,0,0,0,0,0,0,1620,1.0432432432432432,273
L55637,L,25.450000000000045,36.75,1393,45.5,38,0,0,0,0,0,0,0,1710,1.1666666666666667,306
L55638,L,25.55000000000001,36.75,1753,26.8,40,0,0,0,0,0,0,1,1800,0.6536585365853659,154
L55639,L,25.55000000000001,36.75,1651,29.5,42,0,0,0,0,0,0,0,1890,0.686046511627907,344
L55640,L,25.55000000000001,36.75,1372,54.7,44,0,0,0,0,0,0,0,1980,1.2155555555555557,223
L55641,L,25.55000000000001,36.75,1446,43.3,46,0,0,0,0,0,0,0,2070,0.9212765957446808,244
M23322,M,25.55000000000001,36.650000000000034,1501,44.7,48,0,0,0,0,0,0,0,2160,0.9122448979591837,224
M23323,M,25.55000000000001,36.75,1411,45.1,51,0,0,0,0,0,0,0,2295,0.8673076923076923,358
H37878,H,25.450000000000045,36.55000000000001,1672,27.5,54,0,0,0,0,0,0,1,2430,0.5,317
M23325,M,25.55000000000001,36.650000000000034,1475,40.5,59,0,0,0,0,0,0,1,2655,0.675,349
L55646,L,25.55000000000001,36.650000000000034,1469,38.4,62,0,0,0,0,0,0,0,2790,0.6095238095238095,265
L55647,L,25.450000000000045,36.650000000000034,1704,28.3,64,0,0,0,0,0,0,1,2880,0.43538461538461537,279
H37882,H,25.450000000000045,36.55000000000001,1463,39.1,66,0,0,0,0,0,0,0,2970,0.5835820895522388,217
M23329,M,25.450000000000045,36.55000000000001,1280,64.1,71,0,0,0,0,0,0,0,3195,0.8902777777777777,339
L55650,L,25.55000000000001,36.75,1464,38.0,74,0,0,0,0,0,0,1,3330,0.5066666666666667,229
L55651,L,25.450000000000045,36.650000000000034,1332,46.4,76,0,0,0,0,0,0,1,3420,0.6025974025974026,335
L55652,L,25.350000000000023,36.55000000000001,1634,37.8,78,0,0,0,0,0,0,1,3510,0.4784810126582278,254
M23333,M,25.450000000000045,36.650000000000034,1430,43.1,80,0,0,0,0,0,0,1,3600,0.5320987654320988,362
M23334,M,25.350000000000023,36.55000000000001,1523,44.6,83,0,0,0,0,0,0,1,3735,0.530952380952381,218
M23335,M,25.350000000000023,36.55000000000001,1557,37.7,86,0,0,0,0,0,0,0,3870,0.43333333333333335,335
L55656,L,25.350000000000023,36.450000000000045,1585,32.2,89,0,0,0,0,0,0,0,4005,0.3577777777777778,312
H37891,H,25.350000000000023,36.450000000000045,1579,33.5,91,0,0,0,0,0,0,0,4095,0.3641304347826087,291
M23338,M,25.350000000000023,36.55000000000001,1354,60.8,96,0,0,0,0,0,0,1,4320,0.6268041237113402,292
L55659,L,25.450000000000045,36.55000000000001,1627,33.4,99,0,0,0,0,0,0,0,4455,0.33399999999999996,283
L55660,L,25.25,36.450000000000045,1477,35.6,101,0,0,0,0,0,0,1,4545,0.3490196078431373,165
M23341,M,25.150000000000034,36.25,1595,29.0,103,0,0,0,0,0,0,0,4635,0.27884615384615385,236
L55662,L,25.25,36.35000000000002,1520,38.1,106,0,0,0,0,0,0,1,4770,0.3560747663551402,273
L55663,L,25.150000000000034,36.25,1618,31.5,108,0,0,0,0,0,0,1,4860,0.2889908256880734,323
L55664,L,25.25,36.35000000000002,1397,50.3,110,0,0,0,0,0,0,0,4950,0.45315315315315313,340
L55665,L,25.25,36.35000000000002,1450,47.9,112,0,0,0,0,0,0,0,5040,0.42389380530973453,289
M23346,M,25.350000000000023,36.35000000000002,1501,40.2,114,0,0,0,0,0,0,0,5130,0.34956521739130436,190
L55667,L,25.25,36.25,1392,50.1,117,0,0,0,0,0,0,0,5265,0.4245762711864407,268
L55668,L,25.25,36.25,1385,43.2,119,0,0,0,0,0,0,1,5355,0.36000000000000004,168
L55669,L,25.25,36.25,1461,46.3,121,0,0,0,0,0,0,0,5445,0.3795081967213115,225
M23350,M,25.350000000000023,36.450000000000045,1364,58.7,123,0,0,0,0,0,0,1,5535,0.47338709677419355,258
L55671,L,25.350000000000023,36.35000000000002,1579,38.6,126,0,0,0,0,0,0,0,5670,0.3039370078740158,268
M23352,M,25.25,36.35000000000002,1514,38.8,128,0,0,0,0,0,0,0,5760,0.3007751937984496,354
M23353,M,25.150000000000034,36.35000000000002,1560,36.9,131,0,0,0,0,0,0,0,5895,0.27954545454545454,262
L55674,L,25.150000000000034,36.35000000000002,1542,36.7,134,0,0,0,0,0,0,0,6030,0.2718518518518519,151
L55675,L,25.150000000000034,36.25,1668,27.1,136,0,0,0,0,0,0,0,6120,0.1978102189781022,169
M23356,M,25.150000000000034,36.25,1816,22.6,138,0,0,0,0,0,0,1,6210,0.16258992805755396,268
M23357,M,25.150000000000034,36.25,1509,34.2,141,0,0,0,0,0,0,0,6345,0.24084507042253522,244
L55678,L,25.25,36.450000000000045,1479,37.8,144,0,0,0,0,0,0,1,6480,0.26068965517241377,286
L55679,L,25.25,36.450000000000045,1655,30.2,146,0,0,0,0,0,0,0,6570,0.20544217687074828,170
L55680,L,25.150000000000034,36.35000000000002,1711,30.3,148,0,0,0,0,0,0,1,6660,0.20335570469798658,157
L55681,L,25.25,36.55000000000001,1581,34.6,150,0,0,0,0,0,0,0,6750,0.22913907284768212,316
H37916,H,25.450000000000045,36.650000000000034,1279,55.9,152,0,0,0,0,0,0,0,6840,0.365359477124183,314
L55683,L,25.350000000000023,36.650000000000034,1468,40.9,157,0,0,0,0,0,0,0,7065,0.2588607594936709,178
L55684,L,25.25,36.55000000000001,1419,41.3,159,0,0,0,0,0,0,1,7155,0.258125,360
L55685,L,25.25,36.55000000000001,1530,38.6,161,0,0,0,0,0,0,1,7245,0.23827160493827163,184
L55686,L,25.25,36.450000000000045,1710,27.3,163,1,0,0,0,0,0,3,7335,0.16646341463414635,19
L55687,L,25.25,36.55000000000001,1518,39.8,165,0,0,0,0,0,0,0,7425,0.2397590361445783,239
M23368,M,25.25,36.55000000000001,1679,33.3,167,0,0,0,0,0,0,0,7515,0.1982142857142857,352
M23369,M,25.25,36.55000000000001,1870,22.5,170,0,0,0,0,0,0,1,7650,0.13157894736842105,312
L55690,L,25.150000000000034,36.55000000000001,1484,44.3,173,0,0,0,0,0,0,0,7785,0.25459770114942526,217
L55691,L,25.25,36.55000000000001,1457,44.2,175,0,0,0,0,0,0,1,7875,0.25113636363636366,280
H37926,H,25.150000000000034,36.450000000000045,1546,36.2,177,0,0,0,0,0,0,0,7965,0.20337078651685395,258
M23373,M,25.05000000000001,36.35000000000002,1478,36.5,182,0,0,0,0,0,0,1,8190,0.1994535519125683,260
L55694,L,25.05000000000001,36.25,1447,47.1,185,0,0,0,0,0,0,1,8325,0.2532258064516129,161
L55695,L,25.05000000000001,36.25,1443,45.4,187,0,0,0,0,0,0,1,8415,0.24148936170212765,181
L55696,L,25.150000000000034,36.450000000000045,1527,30.9,189,0,0,0,0,0,0,0,8505,0.1626315789473684,324
M23377,M,25.150000000000034,36.450000000000045,1469,54.8,191,0,0,0,0,0,0,1,8595,0.28541666666666665,212
M23378,M,25.150000000000034,36.450000000000045,1681,27.1,194,0,0,0,0,0,0,0,8730,0.13897435897435897,303
L55699,L,25.150000000000034,36.450000000000045,1420,44.1,197,0,0,0,0,0,0,1,8865,0.22272727272727275,192
M23380,M,25.150000000000034,36.35000000000002,1543,49.9,199,0,0,0,0,0,0,0,8955,0.2495,256
L55701,L,25.25,36.35000000000002,1376,50.4,202,0,0,0,0,0,0,1,9090,0.2482758620689655,354
H37936,H,25.150000000000034,36.25,1631,29.8,0,0,0,0,0,0,0,1,0,29.8,321
H37937,H,25.150000000000034,36.150000000000034,1529,41.7,5,0,0,0,0,0,0,0,225,6.95,187
L55704,L,25.150000000000034,36.25,1468,46.2,10,0,0,0,0,0,0,0,450,4.2,178
L55705,L,25.150000000000034,36.25,1378,52.3,12,0,0,0,0,0,0,1,540,4.023076923076923,204
L55706,L,25.150000000000034,36.150000000000034,1401,51.9,14,0,0,0,0,0,0,1,630,3.46,201
L55707,L,25.25,36.150000000000034,1531,37.4,16,0,0,0,0,0,0,0,720,2.1999999999999997,264
L55708,L,25.25,36.150000000000034,1512,35.8,18,0,0,0,0,0,0,1,810,1.8842105263157893,168
M23389,M,25.350000000000023,36.25,1522,47.4,20,0,0,0,0,0,0,1,900,2.257142857142857,184
M23390,M,25.350000000000023,36.150000000000034,1615,31.8,23,0,0,0,0,0,0,0,1035,1.325,197
L55711,L,25.450000000000045,36.150000000000034,1449,46.5,26,0,0,0,0,0,0,0,1170,1.7222222222222223,259
L55712,L,25.450000000000045,36.25,1315,55.5,28,0,0,0,0,0,0,0,1260,1.9137931034482758,337
M23393,M,25.450000000000045,36.25,1465,41.1,30,0,0,0,0,0,0,1,1350,1.3258064516129033,180
M23394,M,25.450000000000045,36.35000000000002,1404,43.3,33,0,0,0,0,0,0,1,1485,1.2735294117647058,152
L55715,L,25.450000000000045,36.35000000000002,1547,44.8,36,0,0,0,0,0,0,1,1620,1.2108108108108107,312
M23396,M,25.450000000000045,36.35000000000002,1426,45.4,38,0,0,0,0,0,0,0,1710,1.164102564102564,237
L55717,L,25.450000000000045,36.35000000000002,1730,30.2,41,0,0,0,0,0,0,1,1845,0.719047619047619,201
L55718,L,25.350000000000023,36.25,1548,37.7,43,0,0,0,0,0,0,0,1935,0.8568181818181819,220
L55719,L,25.350000000000023,36.25,1517,40.2,45,0,0,0,0,0,0,0,2025,0.8739130434782609,200
L55720,L,25.450000000000045,36.35000000000002,1687,29.3,47,0,0,0,0,0,0,1,2115,0.6104166666666667,205
L55721,L,25.350000000000023,36.35000000000002,1738,25.2,49,0,0,0,0,0,0,0,2205,0.504,248
H37956,H,25.25,36.25,1512,35.3,51,0,0,0,0,0,0,1,2295,0.6788461538461538,170
M23403,M,25.350000000000023,36.25,1365,48.7,56,0,0,0,0,0,0,0,2520,0.8543859649122808,278
H37958,H,25.350000000000023,36.25,2011,21.0,59,0,0,0,0,0,0,0,2655,0.35,257
L55725,L,25.25,36.150000000000034,1806,27.6,64,0,0,0,0,0,0,0,2880,0.4246153846153846,202
L55726,L,25.25,36.150000000000034,1716,28.4,66,0,0,0,0,0,0,1,2970,0.42388059701492536,155
M23407,M,25.25,36.25,1666,24.3,68,0,0,0,0,0,0,0,3060,0.3521739130434783,231
L55728,L,25.350000000000023,36.25,1578,36.3,71,0,0,0,0,0,0,1,3195,0.5041666666666667,339
L55729,L,25.150000000000034,36.150000000000034,1558,37.2,73,0,0,0,0,0,0,0,3285,0.5027027027027028,228
L55730,L,25.150000000000034,36.05000000000001,1456,45.5,75,0,0,0,0,0,0,0,3375,0.5986842105263158,196
M23411,M,25.05000000000001,35.950000000000045,1457,49.0,77,0,0,0,0,0,0,0,3465,0.6282051282051282,245
L55732,L,25.05000000000001,35.950000000000045,1467,44.5,80,0,0,0,0,0,0,1,3600,0.5493827160493827,255
M23413,M,24.950000000000045,35.85000000000002,1661,38.2,82,0,0,0,0,0,0,1,3690,0.46024096385542174,327
L55734,L,24.950000000000045,35.85000000000002,1592,33.9,85,0,0,0,0,0,0,1,3825,0.39418604651162786,231
L55735,L,25.05000000000001,35.85000000000002,1596,37.2,87,0,0,0,0,0,0,1,3915,0.4227272727272728,180
L55736,L,25.05000000000001,35.85000000000002,1489,40.6,89,0,0,0,0,0,0,1,4005,0.45111111111111113,341
L55737,L,25.150000000000034,35.85000000000002,1471,48.3,91,0,0,0,0,0,0,0,4095,0.525,306
M23418,M,25.150000000000034,35.85000000000002,1505,41.3,93,0,0,0,0,0,0,0,4185,0.43936170212765957,292
L55739,L,25.150000000000034,35.85000000000002,1519,40.0,96,0,0,0,0,0,0,1,4320,0.41237113402061853,207
L55740,L,25.150000000000034,35.85000000000002,1408,45.4,98,0,0,0,0,0,0,1,4410,0.4585858585858586,172
L55741,L,25.05000000000001,35.75,1332,44.4,100,0,0,0,0,0,0,1,4500,0.4396039603960396,315
L55742,L,24.950000000000045,35.75,1351,52.4,102,0,0,0,0,0,0,1,4590,0.5087378640776699,190
L55743,L,24.850000000000023,35.75,1500,36.7,104,0,0,0,0,0,0,0,4680,0.34952380952380957,352
M23424,M,24.850000000000023,35.55000000000001,1614,30.7,106,0,0,0,0,0,0,1,4770,0.2869158878504673,164
L55745,L,24.850000000000023,35.650000000000034,1489,36.5,109,0,0,0,0,0,0,1,4905,0.33181818181818185,236
M23426,M,24.75,35.55000000000001,1751,26.6,111,0,0,0,0,0,0,1,4995,0.23750000000000002,152
L55747,L,24.850000000000023,35.55000000000001,1511,45.8,114,0,0,0,0,0,0,1,5130,0.3982608695652174,360
L55748,L,24.75,35.450000000000045,1691,29.6,116,0,0,0,0,0,0,0,5220,0.252991452991453,150
L55749,L,24.75,35.450000000000045,1757,27.5,118,0,0,0,0,0,0,0,5310,0.23109243697478993,224
H37984,H,24.75,35.55000000000001,1545,35.9,120,0,0,0,0,0,0,1,5400,0.29669421487603304,288
L55751,L,24.75,35.450000000000045,2262,15.7,125,0,0,0,0,0,0,0,5625,0.12460317460317459,337
M23432,M,24.55000000000001,35.35000000000002,1559,35.2,127,0,0,0,0,0,0,0,5715,0.275,342
L55753,L,24.450000000000045,35.25,1626,32.4,130,0,0,0,0,0,0,1,5850,0.24732824427480915,225
L55754,L,24.450000000000045,35.150000000000034,1424,53.9,132,0,0,0,0,0,0,1,5940,0.4052631578947368,153
M23435,M,24.450000000000045,35.150000000000034,1648,29.1,134,0,0,0,0,0,0,0,6030,0.21555555555555556,174
L55756,L,24.450000000000045,35.150000000000034,1523,39.5,137,0,0,0,0,0,0,0,6165,0.286231884057971,349
L55757,L,24.450000000000045,35.150000000000034,1502,43.2,139,0,0,0,0,0,0,0,6255,0.3085714285714286,356
L55758,L,24.350000000000023,35.05000000000001,1489,40.7,141,0,0,0,0,0,0,0,6345,0.28661971830985916,320
M23439,M,24.25,34.950000000000045,1620,31.2,143,0,0,0,0,0,0,0,6435,0.21666666666666667,243
L55760,L,24.350000000000023,34.950000000000045,1631,30.6,146,0,0,0,0,0,0,1,6570,0.20816326530612245,317
M23441,M,24.350000000000023,34.85000000000002,1429,45.8,148,0,0,0,0,0,0,0,6660,0.30738255033557044,245
M23442,M,24.350000000000023,34.950000000000045,1334,72.0,151,1,0,0,1,0,0,6,6795,0.47368421052631576,28
L55763,L,24.25,34.85000000000002,1423,38.0,154,0,0,0,0,0,0,0,6930,0.24516129032258063,248
L55764,L,24.25,34.75,1390,47.7,156,0,0,0,0,0,0,0,7020,0.30382165605095546,362
M23445,M,24.25,34.75,1338,48.5,158,0,0,0,0,0,0,0,7110,0.3050314465408805,244
H38000,H,24.150000000000034,34.75,1461,37.5,161,0,0,0,0,0,0,0,7245,0.23148148148148148,249
M23447,M,24.25,34.75,1627,34.3,166,0,0,0,0,0,0,0,7470,0.20538922155688621,240
L55768,L,24.150000000000034,34.650000000000034,1385,44.4,169,0,0,0,0,0,0,0,7605,0.2611764705882353,193
M23449,M,24.150000000000034,34.650000000000034,1538,48.0,171,0,0,0,0,0,0,1,7695,0.27906976744186046,349
L55770,L,24.25,34.75,1557,35.5,174,0,0,0,0,0,0,1,7830,0.20285714285714285,336
L55771,L,24.25,34.75,1606,33.4,176,0,0,0,0,0,0,0,7920,0.18870056497175142,277
M23452,M,24.350000000000023,34.85000000000002,1430,44.5,178,0,0,0,0,0,0,1,8010,0.24860335195530725,172
M23453,M,24.25,34.85000000000002,1601,34.6,181,0,0,0,0,0,0,1,8145,0.19010989010989013,339
L55774,L,24.25,34.85000000000002,1356,51.9,184,0,0,0,0,0,0,1,8280,0.2805405405405405,172
M23455,M,24.350000000000023,35.05000000000001,1624,30.9,186,0,0,0,0,0,0,1,8370,0.16524064171122993,335
L55776,L,24.350000000000023,35.05000000000001,1327,56.5,189,0,0,0,0,0,0,1,8505,0.29736842105263156,204
L55777,L,24.450000000000045,35.150000000000034,1410,47.0,191,0,0,0,0,0,0,1,8595,0.24479166666666666,310
L55778,L,24.450000000000045,35.150000000000034,1478,42.3,193,0,0,0,0,0,0,0,8685,0.21804123711340204,226
L55779,L,24.450000000000045,35.25,1460,40.3,195,0,0,0,0,0,0,0,8775,0.20561224489795918,212
L55780,L,24.350000000000023,35.150000000000034,1435,40.3,197,0,0,0,0,0,0,1,8865,0.2035353535353535,252
H38015,H,24.25,35.05000000000001,1359,46.9,199,0,0,0,0,0,0,0,8955,0.2345,209
L55782,L,24.25,34.950000000000045,1729,31.7,204,0,0,0,0,0,0,1,9180,0.1546341463414634,338
H38017,H,24.150000000000034,34.85000000000002,1384,49.1,206,0,0,0,0,0,0,0,9270,0.23719806763285026,229
L55784,L,24.25,35.05000000000001,1297,52.1,211,0,0,0,0,0,0,0,9495,0.24575471698113208,353
L55785,L,24.350000000000023,35.25,1633,33.3,213,0,0,0,0,0,0,0,9585,0.155607476635514,338
M23466,M,24.350000000000023,35.25,1505,37.2,215,0,0,0,0,0,0,1,9675,0.17222222222222225,244
L55787,L,24.350000000000023,35.25,1433,50.0,218,0,0,0,0,0,0,0,9810,0.228310502283105,218
L55788,L,24.25,35.25,1369,50.6,220,1,0,0,0,1,0,6,9900,0.22895927601809957,49
L55789,L,24.25,35.150000000000034,1475,40.5,222,1,1,0,0,0,0,4,9990,0.18161434977578475,37
L55790,L,24.25,35.150000000000034,1561,38.3,0,0,0,0,0,0,0,1,0,38.3,257
L55791,L,24.25,35.150000000000034,1472,45.5,2,0,0,0,0,0,0,0,90,15.166666666666666,238
L55792,L,24.350000000000023,35.25,1441,44.5,4,0,0,0,0,0,0,1,180,8.9,170
M23473,M,24.350000000000023,35.35000000000002,1401,50.5,6,0,0,0,0,0,0,0,270,7.214285714285714,280
L55794,L,24.350000000000023,35.35000000000002,1691,33.1,9,0,0,0,0,0,0,0,405,3.31,325
L55795,L,24.450000000000045,35.450000000000045,1382,47.1,11,0,0,0,0,0,0,1,495,3.9250000000000003,159
L55796,L,24.450000000000045,35.450000000000045,1355,46.4,13,0,0,0,0,0,0,1,585,3.314285714285714,236
L55797,L,24.450000000000045,35.450000000000045,1529,45.3,15,0,0,0,0,0,0,0,675,2.83125,358
L55798,L,24.55000000000001,35.55000000000001,1829,24.9,17,0,0,0,0,0,0,1,765,1.3833333333333333,319
H38033,H,24.450000000000045,35.450000000000045,1480,39.8,19,0,0,0,0,0,0,0,855,1.9899999999999998,343
L55800,L,24.450000000000045,35.35000000000002,1475,42.4,24,0,0,0,0,0,0,1,1080,1.696,240
M23481,M,24.450000000000045,35.35000000000002,1431,52.6,26,0,0,0,0,0,0,1,1170,1.9481481481481482,323
L55802,L,24.350000000000023,35.150000000000034,1437,42.3,29,0,0,0,0,0,0,1,1305,1.41,286
M23483,M,24.350000000000023,35.150000000000034,1476,45.6,31,0,0,0,0,0,0,1,1395,1.425,272
H38038,H,24.350000000000023,35.25,1490,39.7,34,0,0,0,0,0,0,1,1530,1.1342857142857143,326
L55805,L,24.25,35.150000000000034,1632,33.5,39,0,0,0,0,0,0,0,1755,0.8375,153
L55806,L,24.25,35.05000000000001,1402,49.7,41,0,0,0,0,0,0,0,1845,1.1833333333333333,337
L55807,L,24.25,35.150000000000034,1347,45.8,43,0,0,0,0,0,0,0,1935,1.0409090909090908,239
L55808,L,24.350000000000023,35.25,1747,31.0,45,0,0,0,0,0,0,1,2025,0.6739130434782609,245
H38043,H,24.350000000000023,35.35000000000002,1557,39.1,47,0,0,0,0,0,0,0,2115,0.8145833333333333,178
L55810,L,24.25,35.25,1371,57.4,52,0,0,0,0,0,0,0,2340,1.0830188679245283,235
H38045,H,24.150000000000034,35.150000000000034,1506,37.0,54,0,0,0,0,0,0,1,2430,0.6727272727272727,196
L55812,L,24.150000000000034,35.150000000000034,1590,35.5,59,0,0,0,0,0,0,1,2655,0.5916666666666667,226
L55813,L,24.25,35.150000000000034,1336,53.7,61,0,0,0,0,0,0,1,2745,0.8661290322580646,236
L55814,L,24.150000000000034,35.150000000000034,1411,43.2,63,0,0,0,0,0,0,0,2835,0.675,340
L55815,L,24.25,35.150000000000034,1704,27.3,65,0,0,0,0,0,0,0,2925,0.41363636363636364,180
L55816,L,24.350000000000023,35.25,1723,27.3,67,0,0,0,0,0,0,1,3015,0.40147058823529413,200
L55817,L,24.350000000000023,35.35000000000002,1459,39.7,69,0,0,0,0,0,0,0,3105,0.5671428571428572,318
L55818,L,24.450000000000045,35.35000000000002,1572,35.9,71,0,0,0,0,0,0,0,3195,0.4986111111111111,185
L55819,L,24.350000000000023,35.25,1384,56.0,73,0,0,0,0,0,0,1,3285,0.7567567567567568,317
L55820,L,24.450000000000045,35.450000000000045,1383,47.5,75,0,0,0,0,0,0,0,3375,0.625,244
M23501,M,24.450000000000045,35.35000000000002,1360,48.6,77,0,0,0,0,0,0,1,3465,0.6230769230769231,337
M23502,M,24.350000000000023,35.25,1596,36.6,80,0,0,0,0,0,0,0,3600,0.4518518518518519,164
L55823,L,24.350000000000023,35.35000000000002,1448,54.3,83,0,0,0,0,0,0,1,3735,0.6464285714285714,227
M23504,M,24.450000000000045,35.35000000000002,1443,38.2,85,0,0,0,0,0,0,0,3825,0.44418604651162796,307
M23505,M,24.450000000000045,35.450000000000045,1492,35.5,88,0,0,0,0,0,0,0,3960,0.398876404494382,307
L55826,L,24.350000000000023,35.450000000000045,1497,43.9,91,0,0,0,0,0,0,1,4095,0.4771739130434782,304
L55827,L,24.350000000000023,35.35000000000002,1530,38.5,93,0,0,0,0,0,0,1,4185,0.4095744680851064,189
M23508,M,24.25,35.25,1478,46.2,95,0,0,0,0,0,0,1,4275,0.48125,355
L55829,L,24.25,35.25,1328,61.8,98,0,0,0,0,0,0,1,4410,0.6242424242424243,194
H38064,H,24.25,35.150000000000034,1771,27.4,100,0,0,0,0,0,0,0,4500,0.27128712871287125,352
M23511,M,24.25,35.25,1564,35.0,105,0,0,0,0,0,0,1,4725,0.330188679245283,324
H38066,H,24.150000000000034,35.150000000000034,1461,41.5,108,0,0,0,0,0,0,1,4860,0.38073394495412843,239
M23513,M,24.25,35.150000000000034,1335,57.9,113,0,0,0,0,0,0,1,5085,0.5078947368421053,205
M23514,M,24.25,35.25,1441,46.8,116,0,0,0,0,0,0,1,5220,0.39999999999999997,203
L55835,L,24.150000000000034,35.150000000000034,1268,60.6,119,0,0,0,0,0,0,1,5355,0.505,234
M23516,M,24.150000000000034,35.150000000000034,1697,27.4,121,0,0,0,0,0,0,0,5445,0.2245901639344262,158
L55837,L,24.25,35.25,1421,46.0,124,0,0,0,0,0,0,1,5580,0.368,267
L55838,L,24.25,35.35000000000002,1496,36.4,126,0,0,0,0,0,0,1,5670,0.2866141732283464,214
L55839,L,24.350000000000023,35.35000000000002,1375,55.6,128,0,0,0,0,0,0,1,5760,0.4310077519379845,257
L55840,L,24.25,35.35000000000002,1295,52.1,130,0,0,0,0,0,0,0,5850,0.39770992366412217,347
L55841,L,24.25,35.35000000000002,1643,33.8,132,0,0,0,0,0,0,0,5940,0.25413533834586466,278
L55842,L,24.350000000000023,35.450000000000045,1514,36.9,134,0,0,0,0,0,0,0,6030,0.2733333333333333,363
L55843,L,24.350000000000023,35.450000000000045,1671,29.4,136,0,0,0,0,0,0,1,6120,0.2145985401459854,290
H38078,H,24.350000000000023,35.450000000000045,1355,58.9,138,0,0,0,0,0,0,1,6210,0.42374100719424457,187
L55845,L,24.450000000000045,35.55000000000001,1365,50.6,143,0,0,0,0,0,0,0,6435,0.3513888888888889,322
L55846,L,24.350000000000023,35.55000000000001,1407,42.5,145,0,0,0,0,0,0,0,6525,0.2910958904109589,254
M23527,M,24.350000000000023,35.650000000000034,1455,46.1,147,0,0,0,0,0,0,1,6615,0.31148648648648647,189
L55848,L,24.350000000000023,35.650000000000034,1502,45.9,150,0,0,0,0,0,0,1,6750,0.3039735099337748,292
M23529,M,24.350000000000023,35.650000000000034,1471,52.3,152,0,0,0,0,0,0,1,6840,0.34183006535947713,327
L55850,L,24.350000000000023,35.75,1581,30.4,155,0,0,0,0,0,0,0,6975,0.19487179487179487,279
L55851,L,24.350000000000023,35.650000000000034,1530,37.8,157,0,0,0,0,0,0,1,7065,0.2392405063291139,330
L55852,L,24.350000000000023,35.650000000000034,1312,50.3,159,0,0,0,0,0,0,1,7155,0.31437499999999996,303
L55853,L,24.25,35.450000000000045,1494,42.6,161,0,0,0,0,0,0,0,7245,0.26296296296296295,343
M23534,M,24.25,35.450000000000045,1528,29.1,163,0,0,0,0,0,0,0,7335,0.17743902439024392,224
H38089,H,24.150000000000034,35.450000000000045,1688,29.4,166,0,0,0,0,0,0,0,7470,0.17604790419161676,182
M23536,M,24.150000000000034,35.35000000000002,1520,42.4,171,0,0,0,0,0,0,1,7695,0.24651162790697673,359
M23537,M,24.150000000000034,35.35000000000002,1664,28.9,174,0,0,0,0,0,0,0,7830,0.16514285714285715,234
L55858,L,24.150000000000034,35.35000000000002,1514,44.5,177,0,0,0,0,0,0,0,7965,0.25,208
L55859,L,24.150000000000034,35.35000000000002,1456,54.2,179,0,0,0,0,0,0,1,8055,0.3011111111111111,244
L55860,L,24.05000000000001,35.35000000000002,1494,39.6,181,0,0,0,0,0,0,1,8145,0.2175824175824176,175
L55861,L,24.05000000000001,35.25,1605,30.0,183,0,0,0,0,0,0,0,8235,0.16304347826086957,252
M23542,M,24.05000000000001,35.35000000000002,1353,46.5,185,0,0,0,0,0,0,1,8325,0.25,170
L55863,L,24.05000000000001,35.35000000000002,1447,47.9,188,0,0,0,0,0,0,0,8460,0.2534391534391534,326
L55864,L,24.05000000000001,35.35000000000002,1588,40.4,190,0,0,0,0,0,0,1,8550,0.21151832460732983,229
H38099,H,24.05000000000001,35.35000000000002,1524,41.4,192,0,0,0,0,0,0,1,8640,0.21450777202072538,220
M23546,M,24.05000000000001,35.35000000000002,1611,31.6,197,0,0,0,0,0,0,0,8865,0.1595959595959596,363
M23547,M,24.05000000000001,35.35000000000002,1604,34.9,200,0,0,0,0,0,0,0,9000,0.1736318407960199,348
L55868,L,23.950000000000045,35.35000000000002,1483,46.9,203,0,0,0,0,0,0,0,9135,0.2299019607843137,215
L55869,L,23.950000000000045,35.25,1543,39.6,205,0,0,0,0,0,0,1,9225,0.19223300970873788,186
L55870,L,23.950000000000045,35.35000000000002,1323,44.4,207,1,1,0,0,0,0,5,9315,0.21346153846153845,29
L55871,L,23.950000000000045,35.35000000000002,1555,36.2,0,0,0,0,0,0,0,1,0,36.2,349
L55872,L,23.950000000000045,35.25,1583,31.9,2,0,0,0,0,0,0,1,90,10.633333333333333,257
M23553,M,24.05000000000001,35.35000000000002,1584,40.0,4,0,0,0,0,0,0,0,180,8.0,284
L55874,L,24.05000000000001,35.35000000000002,1766,25.8,7,0,0,0,0,0,0,1,315,3.225,315
M23555,M,24.05000000000001,35.450000000000045,1498,44.4,9,0,0,0,0,0,0,1,405,4.4399999999999995,322
L55876,L,24.05000000000001,35.450000000000045,1413,49.8,12,0,0,0,0,0,0,0,540,3.8307692307692305,299
L55877,L,24.150000000000034,35.450000000000045,1505,33.5,14,0,0,0,0,0,0,1,630,2.2333333333333334,321
H38112,H,24.150000000000034,35.55000000000001,1438,46.2,16,0,0,0,0,0,0,1,720,2.7176470588235295,230
M23559,M,24.150000000000034,35.55000000000001,1655,34.1,21,0,0,0,0,0,0,0,945,1.55,229
M23560,M,24.150000000000034,35.55000000000001,1451,43.8,24,0,0,0,0,0,0,0,1080,1.7519999999999998,252
M23561,M,24.150000000000034,35.55000000000001,1466,38.4,27,0,0,0,0,0,0,1,1215,1.3714285714285714,184
L55882,L,24.05000000000001,35.450000000000045,1774,23.0,30,0,0,0,0,0,0,1,1350,0.7419354838709677,251
M23563,M,24.05000000000001,35.450000000000045,1284,51.3,32,0,0,0,0,0,0,1,1440,1.5545454545454545,337
L55884,L,23.950000000000045,35.35000000000002,1425,40.0,35,0,0,0,0,0,0,1,1575,1.1111111111111112,280
L55885,L,24.05000000000001,35.450000000000045,1437,52.4,37,0,0,0,0,0,0,0,1665,1.3789473684210527,267
L55886,L,24.05000000000001,35.450000000000045,1335,53.0,39,0,0,0,0,0,0,1,1755,1.325,344
L55887,L,24.05000000000001,35.35000000000002,1471,41.7,41,0,0,0,0,0,0,1,1845,0.9928571428571429,349
M23568,M,24.05000000000001,35.35000000000002,1364,54.0,43,0,0,0,0,0,0,1,1935,1.2272727272727273,244
L55889,L,23.950000000000045,35.35000000000002,1578,35.6,46,0,0,0,0,0,0,1,2070,0.7574468085106383,204
L55890,L,23.950000000000045,35.35000000000002,1712,32.1,48,0,0,0,0,0,0,0,2160,0.6551020408163266,158
L55891,L,23.950000000000045,35.35000000000002,1733,28.7,50,0,0,0,0,0,0,1,2250,0.5627450980392157,218
L55892,L,24.05000000000001,35.450000000000045,1652,32.1,52,0,0,0,0,0,0,0,2340,0.6056603773584905,177
L55893,L,24.05000000000001,35.450000000000045,1917,24.1,54,0,0,0,0,0,0,0,2430,0.43818181818181823,292
M23574,M,24.05000000000001,35.450000000000045,1444,41.1,56,0,0,0,0,0,0,0,2520,0.7210526315789474,262
L55895,L,23.950000000000045,35.450000000000045,1442,37.1,59,0,0,0,0,0,0,0,2655,0.6183333333333334,180
M23576,M,23.950000000000045,35.450000000000045,1717,31.3,61,0,0,0,0,0,0,0,2745,0.5048387096774194,208
L55897,L,23.950000000000045,35.55000000000001,1474,42.3,64,0,0,0,0,0,0,1,2880,0.6507692307692308,231
L55898,L,24.05000000000001,35.55000000000001,1509,39.3,66,0,0,0,0,0,0,0,2970,0.5865671641791045,203
L55899,L,24.05000000000001,35.650000000000034,1451,43.1,68,0,0,0,0,0,0,0,3060,0.6246376811594203,345
L55900,L,24.150000000000034,35.650000000000034,1554,36.1,70,0,0,0,0,0,0,0,3150,0.5084507042253521,362
L55901,L,24.05000000000001,35.55000000000001,1669,30.7,72,0,0,0,0,0,0,1,3240,0.42054794520547945,324
L55902,L,24.05000000000001,35.450000000000045,1366,50.4,74,0,0,0,0,0,0,0,3330,0.6719999999999999,191
L55903,L,24.05000000000001,35.450000000000045,1578,34.4,76,0,0,0,0,0,0,1,3420,0.44675324675324674,172
M23584,M,24.05000000000001,35.450000000000045,1513,39.0,78,0,0,0,0,0,0,0,3510,0.4936708860759494,258
M23585,M,23.950000000000045,35.35000000000002,1515,42.1,81,0,0,0,0,0,0,0,3645,0.5134146341463415,235
L55906,L,24.05000000000001,35.450000000000045,1562,33.0,84,0,0,0,0,0,0,1,3780,0.38823529411764707,214
L55907,L,24.05000000000001,35.55000000000001,1501,38.5,86,0,0,0,0,0,0,1,3870,0.4425287356321839,238
M23588,M,24.05000000000001,35.55000000000001,1398,38.1,88,0,0,0,0,0,0,1,3960,0.4280898876404495,203
L55909,L,24.150000000000034,35.55000000000001,1352,53.8,91,0,0,0,0,0,0,0,4095,0.5847826086956521,267
H38144,H,24.150000000000034,35.55000000000001,1569,33.9,93,0,0,0,0,0,0,1,4185,0.3606382978723404,254
H38145,H,24.05000000000001,35.450000000000045,1486,46.6,98,0,0,0,0,0,0,1,4410,0.47070707070707074,160
L55912,L,24.05000000000001,35.450000000000045,1864,23.6,103,0,0,0,0,0,0,1,4635,0.22692307692307695,212
M23593,M,24.150000000000034,35.55000000000001,1447,44.5,105,0,0,0,0,0,0,1,4725,0.419811320754717,171
L55914,L,24.05000000000001,35.450000000000045,1392,41.5,108,0,0,0,0,0,0,1,4860,0.38073394495412843,331
L55915,L,24.150000000000034,35.450000000000045,1358,47.6,110,0,0,0,0,0,0,0,4950,0.42882882882882883,266
L55916,L,24.150000000000034,35.55000000000001,1491,40.2,112,0,0,0,0,0,0,1,5040,0.35575221238938054,362
L55917,L,24.150000000000034,35.55000000000001,1556,36.7,114,0,0,0,0,0,0,0,5130,0.3191304347826087,313
L55918,L,24.150000000000034,35.55000000000001,1531,36.7,116,0,0,0,0,0,0,1,5220,0.3136752136752137,207
H38153,H,24.25,35.55000000000001,1429,37.6,118,0,0,0,0,0,0,1,5310,0.31596638655462184,169
M23600,M,24.25,35.650000000000034,1573,33.9,123,0,0,0,0,0,0,0,5535,0.27338709677419354,293
L55921,L,24.25,35.650000000000034,1538,41.2,126,0,0,0,0,0,0,0,5670,0.32440944881889766,333
L55922,L,24.25,35.650000000000034,1467,39.0,128,0,0,0,0,0,0,0,5760,0.3023255813953488,242
H38157,H,24.25,35.55000000000001,1323,51.1,130,0,0,0,0,0,0,0,5850,0.3900763358778626,199
M23604,M,24.25,35.55000000000001,1798,23.0,135,0,0,0,0,0,0,1,6075,0.16911764705882354,239
L55925,L,24.25,35.450000000000045,1411,46.3,138,0,0,0,0,0,0,0,6210,0.3330935251798561,253
L55926,L,24.150000000000034,35.35000000000002,1528,44.5,140,0,0,0,0,0,0,1,6300,0.31560283687943264,343
L55927,L,24.150000000000034,35.35000000000002,1504,42.0,142,0,0,0,0,0,0,1,6390,0.2937062937062937,276
L55928,L,24.150000000000034,35.35000000000002,1384,39.6,144,0,0,0,0,0,0,1,6480,0.2731034482758621,262
L55929,L,24.05000000000001,35.25,1677,26.4,146,0,0,0,0,0,0,0,6570,0.17959183673469387,223
L55930,L,24.150000000000034,35.35000000000002,1764,30.8,148,0,0,0,0,0,0,0,6660,0.20671140939597316,162
M23611,M,24.25,35.35000000000002,1472,42.0,150,0,0,0,0,0,0,0,6750,0.2781456953642384,164
M23612,M,24.25,35.35000000000002,1465,55.9,153,0,0,0,0,0,0,1,6885,0.36298701298701297,222
M23613,M,24.25,35.450000000000045,1657,33.1,156,0,0,0,0,0,0,0,7020,0.21082802547770702,176
L55934,L,24.25,35.450000000000045,1635,30.5,159,0,0,0,0,0,0,0,7155,0.190625,285
M23615,M,24.25,35.55000000000001,1582,31.9,161,0,0,0,0,0,0,1,7245,0.19691358024691358,347
L55936,L,24.350000000000023,35.55000000000001,1761,26.2,164,0,0,0,0,0,0,0,7380,0.15878787878787878,327
L55937,L,24.350000000000023,35.650000000000034,1587,34.9,166,0,0,0,0,0,0,1,7470,0.2089820359281437,237
M23618,M,24.350000000000023,35.55000000000001,1446,53.0,168,0,0,0,0,0,0,0,7560,0.3136094674556213,344
M23619,M,24.350000000000023,35.55000000000001,1352,53.0,171,0,0,0,0,0,0,0,7695,0.3081395348837209,303
M23620,M,24.25,35.55000000000001,1392,46.4,174,0,0,0,0,0,0,0,7830,0.2651428571428571,185
L55941,L,24.350000000000023,35.650000000000034,1417,49.8,177,0,0,0,0,0,0,0,7965,0.2797752808988764,298
H38176,H,24.350000000000023,35.650000000000034,1824,24.0,179,0,0,0,0,0,0,0,8055,0.13333333333333333,354
L55943,L,24.350000000000023,35.650000000000034,1603,36.7,184,0,0,0,0,0,0,1,8280,0.1983783783783784,201
L55944,L,24.25,35.650000000000034,1620,33.4,186,0,0,0,0,0,0,0,8370,0.17860962566844918,288
L55945,L,24.25,35.650000000000034,1353,49.4,188,0,0,0,0,0,0,0,8460,0.2613756613756614,157
L55946,L,24.350000000000023,35.650000000000034,1360,50.7,190,0,0,0,0,0,0,0,8550,0.26544502617801047,206
L55947,L,24.350000000000023,35.450000000000045,1380,53.5,192,0,0,0,0,0,0,0,8640,0.2772020725388601,259
M23628,M,24.350000000000023,35.55000000000001,1363,53.6,194,0,0,0,0,0,0,0,8730,0.27487179487179486,323
M23629,M,24.25,35.450000000000045,1452,41.2,197,0,0,0,0,0,0,0,8865,0.2080808080808081,355
L55950,L,24.25,35.450000000000045,1680,32.8,200,0,0,0,0,0,0,0,9000,0.16318407960199002,279
L55951,L,24.350000000000023,35.450000000000045,1536,39.0,202,0,0,0,0,0,0,1,9090,0.1921182266009852,213
L55952,L,24.350000000000023,35.450000000000045,1621,28.9,0,0,0,0,0,0,0,1,0,28.9,329
L55953,L,24.350000000000023,35.450000000000045,1585,37.6,2,0,0,0,0,0,0,0,90,12.533333333333333,342
M23634,M,24.450000000000045,35.55000000000001,1408,51.5,4,0,0,0,0,0,0,1,180,10.3,160
H38189,H,24.350000000000023,35.450000000000045,1536,38.7,7,0,0,0,0,0,0,0,315,4.8375,283
L55956,L,24.350000000000023,35.450000000000045,1352,52.6,12,0,0,0,0,0,0,1,540,4.046153846153846,245
H38191,H,24.350000000000023,35.450000000000045,1481,38.8,14,0,0,0,0,0,0,0,630,2.5866666666666664,356
L55958,L,24.350000000000023,35.55000000000001,1454,45.0,19,0,0,0,0,0,0,0,855,2.25,225
M23639,M,24.350000000000023,35.450000000000045,1349,51.5,21,0,0,0,0,0,0,1,945,2.340909090909091,213
M23640,M,24.350000000000023,35.450000000000045,1327,52.1,24,0,0,0,0,0,0,0,1080,2.084,250
L55961,L,24.450000000000045,35.55000000000001,1552,42.3,27,0,0,0,0,0,0,1,1215,1.5107142857142857,242
L55962,L,24.350000000000023,35.55000000000001,1456,44.7,29,0,0,0,0,0,0,0,1305,1.49,332
M23643,M,24.450000000000045,35.450000000000045,1254,45.8,31,0,0,0,0,0,0,0,1395,1.43125,193
L55964,L,24.350000000000023,35.450000000000045,1437,43.3,34,0,0,0,0,0,0,0,1530,1.237142857142857,363
L55965,L,24.350000000000023,35.450000000000045,1694,27.1,36,0,0,0,0,0,0,0,1620,0.7324324324324325,291
L55966,L,24.350000000000023,35.35000000000002,1306,50.7,38,0,0,0,0,0,0,1,1710,1.3,232
M23647,M,24.350000000000023,35.35000000000002,1699,30.1,40,0,0,0,0,0,0,0,1800,0.7341463414634146,282
L55968,L,24.25,35.35000000000002,1369,53.2,43,0,0,0,0,0,0,1,1935,1.2090909090909092,248
L55969,L,24.25,35.35000000000002,1471,43.9,45,0,0,0,0,0,0,1,2025,0.9543478260869565,174
L55970,L,24.25,35.35000000000002,1410,43.9,47,0,0,0,0,0,0,0,2115,0.9145833333333333,327
M23651,M,24.25,35.35000000000002,1412,45.5,49,0,0,0,0,0,0,0,2205,0.91,251
L55972,L,24.25,35.35000000000002,1418,51.2,52,0,0,0,0,0,0,1,2340,0.9660377358490566,222
L55973,L,24.25,35.35000000000002,1782,25.9,54,0,0,0,0,0,0,1,2430,0.4709090909090909,271
M23654,M,24.25,35.35000000000002,1497,36.4,56,0,0,0,0,0,0,0,2520,0.6385964912280702,220
L55975,L,24.150000000000034,35.25,1459,39.4,59,0,0,0,0,0,0,1,2655,0.6566666666666666,266
L55976,L,24.05000000000001,35.150000000000034,1796,23.8,61,0,0,0,0,0,0,1,2745,0.3838709677419355,231
L55977,L,24.05000000000001,35.150000000000034,1569,31.2,63,0,0,0,0,0,0,1,2835,0.4875,279
L55978,L,24.150000000000034,35.25,1469,46.7,65,0,0,0,0,0,0,0,2925,0.7075757575757576,265
L55979,L,24.150000000000034,35.25,1472,41.3,67,0,0,0,0,0,0,1,3015,0.6073529411764705,159
L55980,L,24.25,35.35000000000002,1475,47.2,69,0,0,0,0,0,0,1,3105,0.6742857142857144,279
L55981,L,24.25,35.450000000000045,1488,36.4,71,0,0,0,0,0,0,1,3195,0.5055555555555555,209
L55982,L,24.25,35.450000000000045,1524,43.1,73,0,0,0,0,0,0,1,3285,0.5824324324324325,194
L55983,L,24.25,35.35000000000002,1486,48.6,75,0,0,0,0,0,0,0,3375,0.6394736842105263,285
M23664,M,24.350000000000023,35.450000000000045,1255,60.7,77,0,0,0,0,0,0,0,3465,0.7782051282051282,335
M23665,M,24.25,35.450000000000045,1469,42.6,80,0,0,0,0,0,0,1,3600,0.5259259259259259,268
L55986,L,24.25,35.35000000000002,1692,34.3,83,0,0,0,0,0,0,1,3735,0.4083333333333333,156
M23667,M,24.25,35.450000000000045,1604,32.8,85,0,0,0,0,0,0,1,3825,0.38139534883720927,364
L55988,L,24.25,35.450000000000045,1446,48.1,88,0,0,0,0,0,0,0,3960,0.5404494382022472,221
L55989,L,24.150000000000034,35.35000000000002,1503,43.3,90,0,0,0,0,0,0,0,4050,0.4758241758241758,170
M23670,M,24.150000000000034,35.35000000000002,1625,32.8,92,0,0,0,0,0,0,1,4140,0.35268817204301073,246
L55991,L,24.05000000000001,35.35000000000002,1574,35.8,95,0,0,0,0,0,0,1,4275,0.3729166666666666,196
M23672,M,24.05000000000001,35.25,1378,41.9,97,0,0,0,0,0,0,0,4365,0.42755102040816323,150
L55993,L,23.950000000000045,35.25,1693,29.5,100,0,0,0,0,0,0,1,4500,0.29207920792079206,289
L55994,L,24.05000000000001,35.25,1462,51.2,102,0,0,0,0,0,0,1,4590,0.49708737864077673,352
H38229,H,24.150000000000034,35.35000000000002,1435,55.0,104,0,0,0,0,0,0,0,4680,0.5238095238095238,325
M23676,M,24.05000000000001,35.35000000000002,1425,45.8,109,0,0,0,0,0,0,0,4905,0.4163636363636363,277
H38231,H,24.150000000000034,35.450000000000045,1376,53.5,112,0,0,0,0,0,0,0,5040,0.47345132743362833,243
M23678,M,24.25,35.55000000000001,1481,48.0,117,0,0,0,0,0,0,0,5265,0.4067796610169492,281
H38233,H,24.25,35.55000000000001,1349,48.9,120,0,0,0,0,0,0,0,5400,0.4041322314049587,183
L56000,L,24.150000000000034,35.55000000000001,1551,40.0,125,0,0,0,0,0,0,1,5625,0.31746031746031744,236
H38235,H,24.25,35.55000000000001,1623,33.8,127,0,0,0,0,0,0,0,5715,0.2640625,181
L56002,L,24.25,35.650000000000034,1462,49.7,132,0,0,0,0,0,0,0,5940,0.3736842105263158,152
M23683,M,24.150000000000034,35.650000000000034,1447,57.4,134,0,0,0,0,0,0,0,6030,0.42518518518518517,217
M23684,M,24.150000000000034,35.75,1799,24.5,137,0,0,0,0,0,0,0,6165,0.17753623188405798,206
M23685,M,24.150000000000034,35.650000000000034,1548,41.3,140,0,0,0,0,0,0,0,6300,0.2929078014184397,263
M23686,M,24.05000000000001,35.650000000000034,1485,47.9,143,0,0,0,0,0,0,0,6435,0.3326388888888889,353
L56007,L,24.05000000000001,35.55000000000001,1463,49.9,146,0,0,0,0,0,0,1,6570,0.33945578231292517,301
L56008,L,24.150000000000034,35.55000000000001,1587,35.8,148,0,0,0,0,0,0,0,6660,0.2402684563758389,182
M23689,M,24.150000000000034,35.650000000000034,1469,44.1,150,0,0,0,0,0,0,1,6750,0.29205298013245035,280
H38244,H,24.150000000000034,35.55000000000001,1430,42.8,153,0,0,0,0,0,0,1,6885,0.2779220779220779,281
H38245,H,24.25,35.55000000000001,1726,26.8,158,0,0,0,0,0,0,0,7110,0.16855345911949687,179
L56012,L,24.25,35.650000000000034,1651,34.1,163,0,0,0,0,0,0,0,7335,0.2079268292682927,219
L56013,L,24.25,35.650000000000034,1529,41.3,165,0,0,0,0,0,0,1,7425,0.24879518072289156,198
L56014,L,24.25,35.650000000000034,1473,46.2,167,0,0,0,0,0,0,1,7515,0.275,179
H38249,H,24.25,35.650000000000034,1324,53.5,169,0,0,0,0,0,0,1,7605,0.31470588235294117,349
L56016,L,24.25,35.75,1708,28.8,174,0,0,0,0,0,0,0,7830,0.16457142857142856,231
M23697,M,24.350000000000023,35.950000000000045,1540,38.5,176,0,0,0,0,0,0,1,7920,0.2175141242937853,293
L56018,L,24.350000000000023,35.85000000000002,1320,54.7,179,0,0,0,0,0,0,0,8055,0.30388888888888893,330
M23699,M,24.25,35.75,1376,39.0,181,0,0,0,0,0,0,0,8145,0.21428571428571427,283
M23700,M,24.150000000000034,35.55000000000001,1542,37.0,184,0,0,0,0,0,0,1,8280,0.2,173
L56021,L,24.150000000000034,35.55000000000001,1506,39.3,187,0,0,0,0,0,0,0,8415,0.20904255319148934,264
L56022,L,24.150000000000034,35.55000000000001,1492,43.6,189,0,0,0,0,0,0,0,8505,0.22947368421052633,241
H38257,H,24.150000000000034,35.650000000000034,1564,38.0,191,0,0,0,0,0,0,1,8595,0.19791666666666666,305
H38258,H,24.25,35.75,1645,30.8,196,0,0,0,0,0,0,1,8820,0.15634517766497463,170
M23705,M,24.25,35.75,1348,59.1,201,0,0,0,0,0,0,0,9045,0.29257425742574256,157
M23706,M,24.25,35.650000000000034,1325,62.4,204,1,1,0,0,1,0,2,9180,0.304390243902439,48
L56027,L,24.350000000000023,35.75,1443,43.5,0,0,0,0,0,0,0,0,0,43.5,273
M23708,M,24.350000000000023,35.75,1436,44.8,2,0,0,0,0,0,0,1,90,14.933333333333332,158
L56029,L,24.350000000000023,35.75,1596,30.7,5,0,0,0,0,0,0,1,225,5.116666666666666,189
L56030,L,24.450000000000045,35.85000000000002,1491,43.2,7,0,0,0,0,0,0,1,315,5.4,362
M23711,M,24.55000000000001,35.75,1573,35.1,9,0,0,0,0,0,0,1,405,3.5100000000000002,328
L56032,L,24.55000000000001,35.75,1575,39.9,12,0,0,0,0,0,0,0,540,3.069230769230769,278
L56033,L,24.55000000000001,35.75,1458,41.1,14,0,0,0,0,0,0,1,630,2.74,340
M23714,M,24.55000000000001,35.85000000000002,1433,41.8,16,0,0,0,0,0,0,0,720,2.4588235294117644,266
L56035,L,24.55000000000001,35.75,1662,28.1,19,0,0,0,0,0,0,0,855,1.405,217
M23716,M,24.55000000000001,35.75,1327,63.7,21,0,0,0,0,0,0,1,945,2.8954545454545455,351
L56037,L,24.55000000000001,35.75,1742,26.3,24,0,0,0,0,0,0,1,1080,1.052,303
L56038,L,24.650000000000034,35.75,1506,33.5,26,0,0,0,0,0,0,1,1170,1.2407407407407407,317
L56039,L,24.75,35.950000000000045,1457,44.4,28,0,0,0,0,0,0,1,1260,1.5310344827586206,152
M23720,M,24.75,35.950000000000045,1488,37.3,30,0,0,0,0,0,0,1,1350,1.2032258064516128,257
L56041,L,24.75,35.950000000000045,1619,34.7,33,0,0,0,0,0,0,0,1485,1.0205882352941178,271
M23722,M,24.850000000000023,36.05000000000001,1558,41.7,35,0,0,0,0,0,0,1,1575,1.1583333333333334,158
L56043,L,24.850000000000023,36.05000000000001,1731,28.7,38,0,0,0,0,0,0,0,1710,0.7358974358974358,309
M23724,M,24.850000000000023,35.950000000000045,1574,34.8,40,0,0,0,0,0,0,0,1800,0.848780487804878,344
L56045,L,24.75,35.85000000000002,1290,49.8,43,0,0,0,0,0,0,0,1935,1.1318181818181818,153
H38280,H,24.75,35.75,1416,39.6,45,0,0,0,0,0,0,0,2025,0.8608695652173913,155
L56047,L,24.75,35.75,1566,41.9,50,0,0,0,0,0,0,1,2250,0.8215686274509804,222
L56048,L,24.75,35.85000000000002,1456,46.5,52,0,0,0,0,0,0,1,2340,0.8773584905660378,175
L56049,L,24.75,35.85000000000002,1528,37.5,54,0,0,0,0,0,0,0,2430,0.6818181818181818,279
M23730,M,24.75,35.950000000000045,1338,49.6,56,0,0,0,0,0,0,0,2520,0.8701754385964913,343
M23731,M,24.75,35.950000000000045,1558,39.2,59,0,0,0,0,0,0,1,2655,0.6533333333333334,263
M23732,M,24.75,35.950000000000045,1614,38.1,62,0,0,0,0,0,0,0,2790,0.6047619047619048,234
H38287,H,24.850000000000023,35.950000000000045,1557,36.4,65,0,0,0,0,0,0,1,2925,0.5515151515151515,235
L56054,L,24.950000000000045,36.150000000000034,1443,45.3,70,0,0,0,0,0,0,0,3150,0.6380281690140844,280
H38289,H,24.950000000000045,36.150000000000034,1332,51.0,72,0,0,0,0,0,0,1,3240,0.6986301369863014,184
M23736,M,24.950000000000045,36.150000000000034,1752,25.2,77,0,0,0,0,0,0,0,3465,0.3230769230769231,263
M23737,M,24.950000000000045,36.05000000000001,1460,45.8,80,0,0,0,0,0,0,0,3600,0.5654320987654321,208
L56058,L,24.950000000000045,36.05000000000001,1802,26.9,83,0,0,0,0,0,0,0,3735,0.3202380952380952,187
L56059,L,24.850000000000023,36.05000000000001,1527,39.5,85,0,0,0,0,0,0,1,3825,0.45930232558139533,182
L56060,L,24.850000000000023,36.05000000000001,1458,39.8,87,0,0,0,0,0,0,1,3915,0.4522727272727272,270
H38295,H,24.850000000000023,36.05000000000001,1520,37.9,89,0,0,0,0,0,0,1,4005,0.4211111111111111,292
L56062,L,24.850000000000023,36.05000000000001,1378,49.7,94,0,0,0,0,0,0,0,4230,0.5231578947368422,352
M23743,M,24.75,36.05000000000001,1529,38.1,96,0,0,0,0,0,0,0,4320,0.39278350515463917,351
L56064,L,24.850000000000023,36.05000000000001,1527,32.4,99,0,0,0,0,0,0,0,4455,0.324,249
M23745,M,24.850000000000023,36.05000000000001,1438,42.9,101,0,0,0,0,0,0,0,4545,0.42058823529411765,291
L56066,L,24.75,35.85000000000002,1583,36.7,104,0,0,0,0,0,0,0,4680,0.34952380952380957,343
L56067,L,24.650000000000034,35.75,1530,37.6,106,0,0,0,0,0,0,0,4770,0.3514018691588785,194
M23748,M,24.55000000000001,35.75,1530,39.1,108,0,0,0,0,0,0,1,4860,0.3587155963302752,197
M23749,M,24.55000000000001,35.650000000000034,2089,19.1,111,0,0,0,0,0,0,1,4995,0.1705357142857143,321
L56070,L,24.55000000000001,35.650000000000034,1616,34.2,114,0,0,0,0,0,0,1,5130,0.2973913043478261,267
M23751,M,24.55000000000001,35.75,1681,28.3,116,0,0,0,0,0,0,0,5220,0.24188034188034188,314
L56072,L,24.450000000000045,35.650000000000034,1475,43.0,119,0,0,0,0,0,0,1,5355,0.35833333333333334,178
L56073,L,24.350000000000023,35.55000000000001,1371,46.5,121,0,0,0,0,0,0,0,5445,0.38114754098360654,233
M23754,M,24.350000000000023,35.55000000000001,1546,38.0,123,0,0,0,0,0,0,0,5535,0.3064516129032258,362
H38309,H,24.25,35.450000000000045,1461,40.1,126,0,0,0,0,0,0,1,5670,0.315748031496063,311
L56076,L,24.25,35.55000000000001,1638,31.9,131,0,0,0,0,0,0,0,5895,0.24166666666666667,336
M23757,M,24.150000000000034,35.55000000000001,1577,35.6,133,0,0,0,0,0,0,0,5985,0.2656716417910448,262
L56078,L,24.25,35.450000000000045,1532,38.7,136,0,0,0,0,0,0,0,6120,0.28248175182481755,266
M23759,M,24.150000000000034,35.35000000000002,1710,27.7,138,0,0,0,0,0,0,0,6210,0.19928057553956835,192
M23760,M,24.150000000000034,35.450000000000045,1584,29.4,141,0,0,0,0,0,0,0,6345,0.20704225352112676,310
L56081,L,24.150000000000034,35.450000000000045,1446,50.1,144,0,0,0,0,0,0,1,6480,0.34551724137931034,168
H38316,H,24.25,35.55000000000001,1522,46.3,146,0,0,0,0,0,0,1,6570,0.3149659863945578,157
M23763,M,24.25,35.55000000000001,1382,49.9,151,0,0,0,0,0,0,0,6795,0.3282894736842105,308
L56084,L,24.25,35.55000000000001,1584,38.2,154,0,0,0,0,0,0,0,6930,0.24645161290322581,160
L56085,L,24.150000000000034,35.450000000000045,1385,55.2,156,0,0,0,0,0,0,1,7020,0.3515923566878981,157
L56086,L,24.150000000000034,35.55000000000001,1592,34.4,158,0,0,0,0,0,0,1,7110,0.21635220125786161,302
M23767,M,24.05000000000001,35.450000000000045,1404,43.7,160,0,0,0,0,0,0,1,7200,0.27142857142857146,262
L56088,L,24.05000000000001,35.35000000000002,1518,44.3,163,0,0,0,0,0,0,0,7335,0.27012195121951216,297
L56089,L,23.950000000000045,35.25,1529,40.4,165,0,0,0,0,0,0,1,7425,0.2433734939759036,187
L56090,L,23.950000000000045,35.25,1550,37.0,167,0,0,0,0,0,0,1,7515,0.22023809523809523,284
L56091,L,23.950000000000045,35.150000000000034,1773,23.8,169,0,0,0,0,0,0,0,7605,0.14,266
L56092,L,24.05000000000001,35.35000000000002,1446,43.7,171,0,0,0,0,0,0,0,7695,0.2540697674418605,354
M23773,M,24.05000000000001,35.35000000000002,1487,46.9,173,0,0,0,0,0,0,1,7785,0.26954022988505744,316
M23774,M,24.150000000000034,35.35000000000002,1524,49.3,176,0,0,0,0,0,0,0,7920,0.27853107344632766,223
L56095,L,23.950000000000045,35.150000000000034,1403,54.1,179,0,0,0,0,0,0,1,8055,0.3005555555555556,221
L56096,L,23.950000000000045,35.05000000000001,2267,15.7,181,0,0,0,0,0,0,1,8145,0.08626373626373626,255
M23777,M,23.950000000000045,35.05000000000001,1529,37.9,183,0,0,0,0,0,0,0,8235,0.20597826086956522,267
L56098,L,23.950000000000045,35.05000000000001,1402,51.2,186,0,0,0,0,0,0,0,8370,0.2737967914438503,169
L56099,L,24.05000000000001,35.150000000000034,1693,28.0,188,0,0,0,0,0,0,1,8460,0.14814814814814814,358
L56100,L,23.950000000000045,35.150000000000034,1496,45.8,190,0,0,0,0,0,0,0,8550,0.23979057591623035,160
L56101,L,23.950000000000045,34.950000000000045,1633,33.3,192,0,0,0,0,0,0,0,8640,0.17253886010362693,293
L56102,L,23.950000000000045,35.05000000000001,1399,42.6,194,0,0,0,0,0,0,0,8730,0.21846153846153846,191
M23783,M,23.850000000000023,34.950000000000045,1363,45.3,196,0,0,0,0,0,0,0,8820,0.2299492385786802,239
H38338,H,23.950000000000045,35.05000000000001,1527,42.2,199,0,0,0,0,0,0,0,8955,0.21100000000000002,201
M23785,M,24.05000000000001,35.05000000000001,1405,42.5,204,0,0,0,0,0,0,0,9180,0.2073170731707317,314
M23786,M,24.150000000000034,35.150000000000034,1459,59.6,207,1,0,0,1,1,0,4,9315,0.2865384615384615,42
M23787,M,24.25,35.25,1789,25.0,210,0,0,0,0,0,0,1,9450,0.11848341232227488,286
L56108,L,24.25,35.25,1531,41.5,213,0,0,0,0,0,0,0,9585,0.1939252336448598,312
M23789,M,24.25,35.25,1620,35.8,215,0,0,0,0,0,0,1,9675,0.16574074074074072,344
L56110,L,24.25,35.25,1571,39.4,0,0,0,0,0,0,0,0,0,39.4,244
L56111,L,24.25,35.25,1434,39.9,2,0,0,0,0,0,0,1,90,13.299999999999999,284
L56112,L,24.25,35.25,1474,43.6,4,0,0,0,0,0,0,0,180,8.72,151
M23793,M,24.150000000000034,35.150000000000034,1544,41.7,6,0,0,0,0,0,0,1,270,5.957142857142857,174
L56114,L,24.150000000000034,35.05000000000001,1601,35.7,9,0,0,0,0,0,0,0,405,3.5700000000000003,225
L56115,L,24.25,35.150000000000034,1801,26.9,11,0,0,0,0,0,0,1,495,2.2416666666666667,243
L56116,L,24.25,35.150000000000034,1465,42.0,13,0,0,0,0,0,0,0,585,3.0,243
M23797,M,24.25,35.25,1340,52.6,15,0,0,0,0,0,0,0,675,3.2875,190
M23798,M,24.25,35.25,1517,41.0,18,0,0,0,0,0,0,1,810,2.1578947368421053,352
M23799,M,24.150000000000034,35.25,1434,44.8,21,0,0,0,0,0,0,1,945,2.036363636363636,329
H38354,H,24.150000000000034,35.150000000000034,1935,19.3,24,0,0,0,0,0,0,0,1080,0.772,236
M23801,M,24.150000000000034,35.150000000000034,1595,32.2,29,0,0,0,0,0,0,1,1305,1.0733333333333335,230
L56122,L,24.150000000000034,35.150000000000034,2188,17.0,32,0,0,0,0,0,0,1,1440,0.5151515151515151,354
M23803,M,24.150000000000034,35.25,1449,44.4,34,0,0,0,0,0,0,0,1530,1.2685714285714285,342
L56124,L,24.150000000000034,35.150000000000034,1471,38.2,37,0,0,0,0,0,0,1,1665,1.0052631578947369,273
L56125,L,24.25,35.05000000000001,1639,33.8,39,0,0,0,0,0,0,0,1755,0.845,226
M23806,M,24.150000000000034,35.05000000000001,1846,24.5,41,0,0,0,0,0,0,1,1845,0.5833333333333334,187
M23807,M,24.150000000000034,35.05000000000001,1452,38.2,44,0,0,0,0,0,0,0,1980,0.8488888888888889,344
M23808,M,24.25,35.150000000000034,1483,41.9,47,0,0,0,0,0,0,1,2115,0.8729166666666667,357
L56129,L,24.25,35.150000000000034,1284,60.3,50,0,0,0,0,0,0,0,2250,1.1823529411764706,191
L56130,L,24.25,35.05000000000001,1419,50.0,52,0,0,0,0,0,0,0,2340,0.9433962264150944,348
L56131,L,24.150000000000034,34.950000000000045,1763,28.4,54,0,0,0,0,0,0,1,2430,0.5163636363636364,331
M23812,M,24.05000000000001,34.85000000000002,1478,42.5,56,0,0,0,0,0,0,1,2520,0.7456140350877193,344
L56133,L,24.150000000000034,34.85000000000002,1518,36.0,59,0,0,0,0,0,0,0,2655,0.6,227
L56134,L,24.150000000000034,34.85000000000002,1447,49.0,61,0,0,0,0,0,0,0,2745,0.7903225806451613,213
M23815,M,24.25,34.85000000000002,1355,55.1,63,0,0,0,0,0,0,1,2835,0.8609375,357
L56136,L,24.25,34.950000000000045,1348,57.4,66,0,0,0,0,0,0,1,2970,0.8567164179104477,281
L56137,L,24.25,34.950000000000045,1348,53.7,68,0,0,0,0,0,0,1,3060,0.7782608695652175,308
M23818,M,24.25,34.950000000000045,1734,27.7,70,0,0,0,0,0,0,1,3150,0.3901408450704225,274
L56139,L,24.150000000000034,34.85000000000002,1420,46.5,73,0,0,0,0,0,0,1,3285,0.6283783783783784,290
L56140,L,24.150000000000034,34.75,1797,24.7,75,0,0,0,0,0,0,1,3375,0.325,176
M23821,M,24.150000000000034,34.85000000000002,1403,45.0,77,0,0,0,0,0,0,0,3465,0.5769230769230769,208
L56142,L,24.150000000000034,34.75,1628,30.2,80,0,0,0,0,0,0,1,3600,0.3728395061728395,214
M23823,M,24.05000000000001,34.75,1687,30.4,82,0,0,0,0,0,0,1,3690,0.36626506024096384,341
M23824,M,24.05000000000001,34.75,1456,44.9,85,0,0,0,0,0,0,1,3825,0.522093023255814,174
L56145,L,23.950000000000045,34.75,1496,44.7,88,0,0,0,0,0,0,1,3960,0.5022471910112359,186
L56146,L,23.950000000000045,34.650000000000034,1636,30.3,90,0,0,0,0,0,0,0,4050,0.33296703296703295,352
L56147,L,23.950000000000045,34.650000000000034,1536,40.4,92,0,0,0,0,0,0,0,4140,0.4344086021505376,350
L56148,L,23.950000000000045,34.650000000000034,1454,50.6,94,0,0,0,0,0,0,0,4230,0.5326315789473685,273
L56149,L,23.850000000000023,34.650000000000034,1396,50.0,96,0,0,0,0,0,0,0,4320,0.5154639175257731,220
L56150,L,23.850000000000023,34.450000000000045,1575,37.4,98,0,0,0,0,0,0,1,4410,0.37777777777777777,291
L56151,L,23.75,34.450000000000045,1514,35.7,100,0,0,0,0,0,0,0,4500,0.3534653465346535,243
M23832,M,23.650000000000034,34.25,1455,49.9,102,0,0,0,0,0,0,1,4590,0.4844660194174757,301
L56153,L,23.650000000000034,34.25,1549,48.3,105,0,0,0,0,0,0,1,4725,0.4556603773584905,216
L56154,L,23.650000000000034,34.35000000000002,1474,42.4,107,0,0,0,0,0,0,0,4815,0.3925925925925926,325
H38389,H,23.55000000000001,34.25,1661,34.2,109,0,0,0,0,0,0,0,4905,0.3109090909090909,252
L56156,L,23.55000000000001,34.25,1535,34.6,114,0,0,0,0,0,0,1,5130,0.30086956521739133,240
M23837,M,23.75,34.35000000000002,1556,31.2,116,0,0,0,0,0,0,0,5220,0.26666666666666666,342
L56158,L,23.75,34.450000000000045,1435,45.0,119,0,0,0,0,0,0,0,5355,0.375,315
M23839,M,23.75,34.35000000000002,1332,51.1,121,0,0,0,0,0,0,1,5445,0.41885245901639345,239
L56160,L,23.850000000000023,34.450000000000045,1513,42.4,124,0,0,0,0,0,0,1,5580,0.3392,219
L56161,L,23.850000000000023,34.55000000000001,1502,39.4,126,0,0,0,0,0,0,1,5670,0.3102362204724409,208
L56162,L,23.850000000000023,34.55000000000001,1315,60.1,128,0,0,0,0,0,0,1,5760,0.4658914728682171,161
M23843,M,23.850000000000023,34.55000000000001,1261,51.1,130,0,0,0,0,0,0,1,5850,0.3900763358778626,331
L56164,L,23.950000000000045,34.650000000000034,1406,60.4,133,0,0,0,0,0,0,0,5985,0.4507462686567164,200
L56165,L,23.950000000000045,34.650000000000034,1584,42.3,135,0,0,0,0,0,0,1,6075,0.3110294117647059,315
M23846,M,23.950000000000045,34.650000000000034,1443,43.9,137,0,0,0,0,0,0,1,6165,0.3181159420289855,323
L56167,L,24.05000000000001,34.75,1580,35.8,140,0,0,0,0,0,0,1,6300,0.25390070921985813,159
L56168,L,24.05000000000001,34.75,1825,24.6,142,0,0,0,0,0,0,0,6390,0.17202797202797204,158
L56169,L,24.05000000000001,34.75,1469,48.2,144,0,0,0,0,0,0,1,6480,0.3324137931034483,236
L56170,L,24.05000000000001,34.75,1493,38.4,146,0,0,0,0,0,0,1,6570,0.26122448979591834,243
M23851,M,24.150000000000034,34.85000000000002,1598,29.4,148,0,0,0,0,0,0,0,6660,0.19731543624161074,201
H38406,H,24.05000000000001,34.75,1450,37.2,151,0,0,0,0,0,0,1,6795,0.24473684210526317,328
M23853,M,24.05000000000001,34.75,1632,37.5,156,0,0,0,0,0,0,1,7020,0.23885350318471338,171
M23854,M,23.950000000000045,34.75,1980,20.3,159,0,0,0,0,0,0,1,7155,0.12687500000000002,222
L56175,L,24.05000000000001,34.85000000000002,1474,43.7,162,0,0,0,0,0,0,0,7290,0.26809815950920246,232
L56176,L,24.05000000000001,34.75,1540,37.1,164,0,0,0,0,0,0,0,7380,0.22484848484848485,221
M23857,M,23.950000000000045,34.75,1609,38.9,166,0,0,0,0,0,0,1,7470,0.23293413173652694,267
L56178,L,23.950000000000045,34.85000000000002,1467,42.8,169,0,0,0,0,0,0,1,7605,0.25176470588235295,217
L56179,L,23.950000000000045,34.75,1492,39.4,171,0,0,0,0,0,0,1,7695,0.22906976744186044,154
L56180,L,23.850000000000023,34.75,1493,46.1,173,0,0,0,0,0,0,0,7785,0.2649425287356322,232
L56181,L,23.850000000000023,34.650000000000034,1500,39.9,175,0,0,0,0,0,0,0,7875,0.22670454545454544,359
L56182,L,23.950000000000045,34.650000000000034,1477,36.6,177,0,0,0,0,0,0,0,7965,0.20561797752808988,270
L56183,L,23.950000000000045,34.75,1342,49.1,179,0,0,0,0,0,0,0,8055,0.2727777777777778,306
M23864,M,23.950000000000045,34.650000000000034,1538,34.3,181,0,0,0,0,0,0,0,8145,0.18846153846153846,360
L56185,L,24.05000000000001,34.75,1337,58.1,184,0,0,0,0,0,0,0,8280,0.31405405405405407,155
L56186,L,24.150000000000034,34.75,1417,41.8,186,0,0,0,0,0,0,1,8370,0.22352941176470587,218
L56187,L,24.25,34.85000000000002,1383,46.2,188,0,0,0,0,0,0,0,8460,0.24444444444444446,207
M23868,M,24.25,34.85000000000002,1440,42.4,190,0,0,0,0,0,0,1,8550,0.22198952879581152,192
L56189,L,24.150000000000034,34.75,1579,34.4,193,0,0,0,0,0,0,0,8685,0.17731958762886596,346
L56190,L,24.05000000000001,34.75,1441,40.0,195,0,0,0,0,0,0,1,8775,0.20408163265306123,221
M23871,M,24.05000000000001,34.75,1530,35.9,197,0,0,0,0,0,0,0,8865,0.18131313131313131,240
L56192,L,24.05000000000001,34.85000000000002,1705,26.0,200,0,0,0,0,0,0,1,9000,0.12935323383084577,186
H38427,H,24.05000000000001,34.85000000000002,1435,43.0,202,0,0,0,0,0,0,1,9090,0.21182266009852216,207
M23874,M,24.05000000000001,34.950000000000045,1340,61.3,207,1,0,0,0,1,0,6,9315,0.29471153846153847,41
L56195,L,24.05000000000001,34.950000000000045,1431,49.7,210,1,0,0,0,0,0,6,9450,0.23554502369668248,35
L56196,L,24.150000000000034,35.05000000000001,1396,52.7,212,1,0,0,0,1,0,4,9540,0.24741784037558687,35
M23877,M,24.150000000000034,34.950000000000045,1369,52.0,214,0,0,0,0,0,0,0,9630,0.24186046511627907,303
L56198,L,24.150000000000034,34.950000000000045,1615,35.4,217,1,1,0,0,0,0,5,9765,0.1623853211009174,37
L56199,L,24.05000000000001,34.950000000000045,1662,31.3,0,0,0,0,0,0,0,1,0,31.3,165
L56200,L,24.150000000000034,35.05000000000001,1553,33.5,2,0,0,0,0,0,0,1,90,11.166666666666666,299
M23881,M,24.25,35.05000000000001,1536,34.6,4,0,0,0,0,0,0,0,180,6.92,259
L56202,L,24.25,35.150000000000034,1548,46.6,7,0,0,0,0,0,0,0,315,5.825,300
L56203,L,24.25,35.150000000000034,1706,30.9,9,0,0,0,0,0,0,1,405,3.09,324
L56204,L,24.25,35.150000000000034,1366,45.5,11,0,0,0,0,0,0,0,495,3.7916666666666665,344
L56205,L,24.350000000000023,35.25,1440,35.9,13,0,0,0,0,0,0,0,585,2.564285714285714,280
M23886,M,24.350000000000023,35.25,1685,28.1,15,0,0,0,0,0,0,0,675,1.75625,161
M23887,M,24.25,35.150000000000034,1444,44.0,18,0,0,0,0,0,0,0,810,2.3157894736842106,172
L56208,L,24.25,35.150000000000034,1395,48.7,21,0,0,0,0,0,0,1,945,2.213636363636364,260
L56209,L,24.25,35.150000000000034,1483,38.8,23,0,0,0,0,0,0,0,1035,1.6166666666666665,288
M23890,M,24.350000000000023,35.25,1403,44.3,25,0,0,0,0,0,0,0,1125,1.7038461538461538,201
H38445,H,24.350000000000023,35.25,1793,23.9,28,0,0,0,0,0,0,1,1260,0.8241379310344827,327
L56212,L,24.25,35.150000000000034,1723,28.8,33,0,0,0,0,0,0,1,1485,0.8470588235294118,334
L56213,L,24.25,35.05000000000001,1386,41.0,35,0,0,0,0,0,0,0,1575,1.1388888888888888,341
H38448,H,24.25,35.05000000000001,1585,46.2,37,0,0,0,0,0,0,0,1665,1.2157894736842105,276
M23895,M,24.150000000000034,34.950000000000045,1731,27.7,42,0,0,0,0,0,0,0,1890,0.6441860465116279,323
L56216,L,24.150000000000034,35.150000000000034,1519,37.7,45,0,0,0,0,0,0,0,2025,0.8195652173913044,178
L56217,L,24.150000000000034,35.05000000000001,1896,24.4,47,0,0,0,0,0,0,1,2115,0.5083333333333333,270
L56218,L,24.150000000000034,35.150000000000034,2358,14.9,49,0,0,0,0,0,0,1,2205,0.298,347
M23899,M,24.150000000000034,35.150000000000034,1341,51.9,51,0,0,0,0,0,0,1,2295,0.9980769230769231,323
L56220,L,24.150000000000034,35.150000000000034,1550,37.0,54,0,0,0,0,0,0,0,2430,0.6727272727272727,293
L56221,L,24.150000000000034,35.150000000000034,1309,61.5,56,0,0,0,0,0,0,0,2520,1.0789473684210527,328
M23902,M,24.150000000000034,35.25,1599,32.9,58,0,0,0,0,0,0,1,2610,0.5576271186440678,250
L56223,L,24.25,35.25,1343,40.0,61,0,0,0,0,0,0,0,2745,0.6451612903225806,160
L56224,L,24.25,35.25,1378,39.9,63,0,0,0,0,0,0,1,2835,0.6234375,288
L56225,L,24.25,35.25,1603,34.6,65,0,0,0,0,0,0,1,2925,0.5242424242424243,340
L56226,L,24.25,35.25,1664,28.1,67,0,0,0,0,0,0,1,3015,0.4132352941176471,330
L56227,L,24.150000000000034,35.25,1488,37.4,69,0,0,0,0,0,0,1,3105,0.5342857142857143,238
M23908,M,24.150000000000034,35.25,1370,50.5,71,0,0,0,0,0,0,1,3195,0.7013888888888888,207
L56229,L,24.150000000000034,35.35000000000002,1545,34.3,74,0,0,0,0,0,0,1,3330,0.4573333333333333,168
M23910,M,24.25,35.35000000000002,1566,31.4,76,0,0,0,0,0,0,1,3420,0.40779220779220776,309
L56231,L,24.25,35.450000000000045,1820,24.6,79,0,0,0,0,0,0,0,3555,0.3075,199
M23912,M,24.25,35.450000000000045,1901,22.1,81,0,0,0,0,0,0,1,3645,0.26951219512195124,271
M23913,M,24.25,35.35000000000002,1638,32.2,84,0,0,0,0,0,0,1,3780,0.3788235294117647,221
M23914,M,24.150000000000034,35.25,1521,38.2,87,0,0,0,0,0,0,0,3915,0.43409090909090914,204
H38469,H,24.150000000000034,35.25,1864,23.1,90,0,0,0,0,0,0,1,4050,0.2538461538461539,353
L56236,L,24.150000000000034,35.150000000000034,1430,41.9,95,0,0,0,0,0,0,0,4275,0.43645833333333334,318
M23917,M,24.150000000000034,35.25,1686,34.5,97,0,0,0,0,0,0,1,4365,0.3520408163265306,248
M23918,M,24.05000000000001,35.150000000000034,1326,57.2,100,0,0,0,0,0,0,0,4500,0.5663366336633664,219
L56239,L,24.05000000000001,35.150000000000034,1805,25.6,103,0,0,0,0,0,0,0,4635,0.24615384615384617,298
H38474,H,24.05000000000001,35.150000000000034,1453,45.8,105,0,0,0,0,0,0,0,4725,0.43207547169811317,266
M23921,M,24.05000000000001,35.25,1863,26.0,110,0,0,0,0,0,0,1,4950,0.23423423423423423,175
L56242,L,24.05000000000001,35.150000000000034,1576,35.3,113,0,0,0,0,0,0,0,5085,0.3096491228070175,278
L56243,L,24.05000000000001,35.150000000000034,1419,39.7,115,0,0,0,0,0,0,1,5175,0.3422413793103449,358
L56244,L,24.05000000000001,35.25,1833,25.2,117,0,0,0,0,0,0,1,5265,0.2135593220338983,304
H38479,H,24.05000000000001,35.25,2182,17.3,119,0,0,0,0,0,0,1,5355,0.14416666666666667,327
L56246,L,24.05000000000001,35.150000000000034,1656,30.3,124,0,0,0,0,0,0,1,5580,0.2424,263
L56247,L,23.950000000000045,35.05000000000001,1351,56.6,126,0,0,0,0,0,0,1,5670,0.4456692913385827,343
H38482,H,23.950000000000045,35.05000000000001,1790,30.3,128,0,0,0,0,0,0,1,5760,0.23488372093023258,214
M23929,M,24.05000000000001,35.05000000000001,1678,28.1,133,0,0,0,0,0,0,1,5985,0.20970149253731343,159
L56250,L,23.950000000000045,35.05000000000001,1427,45.2,136,0,0,0,0,0,0,0,6120,0.3299270072992701,244
L56251,L,23.850000000000023,34.950000000000045,1429,54.0,138,0,0,0,0,0,0,1,6210,0.38848920863309355,270
H38486,H,24.05000000000001,34.950000000000045,1770,27.2,140,0,0,0,0,0,0,1,6300,0.19290780141843972,275
L56253,L,24.05000000000001,34.950000000000045,1689,31.2,145,0,0,0,0,0,0,0,6525,0.21369863013698628,186
M23934,M,24.05000000000001,34.950000000000045,1554,41.3,147,0,0,0,0,0,0,1,6615,0.27905405405405403,218
L56255,L,24.150000000000034,34.950000000000045,1506,36.0,150,0,0,0,0,0,0,0,6750,0.23841059602649006,190
L56256,L,24.05000000000001,34.950000000000045,1474,44.3,152,0,0,0,0,0,0,0,6840,0.2895424836601307,323
L56257,L,24.150000000000034,34.950000000000045,1762,26.1,154,0,0,0,0,0,0,1,6930,0.16838709677419356,354
L56258,L,24.150000000000034,34.950000000000045,1566,35.7,156,0,0,0,0,0,0,1,7020,0.22738853503184714,194
H38493,H,24.150000000000034,34.950000000000045,1554,42.4,158,0,0,0,0,0,0,0,7110,0.26666666666666666,272
L56260,L,24.05000000000001,34.85000000000002,1869,25.4,163,0,0,0,0,0,0,1,7335,0.1548780487804878,275
L56261,L,24.150000000000034,34.85000000000002,1527,35.1,165,0,0,0,0,0,0,0,7425,0.21144578313253012,176
L56262,L,24.05000000000001,34.75,1309,49.6,167,0,0,0,0,0,0,0,7515,0.29523809523809524,342
M23943,M,24.05000000000001,34.75,1541,35.7,169,0,0,0,0,0,0,1,7605,0.21000000000000002,233
L56264,L,24.05000000000001,34.75,1326,75.4,172,1,0,0,1,1,0,4,7740,0.4358381502890174,26
H38499,H,23.950000000000045,34.75,1365,54.0,174,0,0,0,0,0,0,1,7830,0.30857142857142855,344
L56266,L,23.950000000000045,34.650000000000034,1428,43.7,179,0,0,0,0,0,0,1,8055,0.2427777777777778,198
L56267,L,23.950000000000045,34.650000000000034,1681,27.6,181,0,0,0,0,0,0,0,8145,0.15164835164835166,245
M23948,M,23.950000000000045,34.75,1662,26.9,183,0,0,0,0,0,0,0,8235,0.14619565217391303,270
L56269,L,24.05000000000001,34.75,1989,20.3,186,0,0,0,0,0,0,1,8370,0.10855614973262033,263
M23950,M,24.05000000000001,34.75,1747,29.0,188,0,0,0,0,0,0,1,8460,0.15343915343915343,163
M23951,M,24.05000000000001,34.85000000000002,1765,31.1,191,0,0,0,0,0,0,1,8595,0.16197916666666667,211
L56272,L,24.150000000000034,34.950000000000045,1568,34.4,194,0,0,0,0,0,0,0,8730,0.1764102564102564,192
M23953,M,24.150000000000034,34.950000000000045,1709,30.6,196,0,0,0,0,0,0,1,8820,0.15532994923857868,304
M23954,M,24.150000000000034,34.950000000000045,1370,58.8,199,0,0,0,0,0,0,0,8955,0.294,245
L56275,L,24.150000000000034,34.950000000000045,1458,45.7,202,0,0,0,0,0,0,0,9090,0.22512315270935962,176
L56276,L,24.05000000000001,34.950000000000045,1712,30.9,204,0,0,0,0,0,0,0,9180,0.15073170731707317,217
L56277,L,24.150000000000034,34.950000000000045,1642,36.9,206,0,0,0,0,0,0,1,9270,0.1782608695652174,276
L56278,L,24.150000000000034,34.950000000000045,1468,49.8,0,0,0,0,0,0,0,0,0,49.8,352
H38513,H,24.150000000000034,34.950000000000045,1477,52.3,2,0,0,0,0,0,0,1,90,17.433333333333334,197
L56280,L,24.150000000000034,35.05000000000001,1446,53.5,7,0,0,0,0,0,0,0,315,6.6875,216
H38515,H,24.150000000000034,35.05000000000001,1653,31.4,9,0,0,0,0,0,0,1,405,3.1399999999999997,174
L56282,L,24.150000000000034,35.150000000000034,1494,38.2,14,0,0,0,0,0,0,1,630,2.546666666666667,341
L56283,L,24.150000000000034,35.05000000000001,1490,41.0,16,0,0,0,0,0,0,0,720,2.411764705882353,268
M23964,M,24.25,35.150000000000034,1550,47.8,18,0,0,0,0,0,0,1,810,2.5157894736842104,301
M23965,M,24.150000000000034,35.05000000000001,1677,34.9,21,0,0,0,0,0,0,0,945,1.5863636363636362,158
L56286,L,24.25,35.150000000000034,1854,21.8,24,0,0,0,0,0,0,0,1080,0.872,285
M23967,M,24.350000000000023,35.35000000000002,1662,30.3,26,0,0,0,0,0,0,0,1170,1.1222222222222222,244
M23968,M,24.350000000000023,35.450000000000045,1440,38.8,29,0,0,0,0,0,0,0,1305,1.2933333333333332,208
L56289,L,24.350000000000023,35.450000000000045,1513,39.7,32,0,0,0,0,0,0,0,1440,1.2030303030303031,166
M23970,M,24.450000000000045,35.450000000000045,1389,49.0,34,0,0,0,0,0,0,0,1530,1.4,320
L56291,L,24.450000000000045,35.450000000000045,1351,51.0,37,0,0,0,0,0,0,0,1665,1.3421052631578947,244
M23972,M,24.450000000000045,35.450000000000045,1482,38.3,39,0,0,0,0,0,0,1,1755,0.9574999999999999,345
L56293,L,24.450000000000045,35.450000000000045,1744,28.5,42,0,0,0,0,0,0,0,1890,0.6627906976744186,281
L56294,L,24.450000000000045,35.55000000000001,1476,39.0,44,0,0,0,0,0,0,0,1980,0.8666666666666667,250
M23975,M,24.450000000000045,35.450000000000045,1444,48.2,46,0,0,0,0,0,0,1,2070,1.025531914893617,285
H38530,H,24.450000000000045,35.55000000000001,1659,32.1,49,0,0,0,0,0,0,1,2205,0.642,191
M23977,M,24.450000000000045,35.55000000000001,1475,46.6,54,0,0,0,0,0,0,0,2430,0.8472727272727273,198
L56298,L,24.450000000000045,35.450000000000045,1526,42.1,57,0,0,0,0,0,0,0,2565,0.7258620689655173,155
M23979,M,24.25,35.25,1675,29.5,59,0,0,0,0,0,0,0,2655,0.49166666666666664,222
L56300,L,24.25,35.25,1525,38.7,62,0,0,0,0,0,0,1,2790,0.6142857142857143,319
L56301,L,24.150000000000034,35.150000000000034,1396,45.9,64,0,0,0,0,0,0,0,2880,0.7061538461538461,349
L56302,L,24.25,35.25,1580,41.2,66,0,0,0,0,0,0,1,2970,0.6149253731343284,181
L56303,L,24.25,35.35000000000002,1462,42.8,68,0,0,0,0,0,0,0,3060,0.6202898550724637,292
L56304,L,24.25,35.25,1426,50.4,70,0,0,0,0,0,0,0,3150,0.7098591549295774,231
L56305,L,24.25,35.35000000000002,1569,34.2,72,0,0,0,0,0,0,1,3240,0.4684931506849315,364
L56306,L,24.25,35.35000000000002,1477,40.7,74,0,0,0,0,0,0,0,3330,0.5426666666666667,218
L56307,L,24.25,35.35000000000002,1761,27.2,76,0,0,0,0,0,0,0,3420,0.35324675324675325,263
M23988,M,24.350000000000023,35.450000000000045,1486,45.9,78,0,0,0,0,0,0,0,3510,0.5810126582278481,176
L56309,L,24.450000000000045,35.450000000000045,1664,30.1,81,0,0,0,0,0,0,1,3645,0.3670731707317073,215
L56310,L,24.450000000000045,35.450000000000045,1576,32.7,83,0,0,0,0,0,0,0,3735,0.38928571428571435,336
H38545,H,24.450000000000045,35.450000000000045,1463,46.7,85,0,0,0,0,0,0,0,3825,0.5430232558139535,305
M23992,M,24.450000000000045,35.450000000000045,1585,42.0,90,0,0,0,0,0,0,1,4050,0.46153846153846156,301
L56313,L,24.55000000000001,35.55000000000001,1479,45.7,93,0,0,0,0,0,0,1,4185,0.48617021276595745,200
L56314,L,24.55000000000001,35.55000000000001,1449,40.2,95,0,0,0,0,0,0,0,4275,0.41875,298
H38549,H,24.55000000000001,35.650000000000034,1404,50.3,97,0,0,0,0,0,0,0,4365,0.5132653061224489,308
L56316,L,24.55000000000001,35.55000000000001,1694,29.1,102,0,0,0,0,0,0,1,4590,0.2825242718446602,224
L56317,L,24.55000000000001,35.55000000000001,1731,28.4,104,0,0,0,0,0,0,0,4680,0.2704761904761905,199
L56318,L,24.450000000000045,35.450000000000045,1522,37.0,106,0,0,0,0,0,0,0,4770,0.34579439252336447,241
L56319,L,24.350000000000023,35.35000000000002,1536,36.9,108,0,0,0,0,0,0,1,4860,0.3385321100917431,261
L56320,L,24.350000000000023,35.35000000000002,1373,39.9,110,0,0,0,0,0,0,0,4950,0.35945945945945945,317
L56321,L,24.350000000000023,35.35000000000002,1597,36.4,112,0,0,0,0,0,0,0,5040,0.3221238938053097,217
L56322,L,24.450000000000045,35.35000000000002,1678,34.2,114,0,0,0,0,0,0,1,5130,0.2973913043478261,255
L56323,L,24.450000000000045,35.35000000000002,1452,42.6,116,0,0,0,0,0,0,0,5220,0.36410256410256414,293
M24004,M,24.350000000000023,35.35000000000002,1447,41.6,118,0,0,0,0,0,0,0,5310,0.34957983193277314,225
L56325,L,24.450000000000045,35.35000000000002,1574,37.1,121,0,0,0,0,0,0,0,5445,0.3040983606557377,235
L56326,L,24.450000000000045,35.450000000000045,1528,40.0,123,0,0,0,0,0,0,1,5535,0.3225806451612903,256
L56327,L,24.55000000000001,35.55000000000001,1688,27.2,125,0,0,0,0,0,0,0,5625,0.21587301587301586,340
L56328,L,24.450000000000045,35.450000000000045,1393,40.4,127,0,0,0,0,0,0,1,5715,0.315625,205
M24009,M,24.350000000000023,35.450000000000045,1429,50.5,129,0,0,0,0,0,0,1,5805,0.38846153846153847,229
M24010,M,24.350000000000023,35.450000000000045,1347,57.0,132,0,0,0,0,0,0,0,5940,0.42857142857142855,173
L56331,L,24.450000000000045,35.450000000000045,1553,40.5,135,0,0,0,0,0,0,1,6075,0.2977941176470588,177
L56332,L,24.350000000000023,35.450000000000045,1260,53.6,137,0,0,0,0,0,0,0,6165,0.3884057971014493,270
L56333,L,24.350000000000023,35.450000000000045,1546,33.8,139,0,0,0,0,0,0,0,6255,0.2414285714285714,242
L56334,L,24.350000000000023,35.450000000000045,1596,36.0,141,0,0,0,0,0,0,0,6345,0.2535211267605634,234
L56335,L,24.350000000000023,35.35000000000002,1340,57.4,143,0,0,0,0,0,0,1,6435,0.3986111111111111,261
M24016,M,24.350000000000023,35.25,1369,54.8,145,0,0,0,0,0,0,0,6525,0.3753424657534246,271
L56337,L,24.350000000000023,35.35000000000002,1462,52.3,148,0,0,0,0,0,0,0,6660,0.35100671140939593,238
H38572,H,24.25,35.25,1487,46.2,150,0,0,0,0,0,0,0,6750,0.30596026490066225,180
M24019,M,24.350000000000023,35.450000000000045,1510,35.5,155,0,0,0,0,0,0,1,6975,0.22756410256410256,292
H38574,H,24.350000000000023,35.35000000000002,1671,28.0,158,0,0,0,0,0,0,1,7110,0.1761006289308176,260
M24021,M,24.350000000000023,35.35000000000002,1612,30.0,163,0,0,0,0,0,0,0,7335,0.18292682926829268,191
M24022,M,24.450000000000045,35.450000000000045,1509,39.7,166,0,0,0,0,0,0,0,7470,0.2377245508982036,251
L56343,L,24.450000000000045,35.450000000000045,1415,47.3,169,0,0,0,0,0,0,0,7605,0.278235294117647,199
L56344,L,24.450000000000045,35.450000000000045,2384,14.4,171,0,0,0,0,0,0,0,7695,0.08372093023255814,363
L56345,L,24.450000000000045,35.450000000000045,1326,62.4,173,0,0,0,0,0,0,1,7785,0.3586206896551724,273
M24026,M,24.450000000000045,35.450000000000045,1390,53.4,175,0,0,0,0,0,0,1,7875,0.3034090909090909,282
M24027,M,24.450000000000045,35.55000000000001,1392,41.2,178,0,0,0,0,0,0,1,8010,0.23016759776536314,325
H38582,H,24.450000000000045,35.650000000000034,1385,44.4,181,0,0,0,0,0,0,1,8145,0.24395604395604395,162
L56349,L,24.55000000000001,35.650000000000034,1896,24.5,186,0,0,0,0,0,0,1,8370,0.13101604278074866,181
L56350,L,24.55000000000001,35.55000000000001,1474,46.8,188,0,0,0,0,0,0,1,8460,0.2476190476190476,344
M24031,M,24.55000000000001,35.650000000000034,1388,45.6,190,0,0,0,0,0,0,1,8550,0.2387434554973822,228
L56352,L,24.55000000000001,35.75,1715,27.2,193,0,0,0,0,0,0,0,8685,0.1402061855670103,240
H38587,H,24.650000000000034,35.75,1650,32.2,195,0,0,0,0,0,0,0,8775,0.1642857142857143,307
L56354,L,24.650000000000034,35.75,1871,25.6,200,1,1,0,0,0,0,2,9000,0.127363184079602,57
L56355,L,24.650000000000034,35.85000000000002,1403,64.2,0,1,0,0,1,0,0,3,0,64.2,50
L56356,L,24.650000000000034,35.75,1518,40.4,2,0,0,0,0,0,0,0,90,13.466666666666667,305
L56357,L,24.75,35.950000000000045,1504,43.0,4,0,0,0,0,0,0,0,180,8.6,339
L56358,L,24.650000000000034,35.85000000000002,1340,56.9,6,0,0,0,0,0,0,1,270,8.128571428571428,299
H38593,H,24.75,35.950000000000045,1435,44.7,8,0,0,0,0,0,0,0,360,4.966666666666667,217
L56360,L,24.75,35.950000000000045,1507,36.9,13,0,0,0,0,0,0,1,585,2.6357142857142857,292
L56361,L,24.75,35.950000000000045,1521,36.1,15,0,0,0,0,0,0,0,675,2.25625,175
M24042,M,24.650000000000034,35.85000000000002,1576,45.0,17,0,0,0,0,0,0,1,765,2.5,340
L56363,L,24.75,35.950000000000045,1543,36.6,20,0,0,0,0,0,0,1,900,1.7428571428571429,167
L56364,L,24.850000000000023,36.05000000000001,1665,36.6,22,0,0,0,0,0,0,0,990,1.591304347826087,222
L56365,L,24.75,35.950000000000045,1442,50.3,24,0,0,0,0,0,0,0,1080,2.012,340
L56366,L,24.75,35.85000000000002,1629,29.0,26,0,0,0,0,0,0,0,1170,1.0740740740740742,211
L56367,L,24.75,35.85000000000002,1379,47.3,28,0,0,0,0,0,0,0,1260,1.6310344827586205,217
L56368,L,24.75,35.85000000000002,1502,40.2,30,0,0,0,0,0,0,0,1350,1.2967741935483872,197
L56369,L,24.75,35.950000000000045,1595,32.0,32,0,0,0,0,0,0,1,1440,0.9696969696969697,327
M24050,M,24.850000000000023,35.85000000000002,1439,38.5,34,0,0,0,0,0,0,0,1530,1.1,212
M24051,M,24.75,35.85000000000002,1970,21.6,37,0,0,0,0,0,0,1,1665,0.5684210526315789,346
L56372,L,24.75,35.85000000000002,1562,35.8,40,0,0,0,0,0,0,1,1800,0.873170731707317,283
M24053,M,24.75,35.85000000000002,1530,40.9,42,0,0,0,0,0,0,1,1890,0.9511627906976744,335
L56374,L,24.75,35.75,1393,40.6,45,0,0,0,0,0,0,0,2025,0.8826086956521739,200
L56375,L,24.75,35.85000000000002,1532,37.6,47,0,0,0,0,0,0,0,2115,0.7833333333333333,161
L56376,L,24.850000000000023,35.75,1607,37.7,49,0,0,0,0,0,0,0,2205,0.754,324
M24057,M,24.75,35.650000000000034,1469,49.0,51,0,0,0,0,0,0,0,2295,0.9423076923076923,275
M24058,M,24.75,35.650000000000034,1538,37.6,54,0,0,0,0,0,0,0,2430,0.6836363636363637,158
L56379,L,24.75,35.650000000000034,1613,31.4,57,0,0,0,0,0,0,0,2565,0.5413793103448276,156
M24060,M,24.75,35.650000000000034,1602,32.1,59,0,0,0,0,0,0,1,2655,0.535,306
L56381,L,24.650000000000034,35.55000000000001,1404,44.2,62,0,0,0,0,0,0,0,2790,0.7015873015873016,355
L56382,L,24.650000000000034,35.650000000000034,1548,36.9,64,0,0,0,0,0,0,1,2880,0.5676923076923077,328
L56383,L,24.650000000000034,35.650000000000034,1559,35.2,66,0,0,0,0,0,0,1,2970,0.5253731343283583,361
L56384,L,24.650000000000034,35.650000000000034,1621,36.1,68,0,0,0,0,0,0,0,3060,0.5231884057971015,332
L56385,L,24.650000000000034,35.650000000000034,1579,32.9,70,0,0,0,0,0,0,0,3150,0.46338028169014084,336
M24066,M,24.75,35.75,1547,44.0,72,0,0,0,0,0,0,0,3240,0.6027397260273972,333
L56387,L,24.75,35.650000000000034,1386,48.6,75,0,0,0,0,0,0,0,3375,0.6394736842105263,299
L56388,L,24.850000000000023,35.75,1406,40.9,77,0,0,0,0,0,0,0,3465,0.5243589743589744,295
M24069,M,24.850000000000023,35.85000000000002,1393,55.9,79,0,0,0,0,0,0,0,3555,0.69875,207
M24070,M,24.75,35.85000000000002,2456,13.9,82,0,0,0,0,0,0,1,3690,0.1674698795180723,189
M24071,M,24.850000000000023,35.85000000000002,1409,49.1,85,0,0,0,0,0,0,1,3825,0.5709302325581396,238
L56392,L,24.850000000000023,35.75,1390,53.9,88,0,0,0,0,0,0,1,3960,0.6056179775280899,180
L56393,L,24.850000000000023,35.85000000000002,1679,32.4,90,0,0,0,0,0,0,1,4050,0.35604395604395606,333
L56394,L,24.850000000000023,35.75,1508,37.1,92,0,0,0,0,0,0,1,4140,0.3989247311827957,312
L56395,L,24.75,35.650000000000034,1681,31.7,94,0,0,0,0,0,0,1,4230,0.3336842105263158,175
H38630,H,24.55000000000001,35.650000000000034,1469,43.7,96,0,0,0,0,0,0,0,4320,0.4505154639175258,345
L56397,L,24.650000000000034,35.650000000000034,1421,49.6,101,0,0,0,0,0,0,0,4545,0.48627450980392156,255
L56398,L,24.55000000000001,35.650000000000034,1354,50.2,103,0,0,0,0,0,0,0,4635,0.4826923076923077,233
M24079,M,24.55000000000001,35.650000000000034,1350,57.0,105,0,0,0,0,0,0,1,4725,0.5377358490566038,311
L56400,L,24.650000000000034,35.75,1282,58.1,108,0,0,0,0,0,0,1,4860,0.5330275229357798,225
M24081,M,24.650000000000034,35.85000000000002,1675,30.0,110,0,0,0,0,0,0,1,4950,0.2702702702702703,293
M24082,M,24.75,35.85000000000002,1525,38.5,113,0,0,0,0,0,0,0,5085,0.33771929824561403,272
L56403,L,24.75,35.85000000000002,1382,43.9,116,0,0,0,0,0,0,0,5220,0.3752136752136752,191
L56404,L,24.75,35.85000000000002,1450,46.8,118,0,0,0,0,0,0,0,5310,0.39327731092436974,282
L56405,L,24.850000000000023,35.950000000000045,1820,23.6,120,0,0,0,0,0,0,1,5400,0.1950413223140496,210
L56406,L,24.850000000000023,35.950000000000045,1822,23.5,122,0,0,0,0,0,0,1,5490,0.1910569105691057,193
L56407,L,24.850000000000023,35.950000000000045,1473,44.3,124,0,0,0,0,0,0,1,5580,0.3544,184
M24088,M,24.950000000000045,35.950000000000045,1572,37.5,126,0,0,0,0,0,0,0,5670,0.2952755905511811,257
M24089,M,24.950000000000045,35.85000000000002,2042,17.8,129,0,0,0,0,0,0,1,5805,0.13692307692307693,240
L56410,L,25.05000000000001,36.05000000000001,1922,22.6,132,0,0,0,0,0,0,0,5940,0.1699248120300752,277
L56411,L,25.05000000000001,35.950000000000045,1539,36.5,134,0,0,0,0,0,0,0,6030,0.27037037037037037,150
L56412,L,25.05000000000001,35.950000000000045,1350,52.0,136,0,0,0,0,0,0,0,6120,0.3795620437956204,192
L56413,L,25.150000000000034,35.950000000000045,1403,45.1,138,0,0,0,0,0,0,0,6210,0.32446043165467625,181
L56414,L,25.150000000000034,35.950000000000045,1904,20.3,140,0,0,0,0,0,0,0,6300,0.14397163120567377,252
M24095,M,25.05000000000001,35.75,1592,35.2,142,0,0,0,0,0,0,0,6390,0.24615384615384617,340
L56416,L,24.950000000000045,35.55000000000001,1556,31.6,145,0,0,0,0,0,0,0,6525,0.21643835616438356,182
M24097,M,24.950000000000045,35.650000000000034,1811,25.4,147,0,0,0,0,0,0,1,6615,0.17162162162162162,244
M24098,M,25.05000000000001,35.650000000000034,1456,41.2,150,0,0,0,0,0,0,0,6750,0.2728476821192053,354
H38653,H,25.05000000000001,35.650000000000034,1436,51.9,153,0,0,0,0,0,0,1,6885,0.337012987012987,258
M24100,M,24.950000000000045,35.55000000000001,1362,49.6,158,0,0,0,0,0,0,0,7110,0.3119496855345912,215
L56421,L,24.950000000000045,35.55000000000001,1683,29.1,161,0,0,0,0,0,0,0,7245,0.17962962962962964,179
M24102,M,25.05000000000001,35.55000000000001,1269,60.9,163,0,0,0,0,0,0,0,7335,0.37134146341463414,159
L56423,L,25.150000000000034,35.650000000000034,1454,49.0,166,0,0,0,0,0,0,1,7470,0.2934131736526946,172
L56424,L,25.150000000000034,35.650000000000034,1767,27.3,168,0,0,0,0,0,0,0,7560,0.16153846153846155,246
L56425,L,25.150000000000034,35.75,1708,27.3,170,0,0,0,0,0,0,0,7650,0.15964912280701754,188
L56426,L,25.150000000000034,35.75,1862,27.0,172,0,0,0,0,0,0,1,7740,0.15606936416184972,322
L56427,L,25.150000000000034,35.75,1695,30.7,174,0,0,0,0,0,0,1,7830,0.17542857142857143,272
M24108,M,25.150000000000034,35.950000000000045,1488,40.6,176,0,0,0,0,0,0,1,7920,0.22937853107344633,306
L56429,L,25.150000000000034,35.85000000000002,1657,32.2,179,0,0,0,0,0,0,1,8055,0.1788888888888889,307
H38664,H,25.150000000000034,35.85000000000002,1823,25.9,181,0,0,0,0,0,0,0,8145,0.1423076923076923,311
M24111,M,25.05000000000001,35.950000000000045,1651,28.8,186,0,0,0,0,0,0,0,8370,0.15401069518716579,329
M24112,M,24.950000000000045,35.85000000000002,1533,36.1,189,0,0,0,0,0,0,1,8505,0.19,252
M24113,M,25.05000000000001,35.85000000000002,1508,40.5,192,0,0,0,0,0,0,0,8640,0.20984455958549222,358
L56434,L,25.150000000000034,35.950000000000045,1616,31.1,195,0,0,0,0,0,0,1,8775,0.15867346938775512,171
L56435,L,25.05000000000001,35.85000000000002,1651,31.5,197,0,0,0,0,0,0,1,8865,0.1590909090909091,154
L56436,L,25.05000000000001,35.950000000000045,1569,35.2,199,0,0,0,0,0,0,1,8955,0.17600000000000002,288
M24117,M,25.150000000000034,35.950000000000045,1296,58.7,201,0,0,0,0,0,0,0,9045,0.29059405940594063,363
H38672,H,25.150000000000034,35.85000000000002,1379,43.2,0,0,0,0,0,0,0,1,0,43.2,309
M24119,M,25.05000000000001,35.85000000000002,1694,28.0,5,0,0,0,0,0,0,0,225,4.666666666666667,301
L56440,L,25.05000000000001,35.85000000000002,1377,57.8,8,0,0,0,0,0,0,0,360,6.422222222222222,288
H38675,H,25.150000000000034,35.85000000000002,1470,38.4,10,0,0,0,0,0,0,0,450,3.4909090909090907,288
M24122,M,25.150000000000034,35.950000000000045,1404,47.0,15,0,0,0,0,0,0,1,675,2.9375,294
L56443,L,25.150000000000034,35.950000000000045,1593,40.1,18,0,0,0,0,0,0,0,810,2.110526315789474,309
M24124,M,25.150000000000034,35.85000000000002,1526,36.9,20,0,0,0,0,0,0,1,900,1.7571428571428571,232
M24125,M,25.150000000000034,35.75,1390,49.7,23,0,0,0,0,0,0,0,1035,2.0708333333333333,304
L56446,L,25.05000000000001,35.75,1737,25.5,26,0,0,0,0,0,0,0,1170,0.9444444444444444,181
L56447,L,25.05000000000001,35.650000000000034,1362,57.3,28,0,0,0,0,0,0,0,1260,1.975862068965517,210
L56448,L,25.05000000000001,35.650000000000034,1666,31.5,30,0,0,0,0,0,0,1,1350,1.0161290322580645,174
L56449,L,25.05000000000001,35.650000000000034,1354,60.9,32,0,0,0,0,0,0,1,1440,1.8454545454545455,213
L56450,L,25.05000000000001,35.650000000000034,1302,60.4,34,0,0,0,0,0,0,1,1530,1.7257142857142858,341
L56451,L,25.05000000000001,35.55000000000001,1991,20.5,36,0,0,0,0,0,0,1,1620,0.5540540540540541,305
L56452,L,25.05000000000001,35.450000000000045,1353,54.1,38,0,0,0,0,0,0,0,1710,1.3871794871794871,317
H38687,H,25.05000000000001,35.55000000000001,1520,35.7,40,0,0,0,0,0,0,0,1800,0.8707317073170733,240
L56454,L,25.05000000000001,35.55000000000001,1428,54.9,45,0,0,0,0,0,0,1,2025,1.193478260869565,291
L56455,L,25.05000000000001,35.55000000000001,1605,29.4,47,0,0,0,0,0,0,1,2115,0.6124999999999999,191
L56456,L,24.950000000000045,35.55000000000001,1691,30.3,49,0,0,0,0,0,0,1,2205,0.606,188
L56457,L,25.05000000000001,35.55000000000001,1447,48.4,51,0,0,0,0,0,0,1,2295,0.9307692307692308,151
H38692,H,25.05000000000001,35.650000000000034,1606,39.9,53,0,0,0,0,0,0,0,2385,0.7388888888888888,230
M24139,M,25.05000000000001,35.650000000000034,1645,28.2,58,0,0,0,0,0,0,1,2610,0.47796610169491527,150
H38694,H,25.05000000000001,35.650000000000034,1470,43.3,61,0,0,0,0,0,0,1,2745,0.6983870967741935,258
L56461,L,25.05000000000001,35.75,1336,45.0,66,0,0,0,0,0,0,0,2970,0.6716417910447762,309
M24142,M,25.05000000000001,35.75,1414,44.3,68,0,0,0,0,0,0,1,3060,0.6420289855072463,360
M24143,M,25.150000000000034,35.85000000000002,1802,27.5,71,0,0,0,0,0,0,0,3195,0.3819444444444444,274
L56464,L,25.05000000000001,35.75,1683,31.7,74,0,0,0,0,0,0,1,3330,0.42266666666666663,213
M24145,M,25.05000000000001,35.85000000000002,1410,47.6,76,0,0,0,0,0,0,0,3420,0.6181818181818182,355
L56466,L,25.05000000000001,35.75,1605,32.0,79,0,0,0,0,0,0,1,3555,0.4,308
L56467,L,25.05000000000001,35.75,1709,28.1,81,0,0,0,0,0,0,1,3645,0.3426829268292683,335
L56468,L,25.05000000000001,35.75,1444,53.1,83,0,0,0,0,0,0,1,3735,0.6321428571428571,231
L56469,L,25.05000000000001,35.75,1367,45.0,85,0,0,0,0,0,0,1,3825,0.5232558139534884,227
L56470,L,25.05000000000001,35.85000000000002,1418,44.2,87,0,0,0,0,0,0,1,3915,0.5022727272727273,260
L56471,L,25.05000000000001,35.85000000000002,1353,57.8,89,0,0,0,0,0,0,0,4005,0.6422222222222221,291
L56472,L,25.05000000000001,35.85000000000002,1643,34.1,91,0,0,0,0,0,0,1,4095,0.3706521739130435,346
L56473,L,25.150000000000034,35.950000000000045,1437,38.0,93,0,0,0,0,0,0,0,4185,0.40425531914893614,165
L56474,L,24.950000000000045,35.85000000000002,1437,36.2,95,0,0,0,0,0,0,0,4275,0.3770833333333334,346
M24155,M,25.05000000000001,35.85000000000002,1413,47.9,97,0,0,0,0,0,0,0,4365,0.4887755102040816,203
H38710,H,25.05000000000001,35.85000000000002,1524,39.1,100,0,0,0,0,0,0,0,4500,0.38712871287128714,290
M24157,M,24.950000000000045,35.75,1479,43.4,105,0,0,0,0,0,0,1,4725,0.4094339622641509,273
L56478,L,24.950000000000045,35.75,1313,50.6,108,0,0,0,0,0,0,1,4860,0.46422018348623856,229
M24159,M,24.950000000000045,35.75,1335,50.4,110,0,0,0,0,0,0,1,4950,0.454054054054054,228
L56480,L,24.950000000000045,35.75,1367,41.9,113,0,0,0,0,0,0,1,5085,0.3675438596491228,308
M24161,M,24.950000000000045,35.75,1459,50.3,115,0,0,0,0,0,0,0,5175,0.43362068965517236,346
M24162,M,24.950000000000045,35.75,1804,25.1,118,0,0,0,0,0,0,0,5310,0.21092436974789916,298
L56483,L,25.05000000000001,35.85000000000002,1491,38.3,121,0,0,0,0,0,0,0,5445,0.3139344262295082,276
L56484,L,25.150000000000034,35.950000000000045,1537,43.0,123,0,0,0,0,0,0,1,5535,0.3467741935483871,307
H38719,H,25.150000000000034,35.950000000000045,1646,30.2,125,0,0,0,0,0,0,1,5625,0.23968253968253966,172
M24166,M,25.150000000000034,36.05000000000001,1783,28.3,130,0,0,0,0,0,0,1,5850,0.21603053435114505,187
L56487,L,25.150000000000034,35.950000000000045,1395,49.8,133,0,0,0,0,0,0,1,5985,0.37164179104477607,306
L56488,L,25.25,35.950000000000045,1423,48.0,135,0,0,0,0,0,0,0,6075,0.35294117647058826,226
L56489,L,25.150000000000034,36.05000000000001,1562,37.6,137,0,0,0,0,0,0,1,6165,0.27246376811594203,181
L56490,L,25.25,36.150000000000034,1549,40.8,139,0,0,0,0,0,0,1,6255,0.2914285714285714,261
L56491,L,25.25,36.25,1540,43.2,141,0,0,0,0,0,0,0,6345,0.3042253521126761,339
H38726,H,25.350000000000023,36.25,1573,33.6,143,0,0,0,0,0,0,0,6435,0.23333333333333334,255
L56493,L,25.350000000000023,36.25,1418,45.1,148,0,0,0,0,0,0,1,6660,0.30268456375838926,240
M24174,M,25.350000000000023,36.25,1565,33.7,150,0,0,0,0,0,0,1,6750,0.22317880794701989,247
L56495,L,25.350000000000023,36.35000000000002,1569,41.0,153,0,0,0,0,0,0,0,6885,0.2662337662337662,194
H38730,H,25.350000000000023,36.25,1417,41.2,155,0,0,0,0,0,0,1,6975,0.2641025641025641,198
L56497,L,25.350000000000023,36.35000000000002,1480,38.1,160,0,0,0,0,0,0,0,7200,0.23664596273291927,310
L56498,L,25.350000000000023,36.25,1364,44.5,162,0,0,0,0,0,0,0,7290,0.27300613496932513,153
L56499,L,25.350000000000023,36.25,1911,21.5,164,0,0,0,0,0,0,1,7380,0.1303030303030303,295
L56500,L,25.25,36.150000000000034,1409,43.1,166,0,0,0,0,0,0,0,7470,0.25808383233532933,347
L56501,L,25.25,36.05000000000001,1335,53.5,168,0,0,0,0,0,0,1,7560,0.3165680473372781,213
M24182,M,25.350000000000023,36.150000000000034,1512,38.1,170,0,0,0,0,0,0,1,7650,0.22280701754385965,305
L56503,L,25.450000000000045,36.25,1447,40.2,173,0,0,0,0,0,0,1,7785,0.2310344827586207,257
L56504,L,25.450000000000045,36.150000000000034,1537,37.6,175,0,0,0,0,0,0,1,7875,0.21363636363636365,270
M24185,M,25.450000000000045,36.150000000000034,1510,40.8,177,0,0,0,0,0,0,0,7965,0.2292134831460674,335
L56506,L,25.450000000000045,36.150000000000034,1677,31.2,180,0,0,0,0,0,0,1,8100,0.1723756906077348,239
L56507,L,25.350000000000023,36.05000000000001,1504,33.7,182,0,0,0,0,0,0,1,8190,0.18415300546448088,205
H38742,H,25.350000000000023,35.950000000000045,2051,19.0,184,0,0,0,0,0,0,0,8280,0.10270270270270271,169
L56509,L,25.350000000000023,35.950000000000045,1474,41.3,189,0,0,0,0,0,0,1,8505,0.21736842105263157,226
M24190,M,25.25,35.85000000000002,1507,36.1,191,0,0,0,0,0,0,1,8595,0.18802083333333333,311
L56511,L,25.25,35.75,1496,37.9,194,0,0,0,0,0,0,1,8730,0.19435897435897434,236
M24192,M,25.350000000000023,35.85000000000002,1921,22.0,196,0,0,0,0,0,0,1,8820,0.1116751269035533,287
L56513,L,25.350000000000023,35.85000000000002,1450,40.5,199,0,0,0,0,0,0,0,8955,0.2025,264
L56514,L,25.25,35.75,1402,44.8,201,0,0,0,0,0,0,0,9045,0.22178217821782176,243
L56515,L,25.25,35.75,1501,50.0,203,0,0,0,0,0,0,1,9135,0.24509803921568626,299
L56516,L,25.350000000000023,35.75,1725,31.9,205,0,0,0,0,0,0,0,9225,0.15485436893203883,282
H38751,H,25.350000000000023,35.75,1500,40.3,207,0,0,0,0,0,0,0,9315,0.19374999999999998,321
H38752,H,25.350000000000023,35.85000000000002,1531,30.8,212,0,0,0,0,0,0,0,9540,0.14460093896713616,263
L56519,L,25.350000000000023,35.85000000000002,1458,44.8,217,0,0,0,0,0,0,0,9765,0.2055045871559633,158
H38754,H,25.25,35.75,1577,37.1,0,0,0,0,0,0,0,1,0,37.1,192
M24201,M,25.150000000000034,35.75,1363,46.1,5,0,0,0,0,0,0,0,225,7.683333333333334,153
H38756,H,25.150000000000034,35.75,1706,31.8,8,0,0,0,0,0,0,1,360,3.533333333333333,319
M24203,M,25.150000000000034,35.650000000000034,1391,50.4,13,0,0,0,0,0,0,1,585,3.6,214
L56524,L,25.05000000000001,35.650000000000034,1616,33.7,16,0,0,0,0,0,0,0,720,1.9823529411764707,247
L56525,L,25.05000000000001,35.650000000000034,1442,47.0,18,0,0,0,0,0,0,1,810,2.473684210526316,318
M24206,M,25.05000000000001,35.650000000000034,1626,40.4,20,0,0,0,0,0,0,0,900,1.9238095238095236,341
M24207,M,25.05000000000001,35.55000000000001,1426,42.6,23,0,0,0,0,0,0,1,1035,1.7750000000000001,204
L56528,L,25.05000000000001,35.55000000000001,1436,49.1,26,0,0,0,0,0,0,1,1170,1.8185185185185186,295
M24209,M,25.05000000000001,35.55000000000001,1599,36.2,28,0,0,0,0,0,0,0,1260,1.2482758620689656,293
L56530,L,25.05000000000001,35.55000000000001,2186,17.8,31,0,0,0,0,0,0,1,1395,0.55625,236
L56531,L,25.150000000000034,35.650000000000034,1645,30.4,33,0,0,0,0,0,0,0,1485,0.8941176470588235,323
L56532,L,25.05000000000001,35.55000000000001,1780,27.9,35,0,0,0,0,0,0,1,1575,0.7749999999999999,313
L56533,L,25.05000000000001,35.650000000000034,1345,44.3,37,0,0,0,0,0,0,1,1665,1.1657894736842105,239
M24214,M,25.05000000000001,35.650000000000034,1607,31.9,39,0,0,0,0,0,0,0,1755,0.7975,343
L56535,L,25.150000000000034,35.75,1708,28.0,42,0,0,0,0,0,0,0,1890,0.6511627906976745,193
L56536,L,25.150000000000034,35.75,1270,52.7,44,0,0,0,0,0,0,0,1980,1.1711111111111112,154
M24217,M,25.150000000000034,35.75,1646,25.4,46,0,0,0,0,0,0,1,2070,0.5404255319148936,178
L56538,L,25.05000000000001,35.55000000000001,1407,45.1,49,0,0,0,0,0,0,0,2205,0.902,275
M24219,M,24.950000000000045,35.55000000000001,1581,47.4,51,0,0,0,0,0,0,0,2295,0.9115384615384615,153
L56540,L,24.850000000000023,35.450000000000045,1532,42.6,54,0,0,0,0,0,0,0,2430,0.7745454545454545,248
L56541,L,24.850000000000023,35.450000000000045,1610,33.1,56,0,0,0,0,0,0,0,2520,0.5807017543859649,363
M24222,M,24.850000000000023,35.35000000000002,1682,33.0,58,0,0,0,0,0,0,1,2610,0.559322033898305,198
L56543,L,24.75,35.35000000000002,1519,34.3,61,0,0,0,0,0,0,1,2745,0.5532258064516129,349
L56544,L,24.75,35.35000000000002,1683,28.5,63,0,0,0,0,0,0,1,2835,0.4453125,234
M24225,M,24.850000000000023,35.450000000000045,1254,55.8,65,0,0,0,0,0,0,1,2925,0.8454545454545455,285
L56546,L,24.850000000000023,35.35000000000002,1461,48.0,68,0,0,0,0,0,0,1,3060,0.6956521739130435,271
L56547,L,24.75,35.35000000000002,1472,45.1,70,0,0,0,0,0,0,1,3150,0.6352112676056338,329
L56548,L,24.55000000000001,35.25,1510,38.6,72,0,0,0,0,0,0,0,3240,0.5287671232876713,265
M24229,M,24.55000000000001,35.150000000000034,1547,36.8,74,0,0,0,0,0,0,1,3330,0.49066666666666664,346
H38784,H,24.55000000000001,35.25,1418,51.9,77,0,0,0,0,0,0,0,3465,0.6653846153846154,298
L56551,L,24.55000000000001,35.25,1289,51.3,82,0,0,0,0,0,0,0,3690,0.6180722891566265,304
L56552,L,24.55000000000001,35.25,1487,41.4,84,0,0,0,0,0,0,0,3780,0.48705882352941177,315
L56553,L,24.55000000000001,35.35000000000002,1453,45.5,86,0,0,0,0,0,0,0,3870,0.5229885057471264,282
M24234,M,24.650000000000034,35.35000000000002,1466,44.7,88,0,0,0,0,0,0,1,3960,0.5022471910112359,234
H38789,H,24.55000000000001,35.25,1288,49.5,91,0,0,0,0,0,0,1,4095,0.5380434782608695,210
H38790,H,24.55000000000001,35.25,1738,27.7,96,0,0,0,0,0,0,1,4320,0.28556701030927834,285
H38791,H,24.55000000000001,35.150000000000034,1488,41.0,101,0,0,0,0,0,0,0,4545,0.4019607843137255,235
L56558,L,24.450000000000045,35.150000000000034,1816,28.8,106,0,0,0,0,0,0,1,4770,0.2691588785046729,167
L56559,L,24.350000000000023,35.05000000000001,1419,48.5,108,0,0,0,0,0,0,1,4860,0.44495412844036697,281
L56560,L,24.25,34.950000000000045,1435,45.7,110,0,0,0,0,0,0,1,4950,0.4117117117117117,153
M24241,M,24.350000000000023,34.950000000000045,1480,42.4,112,0,0,0,0,0,0,1,5040,0.3752212389380531,314
L56562,L,24.350000000000023,35.05000000000001,1610,33.6,115,0,0,0,0,0,0,1,5175,0.2896551724137931,276
H38797,H,24.350000000000023,34.950000000000045,1548,38.2,117,0,0,0,0,0,0,1,5265,0.32372881355932204,292
M24244,M,24.450000000000045,34.950000000000045,1379,57.4,122,0,0,0,0,0,0,0,5490,0.4666666666666667,315
M24245,M,24.350000000000023,34.950000000000045,1907,23.5,125,0,0,0,0,0,0,0,5625,0.1865079365079365,304
M24246,M,24.350000000000023,34.85000000000002,2033,16.7,128,0,0,0,0,0,0,1,5760,0.12945736434108526,362
H38801,H,24.25,34.75,1390,52.0,131,0,0,0,0,0,0,0,5895,0.3939393939393939,197
M24248,M,24.350000000000023,34.75,1544,37.9,136,0,0,0,0,0,0,0,6120,0.27664233576642333,195
L56569,L,24.450000000000045,34.85000000000002,1258,57.4,139,0,0,0,0,0,0,1,6255,0.41,195
M24250,M,24.350000000000023,34.85000000000002,1560,39.0,141,0,0,0,0,0,0,0,6345,0.2746478873239437,197
H38805,H,24.450000000000045,35.05000000000001,2071,18.5,144,0,0,0,0,0,0,1,6480,0.12758620689655173,336
L56572,L,24.450000000000045,34.950000000000045,1437,46.3,149,0,0,0,0,0,0,0,6705,0.30866666666666664,269
H38807,H,24.55000000000001,35.05000000000001,1489,43.0,151,0,0,0,0,0,0,1,6795,0.28289473684210525,281
L56574,L,24.55000000000001,35.05000000000001,1334,53.0,156,0,0,0,0,0,0,0,7020,0.3375796178343949,352
L56575,L,24.55000000000001,35.05000000000001,1500,39.9,158,0,0,0,0,0,0,0,7110,0.2509433962264151,168
L56576,L,24.650000000000034,35.150000000000034,1498,47.3,160,0,0,0,0,0,0,0,7200,0.2937888198757764,334
M24257,M,24.55000000000001,35.05000000000001,1370,53.4,162,0,0,0,0,0,0,0,7290,0.3276073619631902,168
H38812,H,24.55000000000001,35.05000000000001,1526,40.1,165,0,0,0,0,0,0,1,7425,0.24156626506024098,191
L56579,L,24.650000000000034,35.150000000000034,1477,44.8,170,0,0,0,0,0,0,0,7650,0.2619883040935672,241
L56580,L,24.55000000000001,35.05000000000001,1446,43.9,172,0,0,0,0,0,0,1,7740,0.253757225433526,154
M24261,M,24.55000000000001,35.05000000000001,1720,25.6,174,0,0,0,0,0,0,1,7830,0.1462857142857143,197
L56582,L,24.55000000000001,34.950000000000045,1734,30.7,177,0,0,0,0,0,0,0,7965,0.17247191011235954,302
L56583,L,24.55000000000001,34.950000000000045,1697,29.1,179,0,0,0,0,0,0,0,8055,0.16166666666666668,344
L56584,L,24.55000000000001,35.05000000000001,2007,19.3,181,0,0,0,0,0,0,1,8145,0.10604395604395604,175
M24265,M,24.55000000000001,34.950000000000045,1469,48.8,183,0,0,0,0,0,0,0,8235,0.2652173913043478,223
M24266,M,24.55000000000001,34.950000000000045,2189,15.6,186,0,0,0,0,0,0,1,8370,0.08342245989304813,339
L56587,L,24.650000000000034,35.150000000000034,1435,50.1,189,0,0,0,0,0,0,0,8505,0.2636842105263158,258
H38822,H,24.75,35.25,1637,34.5,191,0,0,0,0,0,0,1,8595,0.1796875,284
L56589,L,24.850000000000023,35.35000000000002,1664,28.3,196,0,0,0,0,0,0,0,8820,0.14365482233502538,321
M24270,M,24.850000000000023,35.35000000000002,1666,31.0,198,0,0,0,0,0,0,0,8910,0.15577889447236182,236
L56591,L,24.850000000000023,35.35000000000002,1404,46.6,201,0,0,0,0,0,0,1,9045,0.2306930693069307,304
L56592,L,24.850000000000023,35.35000000000002,1702,26.7,203,0,0,0,0,0,0,1,9135,0.13088235294117648,319
L56593,L,24.950000000000045,35.450000000000045,1439,44.9,205,0,0,0,0,0,0,1,9225,0.21796116504854368,222
L56594,L,24.950000000000045,35.450000000000045,1354,53.9,207,1,0,0,0,1,0,6,9315,0.25913461538461535,21
M24275,M,25.05000000000001,35.55000000000001,1361,44.2,0,0,0,0,0,0,0,0,0,44.2,280
M24276,M,24.950000000000045,35.35000000000002,1463,45.9,3,0,0,0,0,0,0,0,135,11.475,275
H38831,H,24.950000000000045,35.25,1515,43.8,6,0,0,0,0,0,0,0,270,6.257142857142857,290
L56598,L,24.850000000000023,35.25,1432,46.2,11,0,0,0,0,0,0,1,495,3.85,347
L56599,L,24.850000000000023,35.25,1911,22.0,13,0,0,0,0,0,0,1,585,1.5714285714285714,208
L56600,L,24.850000000000023,35.25,1472,42.0,15,0,0,0,0,0,0,0,675,2.625,187
M24281,M,24.950000000000045,35.35000000000002,1382,54.5,17,0,0,0,0,0,0,0,765,3.0277777777777777,234
L56602,L,24.950000000000045,35.35000000000002,1665,29.6,20,0,0,0,0,0,0,0,900,1.4095238095238096,232
L56603,L,24.950000000000045,35.35000000000002,1676,30.5,22,0,0,0,0,0,0,1,990,1.326086956521739,345
M24284,M,24.850000000000023,35.35000000000002,1585,33.0,24,0,0,0,0,0,0,1,1080,1.32,235
M24285,M,24.950000000000045,35.450000000000045,1415,46.3,27,0,0,0,0,0,0,0,1215,1.6535714285714285,346
L56606,L,24.950000000000045,35.55000000000001,1341,55.7,30,0,0,0,0,0,0,1,1350,1.7967741935483872,150
L56607,L,25.05000000000001,35.650000000000034,1540,34.8,32,0,0,0,0,0,0,0,1440,1.0545454545454545,327
H38842,H,25.05000000000001,35.650000000000034,1837,28.4,34,0,0,0,0,0,0,0,1530,0.8114285714285714,358
L56609,L,25.05000000000001,35.650000000000034,1498,36.0,39,0,0,0,0,0,0,1,1755,0.9,350
L56610,L,24.950000000000045,35.55000000000001,1671,28.8,41,0,0,0,0,0,0,1,1845,0.6857142857142857,286
L56611,L,24.850000000000023,35.450000000000045,1430,57.0,43,0,0,0,0,0,0,1,1935,1.2954545454545454,277
L56612,L,24.850000000000023,35.55000000000001,1619,40.1,45,0,0,0,0,0,0,1,2025,0.8717391304347827,202
M24293,M,24.850000000000023,35.55000000000001,1430,51.9,47,0,0,0,0,0,0,0,2115,1.08125,237
L56614,L,24.850000000000023,35.450000000000045,1626,33.3,50,0,0,0,0,0,0,1,2250,0.6529411764705881,287
L56615,L,24.850000000000023,35.55000000000001,1443,49.3,52,0,0,0,0,0,0,1,2340,0.9301886792452829,233
L56616,L,24.850000000000023,35.450000000000045,1481,42.5,54,0,0,0,0,0,0,1,2430,0.7727272727272727,358
M24297,M,24.950000000000045,35.55000000000001,1527,43.0,56,0,0,0,0,0,0,1,2520,0.7543859649122807,226
M24298,M,24.950000000000045,35.55000000000001,1315,56.8,59,0,0,0,0,0,0,0,2655,0.9466666666666667,178
M24299,M,24.950000000000045,35.650000000000034,1433,48.2,62,0,0,0,0,0,0,0,2790,0.7650793650793651,185
M24300,M,24.950000000000045,35.650000000000034,1378,53.5,65,0,0,0,0,0,0,1,2925,0.8106060606060606,364
L56621,L,24.950000000000045,35.650000000000034,1432,43.4,68,0,0,0,0,0,0,1,3060,0.6289855072463768,176
M24302,M,24.950000000000045,35.650000000000034,1394,47.9,70,0,0,0,0,0,0,0,3150,0.6746478873239437,295
H38857,H,24.850000000000023,35.650000000000034,1411,53.8,73,0,0,0,0,0,0,0,3285,0.727027027027027,167
L56624,L,24.950000000000045,35.75,2136,15.9,78,0,0,0,0,0,0,1,3510,0.20126582278481014,267
M24305,M,25.05000000000001,35.85000000000002,1446,45.8,80,0,0,0,0,0,0,0,3600,0.5654320987654321,286
H38860,H,24.950000000000045,35.75,1388,53.5,83,0,0,0,0,0,0,0,3735,0.6369047619047619,216
M24307,M,24.950000000000045,35.75,1323,51.7,88,0,0,0,0,0,0,0,3960,0.5808988764044944,284
L56628,L,25.05000000000001,35.85000000000002,1780,29.3,91,0,0,0,0,0,0,0,4095,0.3184782608695652,207
M24309,M,24.950000000000045,35.650000000000034,1434,41.8,93,0,0,0,0,0,0,1,4185,0.44468085106382976,356
M24310,M,24.850000000000023,35.55000000000001,1494,42.6,96,0,0,0,0,0,0,0,4320,0.43917525773195876,179
H38865,H,24.850000000000023,35.55000000000001,1536,39.6,99,0,0,0,0,0,0,0,4455,0.396,222
M24312,M,24.850000000000023,35.55000000000001,1392,53.4,104,0,0,0,0,0,0,1,4680,0.5085714285714286,272
H38867,H,25.05000000000001,35.85000000000002,1360,56.8,107,0,0,0,0,0,0,1,4815,0.5259259259259259,338
L56634,L,25.25,36.05000000000001,1583,35.4,112,0,0,0,0,0,0,1,5040,0.31327433628318585,231
L56635,L,25.350000000000023,36.05000000000001,1983,20.2,114,0,0,0,0,0,0,0,5130,0.17565217391304347,166
L56636,L,25.350000000000023,36.150000000000034,1630,33.3,116,0,0,0,0,0,0,1,5220,0.2846153846153846,330
M24317,M,25.350000000000023,36.150000000000034,1692,26.7,118,0,0,0,0,0,0,0,5310,0.22436974789915967,283
L56638,L,25.25,35.950000000000045,1417,40.6,121,0,0,0,0,0,0,1,5445,0.33278688524590166,188
L56639,L,25.25,35.950000000000045,1579,36.1,123,0,0,0,0,0,0,0,5535,0.2911290322580645,302
M24320,M,25.25,36.05000000000001,1399,45.2,125,0,0,0,0,0,0,1,5625,0.35873015873015873,319
M24321,M,25.25,36.05000000000001,1414,46.4,128,0,0,0,0,0,0,1,5760,0.35968992248062015,319
L56642,L,25.350000000000023,36.150000000000034,1570,40.1,131,0,0,0,0,0,0,0,5895,0.3037878787878788,208
M24323,M,25.350000000000023,36.150000000000034,1552,36.8,133,0,0,0,0,0,0,1,5985,0.2746268656716418,251
L56644,L,25.450000000000045,36.25,1440,48.2,136,0,0,0,0,0,0,1,6120,0.3518248175182482,187
M24325,M,25.450000000000045,36.25,1460,43.8,138,0,0,0,0,0,0,1,6210,0.3151079136690647,308
L56646,L,25.450000000000045,36.25,1471,48.0,141,0,0,0,0,0,0,1,6345,0.3380281690140845,306
L56647,L,25.450000000000045,36.150000000000034,1702,27.6,143,0,0,0,0,0,0,1,6435,0.19166666666666668,253
L56648,L,25.450000000000045,36.25,1375,55.4,145,0,0,0,0,0,0,0,6525,0.37945205479452054,158
L56649,L,25.450000000000045,36.25,1698,33.2,147,0,0,0,0,0,0,0,6615,0.22432432432432434,150
H38884,H,25.450000000000045,36.25,1439,47.1,149,0,0,0,0,0,0,1,6705,0.314,357
M24331,M,25.450000000000045,36.25,1774,27.5,154,0,0,0,0,0,0,1,6930,0.1774193548387097,251
M24332,M,25.55000000000001,36.25,1375,48.3,157,0,0,0,0,0,0,0,7065,0.30569620253164553,236
L56653,L,25.55000000000001,36.35000000000002,1446,40.0,160,0,0,0,0,0,0,0,7200,0.2484472049689441,272
M24334,M,25.55000000000001,36.450000000000045,1455,46.8,162,0,0,0,0,0,0,1,7290,0.2871165644171779,349
L56655,L,25.650000000000034,36.450000000000045,1523,41.9,165,0,0,0,0,0,0,0,7425,0.2524096385542169,196
M24336,M,25.650000000000034,36.450000000000045,1692,31.9,167,0,0,0,0,0,0,1,7515,0.18988095238095237,225
M24337,M,25.650000000000034,36.450000000000045,1693,33.3,170,0,0,0,0,0,0,1,7650,0.19473684210526315,159
L56658,L,25.650000000000034,36.450000000000045,1890,24.0,173,0,0,0,0,0,0,1,7785,0.13793103448275862,293
H38893,H,25.75,36.450000000000045,1600,33.5,175,0,0,0,0,0,0,1,7875,0.1903409090909091,324
M24340,M,25.75,36.450000000000045,1434,43.8,180,0,0,0,0,0,0,0,8100,0.24198895027624306,192
L56661,L,25.75,36.450000000000045,1365,50.9,183,0,0,0,0,0,0,0,8235,0.2766304347826087,301
H38896,H,25.650000000000034,36.450000000000045,1309,57.4,185,0,0,0,0,0,0,0,8325,0.3086021505376344,285
H38897,H,25.75,36.450000000000045,1546,35.3,190,0,0,0,0,0,0,1,8550,0.18481675392670155,224
L56664,L,25.75,36.450000000000045,1663,33.7,195,0,0,0,0,0,0,0,8775,0.1719387755102041,254
L56665,L,25.75,36.450000000000045,1589,34.2,197,0,0,0,0,0,0,1,8865,0.17272727272727273,175
M24346,M,25.75,36.450000000000045,1472,46.0,199,0,0,0,0,0,0,1,8955,0.23,156
L56667,L,25.75,36.450000000000045,1583,39.8,202,0,0,0,0,0,0,0,9090,0.1960591133004926,228
M24348,M,25.75,36.450000000000045,1567,34.5,204,0,0,0,0,0,0,1,9180,0.16829268292682928,164
L56669,L,25.75,36.55000000000001,1407,41.9,207,0,0,0,0,0,0,1,9315,0.2014423076923077,325
M24350,M,25.850000000000023,36.55000000000001,1418,44.7,209,0,0,0,0,0,0,1,9405,0.21285714285714288,280
M24351,M,25.850000000000023,36.55000000000001,1489,40.7,212,0,0,0,0,0,0,0,9540,0.19107981220657277,293
L56672,L,25.950000000000045,36.75,1586,36.6,215,0,0,0,0,0,0,1,9675,0.16944444444444445,356
L56673,L,25.950000000000045,36.650000000000034,1398,55.4,217,1,0,0,0,1,0,4,9765,0.25412844036697246,52
L56674,L,26.05000000000001,36.75,1516,41.4,219,0,0,0,0,0,0,1,9855,0.18818181818181817,246
H38909,H,26.150000000000034,36.85000000000002,1373,44.8,221,0,0,0,0,0,0,0,9945,0.2018018018018018,291
M24356,M,26.05000000000001,36.85000000000002,1349,50.4,226,0,0,0,0,0,0,1,10170,0.22202643171806166,352
H38911,H,25.950000000000045,36.75,1443,40.3,0,0,0,0,0,0,0,0,0,40.3,152
H38912,H,26.05000000000001,36.950000000000045,1542,36.1,5,0,0,0,0,0,0,0,225,6.016666666666667,222
L56679,L,26.05000000000001,36.950000000000045,1534,37.7,10,0,0,0,0,0,0,1,450,3.4272727272727277,347
L56680,L,26.05000000000001,37.05000000000001,1697,30.6,12,0,0,0,0,0,0,1,540,2.353846153846154,180
L56681,L,26.150000000000034,37.150000000000034,1396,47.4,14,0,0,0,0,0,0,1,630,3.1599999999999997,268
L56682,L,26.150000000000034,37.05000000000001,1495,49.2,16,0,0,0,0,0,0,1,720,2.894117647058824,357
M24363,M,26.05000000000001,37.150000000000034,1551,44.8,18,0,0,0,0,0,0,0,810,2.357894736842105,224
L56684,L,26.05000000000001,37.150000000000034,1440,47.0,21,0,0,0,0,0,0,1,945,2.1363636363636362,166
L56685,L,26.05000000000001,37.150000000000034,1429,40.1,23,0,0,0,0,0,0,0,1035,1.6708333333333334,326
H38920,H,26.150000000000034,37.25,1548,41.6,25,0,0,0,0,0,0,1,1125,1.6,152
L56687,L,26.150000000000034,37.35000000000002,1505,38.8,30,0,0,0,0,0,0,0,1350,1.2516129032258063,272
L56688,L,26.05000000000001,37.25,1611,36.4,32,0,0,0,0,0,0,0,1440,1.103030303030303,360
M24369,M,26.05000000000001,37.25,1502,39.8,34,0,0,0,0,0,0,0,1530,1.137142857142857,204
M24370,M,26.05000000000001,37.25,1504,43.3,37,0,0,0,0,0,0,1,1665,1.1394736842105262,260
L56691,L,25.950000000000045,37.150000000000034,1449,40.7,40,0,0,0,0,0,0,1,1800,0.9926829268292684,349
L56692,L,25.850000000000023,37.05000000000001,1575,37.8,42,0,0,0,0,0,0,0,1890,0.8790697674418604,249
M24373,M,25.850000000000023,37.05000000000001,1598,33.4,44,0,0,0,0,0,0,0,1980,0.7422222222222222,189
L56694,L,25.850000000000023,36.950000000000045,1416,45.9,47,0,0,0,0,0,0,0,2115,0.9562499999999999,271
L56695,L,25.850000000000023,37.05000000000001,1682,28.8,49,0,0,0,0,0,0,0,2205,0.5760000000000001,343
L56696,L,25.75,36.950000000000045,1341,54.5,51,0,0,0,0,0,0,0,2295,1.0480769230769231,364
L56697,L,25.75,36.950000000000045,1523,39.1,53,0,0,0,0,0,0,1,2385,0.7240740740740741,189
L56698,L,25.850000000000023,36.950000000000045,1580,41.9,55,0,0,0,0,0,0,0,2475,0.7482142857142857,179
L56699,L,25.850000000000023,36.950000000000045,1531,36.0,57,0,0,0,0,0,0,1,2565,0.6206896551724138,174
L56700,L,25.850000000000023,36.950000000000045,1375,48.9,59,0,0,0,0,0,0,1,2655,0.815,156
M24381,M,25.75,36.950000000000045,1484,40.4,61,0,0,0,0,0,0,1,2745,0.6516129032258065,241
M24382,M,25.850000000000023,37.05000000000001,1657,32.3,64,0,0,0,0,0,0,0,2880,0.49692307692307686,254
L56703,L,25.850000000000023,37.05000000000001,1494,40.6,67,0,0,0,0,0,0,0,3015,0.5970588235294118,327
H38938,H,25.850000000000023,37.150000000000034,1658,27.6,69,0,0,0,0,0,0,0,3105,0.3942857142857143,272
L56705,L,25.950000000000045,37.150000000000034,1411,42.1,74,0,0,0,0,0,0,0,3330,0.5613333333333334,230
M24386,M,26.05000000000001,37.25,1395,55.4,76,0,0,0,0,0,0,1,3420,0.7194805194805195,245
L56707,L,25.950000000000045,37.25,1550,43.9,79,0,0,0,0,0,0,1,3555,0.54875,150
M24388,M,25.950000000000045,37.150000000000034,1233,59.0,81,0,0,0,0,0,0,1,3645,0.7195121951219512,240
L56709,L,25.950000000000045,37.150000000000034,1459,46.7,84,0,0,0,0,0,0,0,3780,0.5494117647058824,321
H38944,H,25.950000000000045,37.25,1405,53.6,86,0,0,0,0,0,0,0,3870,0.6160919540229886,326
L56711,L,26.05000000000001,37.35000000000002,1458,44.1,91,0,0,0,0,0,0,0,4095,0.47934782608695653,156
L56712,L,26.05000000000001,37.35000000000002,1384,48.7,93,0,0,0,0,0,0,0,4185,0.5180851063829788,269
L56713,L,26.05000000000001,37.35000000000002,1705,29.5,95,0,0,0,0,0,0,0,4275,0.3072916666666667,280
L56714,L,26.150000000000034,37.450000000000045,1443,45.7,97,0,0,0,0,0,0,0,4365,0.46632653061224494,243
M24395,M,26.150000000000034,37.450000000000045,1609,31.4,99,0,0,0,0,0,0,1,4455,0.314,278
L56716,L,26.150000000000034,37.35000000000002,1818,26.0,102,0,0,0,0,0,0,1,4590,0.2524271844660194,328
M24397,M,26.150000000000034,37.450000000000045,1457,42.1,104,0,0,0,0,0,0,0,4680,0.40095238095238095,247
L56718,L,26.150000000000034,37.450000000000045,1480,45.1,107,0,0,0,0,0,0,1,4815,0.4175925925925926,315
L56719,L,26.25,37.650000000000034,1424,47.7,109,0,0,0,0,0,0,1,4905,0.43363636363636365,192
M24400,M,26.25,37.650000000000034,1628,40.2,111,0,0,0,0,0,0,1,4995,0.35892857142857143,332
M24401,M,26.350000000000023,37.650000000000034,1754,31.3,114,0,0,0,0,0,0,1,5130,0.27217391304347827,334
L56722,L,26.450000000000045,37.75,1716,28.5,117,0,0,0,0,0,0,0,5265,0.24152542372881355,202
M24403,M,26.350000000000023,37.75,1378,48.7,119,0,0,0,0,0,0,1,5355,0.4058333333333334,310
L56724,L,26.450000000000045,37.85000000000002,1708,31.0,122,0,0,0,0,0,0,0,5490,0.25203252032520324,357
L56725,L,26.450000000000045,37.85000000000002,1430,38.3,124,0,0,0,0,0,0,0,5580,0.30639999999999995,339
M24406,M,26.55000000000001,38.05000000000001,1560,43.9,126,0,0,0,0,0,0,1,5670,0.34566929133858265,251
L56727,L,26.450000000000045,37.950000000000045,1679,30.7,129,0,0,0,0,0,0,0,5805,0.23615384615384616,288
L56728,L,26.450000000000045,37.950000000000045,1521,37.2,131,0,0,0,0,0,0,1,5895,0.28181818181818186,349
M24409,M,26.450000000000045,37.950000000000045,1649,33.8,133,0,0,0,0,0,0,0,5985,0.25223880597014925,329
M24410,M,26.350000000000023,37.85000000000002,1451,43.3,136,0,0,0,0,0,0,0,6120,0.3160583941605839,150
L56731,L,26.25,37.650000000000034,1391,48.9,139,0,0,0,0,0,0,1,6255,0.34928571428571425,163
M24412,M,26.150000000000034,37.650000000000034,1523,40.9,141,0,0,0,0,0,0,1,6345,0.2880281690140845,362
L56733,L,26.150000000000034,37.55000000000001,1495,39.2,144,0,0,0,0,0,0,0,6480,0.2703448275862069,271
M24414,M,26.150000000000034,37.55000000000001,1440,45.5,146,0,0,0,0,0,0,1,6570,0.30952380952380953,170
H38969,H,26.25,37.650000000000034,1585,31.4,149,0,0,0,0,0,0,0,6705,0.20933333333333332,183
L56736,L,26.350000000000023,37.650000000000034,1374,48.3,154,0,0,0,0,0,0,1,6930,0.3116129032258064,254
M24417,M,26.350000000000023,37.650000000000034,1507,40.2,156,0,0,0,0,0,0,0,7020,0.25605095541401274,163
M24418,M,26.350000000000023,37.75,1577,34.6,159,0,0,0,0,0,0,0,7155,0.21625,317
L56739,L,26.350000000000023,37.75,1496,38.5,162,0,0,0,0,0,0,0,7290,0.2361963190184049,271
L56740,L,26.450000000000045,37.75,1487,42.5,164,0,0,0,0,0,0,0,7380,0.25757575757575757,312
L56741,L,26.450000000000045,37.75,1853,26.3,166,0,0,0,0,0,0,0,7470,0.15748502994011976,319
M24422,M,26.55000000000001,37.85000000000002,1435,50.1,168,0,0,0,0,0,0,1,7560,0.2964497041420118,231
M24423,M,26.650000000000034,37.950000000000045,1763,25.5,171,0,0,0,0,0,0,0,7695,0.14825581395348839,297
L56744,L,26.650000000000034,37.950000000000045,1820,24.9,174,0,0,0,0,0,0,1,7830,0.14228571428571427,209
M24425,M,26.650000000000034,37.950000000000045,1498,38.1,176,0,0,0,0,0,0,1,7920,0.2152542372881356,286
L56746,L,26.650000000000034,37.950000000000045,1603,35.1,179,0,0,0,0,0,0,0,8055,0.195,264
L56747,L,26.650000000000034,37.950000000000045,1412,42.5,181,0,0,0,0,0,0,0,8145,0.23351648351648352,182
L56748,L,26.650000000000034,37.950000000000045,1588,38.0,183,0,0,0,0,0,0,1,8235,0.20652173913043478,198
M24429,M,26.650000000000034,37.85000000000002,1948,20.0,185,0,0,0,0,0,0,0,8325,0.10752688172043011,345
L56750,L,26.55000000000001,37.75,1384,48.2,188,0,0,0,0,0,0,0,8460,0.25502645502645505,153
L56751,L,26.55000000000001,37.650000000000034,1589,36.0,190,0,0,0,0,0,0,1,8550,0.18848167539267016,272
M24432,M,26.55000000000001,37.650000000000034,1405,47.6,192,0,0,0,0,0,0,1,8640,0.24663212435233162,325
L56753,L,26.55000000000001,37.75,1491,40.1,195,0,0,0,0,0,0,1,8775,0.2045918367346939,165
H38988,H,26.55000000000001,37.650000000000034,1418,46.6,197,0,0,0,0,0,0,1,8865,0.23535353535353537,324
M24435,M,26.450000000000045,37.650000000000034,1603,35.4,202,0,0,0,0,0,0,1,9090,0.17438423645320197,175
L56756,L,26.450000000000045,37.55000000000001,1922,23.3,205,1,1,0,0,0,0,6,9225,0.11310679611650486,51
M24437,M,26.350000000000023,37.55000000000001,1364,49.5,0,0,0,0,0,0,0,0,0,49.5,186
L56758,L,26.25,37.55000000000001,1551,41.2,3,0,0,0,0,0,0,1,135,10.3,299
L56759,L,26.350000000000023,37.55000000000001,1589,33.5,5,0,0,0,0,0,0,1,225,5.583333333333333,156
M24440,M,26.350000000000023,37.55000000000001,1423,56.5,7,0,0,0,0,0,0,0,315,7.0625,319
L56761,L,26.25,37.450000000000045,1418,53.1,10,0,0,0,0,0,0,0,450,4.827272727272727,179
M24442,M,26.150000000000034,37.35000000000002,1404,47.5,12,0,0,0,0,0,0,0,540,3.6538461538461537,223
L56763,L,26.150000000000034,37.35000000000002,1281,59.8,15,0,0,0,0,0,0,0,675,3.7375,270
L56764,L,26.150000000000034,37.35000000000002,1529,41.3,17,0,0,0,0,0,0,0,765,2.2944444444444443,356
M24445,M,26.150000000000034,37.35000000000002,1563,42.1,19,0,0,0,0,0,0,0,855,2.105,155
L56766,L,26.25,37.450000000000045,1348,54.5,22,0,0,0,0,0,0,1,990,2.369565217391304,173
M24447,M,26.150000000000034,37.35000000000002,1462,40.5,24,0,0,0,0,0,0,0,1080,1.62,343
H39002,H,26.150000000000034,37.25,1510,45.5,27,0,0,0,0,0,0,0,1215,1.625,317
L56769,L,26.05000000000001,37.25,1472,43.3,32,0,0,0,0,0,0,0,1440,1.312121212121212,270
M24450,M,26.05000000000001,37.25,1325,52.0,34,0,0,0,0,0,0,0,1530,1.4857142857142858,292
L56771,L,26.05000000000001,37.25,1570,37.3,37,0,0,0,0,0,0,1,1665,0.981578947368421,330
L56772,L,26.05000000000001,37.25,1379,46.8,39,0,0,0,0,0,0,0,1755,1.17,234
L56773,L,25.950000000000045,37.05000000000001,1352,52.8,41,0,0,0,0,0,0,0,1845,1.2571428571428571,359
L56774,L,25.950000000000045,37.150000000000034,1727,28.7,43,0,0,0,0,0,0,1,1935,0.6522727272727272,282
H39009,H,25.850000000000023,36.950000000000045,1432,50.0,45,0,0,0,0,0,0,1,2025,1.0869565217391304,238
L56776,L,25.75,36.950000000000045,1466,43.4,50,0,0,0,0,0,0,1,2250,0.8509803921568627,185
L56777,L,25.75,36.950000000000045,1510,38.0,52,0,0,0,0,0,0,0,2340,0.7169811320754716,351
L56778,L,25.850000000000023,37.05000000000001,1490,41.1,54,0,0,0,0,0,0,1,2430,0.7472727272727273,323
L56779,L,25.850000000000023,36.950000000000045,1463,37.4,56,0,0,0,0,0,0,1,2520,0.6561403508771929,300
M24460,M,25.75,36.85000000000002,1561,45.3,58,0,0,0,0,0,0,1,2610,0.7677966101694915,237
L56781,L,25.75,36.950000000000045,2109,18.0,61,0,0,0,0,0,0,0,2745,0.2903225806451613,194
L56782,L,25.75,37.05000000000001,1705,32.5,63,0,0,0,0,0,0,0,2835,0.5078125,159
M24463,M,25.75,36.950000000000045,1549,40.2,65,0,0,0,0,0,0,1,2925,0.6090909090909091,203
H39018,H,25.850000000000023,37.05000000000001,1637,38.0,68,0,0,0,0,0,0,0,3060,0.5507246376811594,219
M24465,M,25.75,36.950000000000045,1484,37.9,73,0,0,0,0,0,0,0,3285,0.5121621621621621,354
L56786,L,25.75,36.950000000000045,1401,44.4,76,0,0,0,0,0,0,0,3420,0.5766233766233766,234
L56787,L,25.75,36.950000000000045,1571,36.8,78,0,0,0,0,0,0,0,3510,0.46582278481012657,181
M24468,M,25.75,36.950000000000045,1513,41.5,80,0,0,0,0,0,0,0,3600,0.5123456790123457,192
L56789,L,25.850000000000023,36.950000000000045,1470,40.3,83,0,0,0,0,0,0,1,3735,0.4797619047619047,267
L56790,L,25.850000000000023,36.950000000000045,1505,41.3,85,0,0,0,0,0,0,1,3825,0.48023255813953486,270
L56791,L,25.850000000000023,37.05000000000001,1432,42.2,87,0,0,0,0,0,0,1,3915,0.47954545454545455,164
M24472,M,25.850000000000023,37.05000000000001,1625,31.8,89,0,0,0,0,0,0,1,4005,0.35333333333333333,215
L56793,L,25.850000000000023,37.05000000000001,1377,62.5,92,1,0,0,1,0,0,2,4140,0.6720430107526881,5
M24474,M,25.950000000000045,37.150000000000034,1441,43.9,94,0,0,0,0,0,0,1,4230,0.46210526315789474,264
M24475,M,25.850000000000023,37.05000000000001,1564,39.9,97,0,0,0,0,0,0,1,4365,0.40714285714285714,230
L56796,L,25.75,36.950000000000045,1580,37.3,100,0,0,0,0,0,0,0,4500,0.3693069306930693,169
L56797,L,25.850000000000023,37.05000000000001,1516,35.3,102,0,0,0,0,0,0,0,4590,0.34271844660194173,327
L56798,L,25.850000000000023,36.950000000000045,1447,42.8,104,0,0,0,0,0,0,0,4680,0.4076190476190476,155
M24479,M,25.75,36.85000000000002,1323,52.9,106,0,0,0,0,0,0,0,4770,0.49439252336448597,228
L56800,L,25.75,36.85000000000002,1470,45.9,109,0,0,0,0,0,0,1,4905,0.41727272727272724,274
M24481,M,25.850000000000023,36.85000000000002,2049,19.5,111,0,0,0,0,0,0,0,4995,0.17410714285714285,294
L56802,L,25.75,36.85000000000002,1794,27.2,114,0,0,0,0,0,0,0,5130,0.23652173913043478,269
L56803,L,25.75,36.950000000000045,1356,47.8,116,0,0,0,0,0,0,0,5220,0.40854700854700854,175
H39038,H,25.850000000000023,36.950000000000045,1555,38.6,118,0,0,0,0,0,0,0,5310,0.3243697478991597,171
M24485,M,25.850000000000023,36.950000000000045,1487,47.5,123,0,0,0,0,0,0,0,5535,0.38306451612903225,350
M24486,M,25.850000000000023,36.85000000000002,1341,58.9,126,0,0,0,0,0,0,0,5670,0.4637795275590551,213
M24487,M,25.75,36.85000000000002,1487,36.6,129,0,0,0,0,0,0,1,5805,0.28153846153846157,353
H39042,H,25.850000000000023,36.85000000000002,1569,34.3,132,0,0,0,0,0,0,1,5940,0.25789473684210523,363
H39043,H,25.850000000000023,36.950000000000045,2053,19.7,137,0,0,0,0,0,0,1,6165,0.1427536231884058,207
L56810,L,25.850000000000023,36.950000000000045,1583,35.8,142,0,0,0,0,0,0,0,6390,0.25034965034965034,364
L56811,L,25.850000000000023,36.85000000000002,1672,33.2,144,0,0,0,0,0,0,0,6480,0.22896551724137934,186
M24492,M,25.850000000000023,36.85000000000002,1337,57.4,146,0,0,0,0,0,0,1,6570,0.3904761904761905,227
H39047,H,25.950000000000045,36.950000000000045,1421,41.2,149,0,0,0,0,0,0,1,6705,0.27466666666666667,349
L56814,L,25.950000000000045,37.05000000000001,1425,52.7,154,0,0,0,0,0,0,1,6930,0.34,270
L56815,L,26.05000000000001,37.05000000000001,1609,33.2,156,0,0,0,0,0,0,1,7020,0.21146496815286625,177
L56816,L,26.05000000000001,37.150000000000034,1507,41.3,158,0,0,0,0,0,0,0,7110,0.259748427672956,363
L56817,L,26.05000000000001,37.150000000000034,1463,38.9,160,0,0,0,0,0,0,1,7200,0.24161490683229814,198
H39052,H,26.150000000000034,37.25,1393,44.9,162,0,0,0,0,0,0,0,7290,0.27546012269938647,350
L56819,L,26.150000000000034,37.25,1725,26.8,167,0,0,0,0,0,0,0,7515,0.15952380952380954,216
L56820,L,26.25,37.35000000000002,1514,36.1,169,0,0,0,0,0,0,0,7605,0.2123529411764706,252
L56821,L,26.150000000000034,37.25,1365,53.9,171,0,0,0,0,0,0,1,7695,0.3133720930232558,275
L56822,L,26.25,37.35000000000002,1372,46.3,173,0,0,0,0,0,0,1,7785,0.26609195402298846,353
L56823,L,26.25,37.25,1509,40.6,175,0,0,0,0,0,0,1,7875,0.23068181818181818,242
L56824,L,26.150000000000034,37.25,1629,32.6,177,0,0,0,0,0,0,0,7965,0.18314606741573033,344
L56825,L,26.25,37.35000000000002,1749,28.1,179,0,0,0,0,0,0,0,8055,0.15611111111111112,318
L56826,L,26.25,37.25,1582,31.7,181,0,0,0,0,0,0,1,8145,0.17417582417582417,323
L56827,L,26.05000000000001,37.05000000000001,1458,47.0,183,0,0,0,0,0,0,0,8235,0.2554347826086957,236
L56828,L,25.950000000000045,36.950000000000045,1416,41.2,185,0,0,0,0,0,0,1,8325,0.22150537634408604,236
H39063,H,25.950000000000045,36.85000000000002,1657,33.1,187,0,0,0,0,0,0,0,8415,0.17606382978723406,204
M24510,M,25.950000000000045,36.85000000000002,1437,41.1,192,0,0,0,0,0,0,0,8640,0.21295336787564767,359
M24511,M,25.950000000000045,36.85000000000002,1580,36.0,195,0,0,0,0,0,0,0,8775,0.1836734693877551,288
M24512,M,25.850000000000023,36.85000000000002,1488,46.3,198,0,0,0,0,0,0,0,8910,0.23266331658291456,303
L56833,L,25.850000000000023,36.75,1373,55.7,201,1,0,0,0,1,0,6,9045,0.27574257425742577,5
L56834,L,25.950000000000045,36.85000000000002,1367,56.3,203,1,0,0,0,1,0,6,9135,0.2759803921568627,37
H39069,H,25.950000000000045,36.85000000000002,1431,49.5,205,0,0,0,0,0,0,0,9225,0.24029126213592233,162
L56836,L,25.850000000000023,36.950000000000045,1623,33.0,210,0,0,0,0,0,0,1,9450,0.15639810426540285,313
L56837,L,25.850000000000023,36.85000000000002,1484,39.6,212,0,0,0,0,0,0,0,9540,0.18591549295774648,277
L56838,L,25.850000000000023,36.75,1548,34.5,214,0,0,0,0,0,0,0,9630,0.16046511627906976,213
L56839,L,25.75,36.650000000000034,1287,61.9,216,1,0,0,0,1,0,5,9720,0.28525345622119813,47
M24520,M,25.75,36.650000000000034,1392,43.1,218,0,0,0,0,0,0,1,9810,0.19680365296803654,225
H39075,H,25.850000000000023,36.85000000000002,1458,44.9,221,0,0,0,0,0,0,1,9945,0.20225225225225224,171
M24522,M,25.950000000000045,36.950000000000045,1570,30.9,226,0,0,0,0,0,0,1,10170,0.13612334801762113,209
L56843,L,25.950000000000045,36.950000000000045,1435,48.8,229,1,0,0,0,1,0,3,10305,0.21217391304347824,20
L56844,L,25.950000000000045,37.05000000000001,1317,54.8,231,1,0,0,0,1,0,4,10395,0.23620689655172414,20
L56845,L,26.05000000000001,37.150000000000034,1610,33.3,233,0,0,0,0,0,0,1,10485,0.1423076923076923,317
M24526,M,25.950000000000045,37.150000000000034,1838,24.0,235,0,0,0,0,0,0,0,10575,0.1016949152542373,305
L56847,L,26.05000000000001,37.150000000000034,1352,48.9,238,1,0,0,0,1,0,5,10710,0.20460251046025105,56
L56848,L,25.950000000000045,37.150000000000034,1619,35.2,240,0,0,0,0,0,0,0,10800,0.14605809128630706,246
L56849,L,25.950000000000045,37.150000000000034,1619,31.1,242,0,0,0,0,0,0,0,10890,0.1279835390946502,152
L56850,L,25.850000000000023,37.05000000000001,1690,30.7,244,0,0,0,0,0,0,0,10980,0.1253061224489796,340
L56851,L,25.850000000000023,37.05000000000001,1412,44.1,246,0,0,0,0,0,0,0,11070,0.1785425101214575,300
H39086,H,25.850000000000023,37.05000000000001,1744,31.5,0,0,0,0,0,0,0,0,0,31.5,204
M24533,M,25.850000000000023,36.950000000000045,1593,35.4,5,0,0,0,0,0,0,1,225,5.8999999999999995,309
L56854,L,25.950000000000045,37.05000000000001,1695,29.6,8,0,0,0,0,0,0,0,360,3.288888888888889,233
M24535,M,25.850000000000023,37.05000000000001,1298,57.2,10,0,0,0,0,0,0,0,450,5.2,177
L56856,L,25.850000000000023,36.950000000000045,1886,21.2,13,0,0,0,0,0,0,0,585,1.5142857142857142,273
L56857,L,25.850000000000023,36.950000000000045,2033,19.3,15,0,0,0,0,0,0,0,675,1.20625,157
M24538,M,25.950000000000045,37.05000000000001,1711,28.1,17,0,0,0,0,0,0,0,765,1.5611111111111111,152
L56859,L,25.950000000000045,37.05000000000001,1598,33.4,20,0,0,0,0,0,0,1,900,1.5904761904761904,243
L56860,L,25.950000000000045,36.950000000000045,1894,24.2,22,0,0,0,0,0,0,0,990,1.0521739130434782,238
M24541,M,25.950000000000045,36.950000000000045,1412,44.4,24,0,0,0,0,0,0,1,1080,1.776,330
L56862,L,25.950000000000045,36.85000000000002,1394,46.6,27,0,0,0,0,0,0,0,1215,1.6642857142857144,306
M24543,M,25.850000000000023,36.85000000000002,1338,56.4,29,0,0,0,0,0,0,0,1305,1.88,243
H39098,H,25.75,36.75,1376,51.0,32,0,0,0,0,0,0,1,1440,1.5454545454545454,238
L56865,L,25.850000000000023,36.85000000000002,1360,48.1,37,0,0,0,0,0,0,0,1665,1.2657894736842106,358
L56866,L,25.950000000000045,36.950000000000045,1486,40.7,39,0,0,0,0,0,0,0,1755,1.0175,208
M24547,M,25.950000000000045,36.950000000000045,1649,31.6,41,0,0,0,0,0,0,1,1845,0.7523809523809524,301
L56868,L,25.950000000000045,36.950000000000045,1367,45.6,44,0,0,0,0,0,0,0,1980,1.0133333333333334,315
L56869,L,25.850000000000023,36.950000000000045,1362,59.5,46,0,0,0,0,0,0,1,2070,1.2659574468085106,177
M24550,M,25.75,36.85000000000002,1520,35.6,48,0,0,0,0,0,0,1,2160,0.726530612244898,211
L56871,L,25.850000000000023,36.85000000000002,1582,31.9,51,0,0,0,0,0,0,1,2295,0.6134615384615384,200
M24552,M,25.850000000000023,36.85000000000002,1667,30.0,53,0,0,0,0,0,0,0,2385,0.5555555555555556,156
L56873,L,25.75,36.85000000000002,1693,28.8,56,0,0,0,0,0,0,0,2520,0.5052631578947369,172
L56874,L,25.75,36.85000000000002,1559,33.4,58,0,0,0,0,0,0,1,2610,0.5661016949152542,195
L56875,L,25.75,36.75,1592,32.0,60,0,0,0,0,0,0,0,2700,0.5245901639344263,227
L56876,L,25.75,36.75,1404,39.8,62,0,0,0,0,0,0,1,2790,0.6317460317460317,255
M24557,M,25.650000000000034,36.650000000000034,1413,45.5,64,0,0,0,0,0,0,0,2880,0.7,177
L56878,L,25.650000000000034,36.650000000000034,1663,28.2,67,0,0,0,0,0,0,1,3015,0.41470588235294115,173
L56879,L,25.650000000000034,36.650000000000034,1508,36.3,69,0,0,0,0,0,0,0,3105,0.5185714285714286,156
M24560,M,25.75,36.650000000000034,1353,53.7,71,0,0,0,0,0,0,1,3195,0.7458333333333333,261
L56881,L,25.650000000000034,36.650000000000034,1485,42.4,74,0,0,0,0,0,0,0,3330,0.5653333333333334,228
L56882,L,25.75,36.85000000000002,1633,31.2,76,0,0,0,0,0,0,1,3420,0.40519480519480516,326
L56883,L,25.75,36.85000000000002,1422,43.6,78,0,0,0,0,0,0,0,3510,0.5518987341772152,152
L56884,L,25.75,36.950000000000045,1577,41.4,80,0,0,0,0,0,0,1,3600,0.5111111111111111,151
L56885,L,25.75,36.85000000000002,1482,41.1,82,0,0,0,0,0,0,0,3690,0.4951807228915663,156
M24566,M,25.850000000000023,36.950000000000045,1705,30.1,84,0,0,0,0,0,0,0,3780,0.35411764705882354,270
L56887,L,25.850000000000023,36.950000000000045,1699,32.9,87,0,0,0,0,0,0,1,3915,0.37386363636363634,357
L56888,L,25.850000000000023,36.950000000000045,1664,29.7,89,0,0,0,0,0,0,0,4005,0.33,170
M24569,M,25.850000000000023,36.85000000000002,1486,34.6,91,0,0,0,0,0,0,0,4095,0.3760869565217391,286
L56890,L,25.950000000000045,36.950000000000045,1336,61.3,94,0,0,0,0,0,0,0,4230,0.6452631578947368,289
H39125,H,25.950000000000045,36.950000000000045,1429,42.9,96,0,0,0,0,0,0,0,4320,0.4422680412371134,173
M24572,M,25.950000000000045,37.05000000000001,1456,48.4,101,0,0,0,0,0,0,1,4545,0.4745098039215686,182
L56893,L,25.950000000000045,37.05000000000001,1496,45.0,104,0,0,0,0,0,0,0,4680,0.42857142857142855,355
L56894,L,25.950000000000045,36.950000000000045,1894,20.1,106,0,0,0,0,0,0,0,4770,0.18785046728971963,192
L56895,L,25.950000000000045,36.950000000000045,1373,55.6,108,0,0,0,0,0,0,1,4860,0.5100917431192661,231
H39130,H,25.850000000000023,36.85000000000002,1387,45.2,110,0,0,0,0,0,0,0,4950,0.4072072072072072,267
L56897,L,25.75,36.75,1500,44.2,115,0,0,0,0,0,0,1,5175,0.38103448275862073,154
L56898,L,25.75,36.75,1517,36.6,117,0,0,0,0,0,0,0,5265,0.3101694915254237,356
L56899,L,25.75,36.75,1309,56.2,119,0,0,0,0,0,0,1,5355,0.4683333333333334,272
M24580,M,25.75,36.75,1357,54.5,121,0,0,0,0,0,0,0,5445,0.44672131147540983,220
L56901,L,25.650000000000034,36.650000000000034,1490,40.6,124,0,0,0,0,0,0,1,5580,0.32480000000000003,238
H39136,H,25.650000000000034,36.650000000000034,1911,21.6,126,0,0,0,0,0,0,1,5670,0.1700787401574803,291
L56903,L,25.650000000000034,36.650000000000034,1599,33.6,131,0,0,0,0,0,0,1,5895,0.2545454545454546,265
M24584,M,25.650000000000034,36.55000000000001,2098,19.0,133,0,0,0,0,0,0,0,5985,0.1417910447761194,313
M24585,M,25.55000000000001,36.55000000000001,1629,27.9,136,0,0,0,0,0,0,1,6120,0.20364963503649633,184
L56906,L,25.650000000000034,36.650000000000034,1557,37.2,139,0,0,0,0,0,0,0,6255,0.26571428571428574,257
L56907,L,25.650000000000034,36.650000000000034,1461,39.4,141,0,0,0,0,0,0,1,6345,0.27746478873239433,327
L56908,L,25.650000000000034,36.650000000000034,1563,33.7,143,0,0,0,0,0,0,1,6435,0.2340277777777778,228
L56909,L,25.55000000000001,36.650000000000034,1695,29.0,145,0,0,0,0,0,0,1,6525,0.19863013698630136,160
L56910,L,25.650000000000034,36.85000000000002,1528,36.7,147,0,0,0,0,0,0,0,6615,0.247972972972973,301
L56911,L,25.650000000000034,36.85000000000002,1389,49.6,149,0,0,0,0,0,0,0,6705,0.33066666666666666,224
L56912,L,25.75,36.85000000000002,2231,17.4,151,0,0,0,0,0,0,1,6795,0.11447368421052631,193
M24593,M,25.75,36.950000000000045,1442,42.9,153,0,0,0,0,0,0,1,6885,0.2785714285714286,328
H39148,H,25.75,36.950000000000045,1458,44.3,156,0,0,0,0,0,0,1,7020,0.2821656050955414,294
L56915,L,25.850000000000023,36.950000000000045,1444,47.7,161,0,0,0,0,0,0,1,7245,0.29444444444444445,274
M24596,M,25.75,36.85000000000002,1348,58.2,163,0,0,0,0,0,0,1,7335,0.35487804878048784,347
L56917,L,25.75,36.85000000000002,1791,27.6,166,0,0,0,0,0,0,1,7470,0.16526946107784432,234
L56918,L,25.850000000000023,36.85000000000002,1509,38.0,168,0,0,0,0,0,0,1,7560,0.22485207100591717,157
L56919,L,25.75,36.85000000000002,1515,42.9,170,0,0,0,0,0,0,1,7650,0.25087719298245614,228
M24600,M,25.75,36.950000000000045,1655,31.5,172,0,0,0,0,0,0,0,7740,0.18208092485549132,267
L56921,L,25.75,36.950000000000045,1495,42.9,175,0,0,0,0,0,0,1,7875,0.24375,271
L56922,L,25.75,37.05000000000001,1623,37.2,177,0,0,0,0,0,0,0,7965,0.20898876404494385,223
L56923,L,25.75,37.05000000000001,1562,42.5,179,0,0,0,0,0,0,1,8055,0.2361111111111111,177
L56924,L,25.650000000000034,36.950000000000045,1574,36.2,181,0,0,0,0,0,0,0,8145,0.19890109890109892,356
L56925,L,25.650000000000034,36.85000000000002,1611,32.4,183,0,0,0,0,0,0,0,8235,0.1760869565217391,289
L56926,L,25.650000000000034,36.85000000000002,1403,45.6,185,0,0,0,0,0,0,1,8325,0.24516129032258066,320
L56927,L,25.650000000000034,36.950000000000045,1481,47.4,187,0,0,0,0,0,0,0,8415,0.2521276595744681,359
M24608,M,25.75,36.950000000000045,1441,41.2,189,0,0,0,0,0,0,0,8505,0.21684210526315792,269
H39163,H,25.650000000000034,36.950000000000045,1483,45.4,192,0,0,0,0,0,0,1,8640,0.23523316062176164,314
L56930,L,25.55000000000001,36.85000000000002,1555,32.6,197,0,0,0,0,0,0,1,8865,0.16464646464646465,257
L56931,L,25.450000000000045,36.75,1615,28.8,199,0,0,0,0,0,0,1,8955,0.14400000000000002,276
L56932,L,25.450000000000045,36.650000000000034,1561,32.6,201,0,0,0,0,0,0,0,9045,0.1613861386138614,212
L56933,L,25.350000000000023,36.650000000000034,1593,35.1,203,0,0,0,0,0,0,1,9135,0.17205882352941176,250
M24614,M,25.350000000000023,36.55000000000001,1552,34.0,205,0,0,0,0,0,0,0,9225,0.1650485436893204,242
H39169,H,25.350000000000023,36.55000000000001,1561,35.3,208,0,0,0,0,0,0,1,9360,0.16889952153110047,212
L56936,L,25.450000000000045,36.650000000000034,1597,35.9,213,0,0,0,0,0,0,1,9585,0.16775700934579438,159
M24617,M,25.450000000000045,36.75,1517,34.0,215,0,0,0,0,0,0,0,9675,0.1574074074074074,355
L56938,L,25.450000000000045,36.650000000000034,2271,16.2,218,1,1,0,0,0,0,3,9810,0.07397260273972603,38
L56939,L,25.350000000000023,36.55000000000001,1613,36.7,0,0,0,0,0,0,0,0,0,36.7,186
M24620,M,25.350000000000023,36.450000000000045,1509,47.3,2,0,0,0,0,0,0,1,90,15.766666666666666,160
L56941,L,25.450000000000045,36.55000000000001,1703,26.1,5,0,0,0,0,0,0,1,225,4.3500000000000005,264
L56942,L,25.450000000000045,36.55000000000001,1925,22.1,7,0,0,0,0,0,0,1,315,2.7625,239
M24623,M,25.450000000000045,36.450000000000045,1635,29.7,9,0,0,0,0,0,0,0,405,2.9699999999999998,168
L56944,L,25.350000000000023,36.35000000000002,1294,66.7,12,1,0,0,1,0,0,2,540,5.130769230769231,57
L56945,L,25.450000000000045,36.450000000000045,1472,39.1,14,0,0,0,0,0,0,0,630,2.606666666666667,267
H39180,H,25.450000000000045,36.450000000000045,1449,42.5,16,0,0,0,0,0,0,0,720,2.5,167
L56947,L,25.450000000000045,36.450000000000045,1563,35.0,21,0,0,0,0,0,0,1,945,1.5909090909090908,243
L56948,L,25.450000000000045,36.450000000000045,1611,35.7,23,0,0,0,0,0,0,0,1035,1.4875,181
L56949,L,25.450000000000045,36.450000000000045,1386,48.6,25,0,0,0,0,0,0,0,1125,1.8692307692307693,300
H39184,H,25.450000000000045,36.35000000000002,1584,31.8,27,0,0,0,0,0,0,1,1215,1.1357142857142857,289
M24631,M,25.55000000000001,36.450000000000045,1424,50.4,32,0,0,0,0,0,0,1,1440,1.5272727272727273,207
L56952,L,25.350000000000023,36.35000000000002,1561,34.8,35,0,0,0,0,0,0,0,1575,0.9666666666666666,354
L56953,L,25.350000000000023,36.25,1560,37.9,37,0,0,0,0,0,0,0,1665,0.9973684210526316,170
H39188,H,25.450000000000045,36.35000000000002,1375,41.0,39,0,0,0,0,0,0,0,1755,1.025,298
M24635,M,25.450000000000045,36.35000000000002,1684,27.8,44,0,0,0,0,0,0,0,1980,0.6177777777777778,178
M24636,M,25.450000000000045,36.450000000000045,1397,54.1,47,0,0,0,0,0,0,0,2115,1.1270833333333334,356
L56957,L,25.450000000000045,36.450000000000045,1387,57.6,50,0,0,0,0,0,0,0,2250,1.1294117647058823,196
H39192,H,25.55000000000001,36.55000000000001,1311,54.5,52,0,0,0,0,0,0,1,2340,1.028301886792453,289
L56959,L,25.650000000000034,36.650000000000034,1509,36.2,57,0,0,0,0,0,0,1,2565,0.6241379310344828,207
M24640,M,25.650000000000034,36.650000000000034,1477,46.7,59,0,0,0,0,0,0,1,2655,0.7783333333333334,318
L56961,L,25.650000000000034,36.75,1441,41.6,62,0,0,0,0,0,0,1,2790,0.6603174603174603,168
L56962,L,25.55000000000001,36.75,1404,47.1,64,0,0,0,0,0,0,0,2880,0.7246153846153847,289
H39197,H,25.650000000000034,36.75,1466,44.6,66,0,0,0,0,0,0,0,2970,0.6656716417910448,172
M24644,M,25.55000000000001,36.650000000000034,1435,48.8,71,0,0,0,0,0,0,0,3195,0.6777777777777777,282
H39199,H,25.55000000000001,36.55000000000001,1697,29.8,74,0,0,0,0,0,0,0,3330,0.3973333333333333,271
M24646,M,25.55000000000001,36.450000000000045,1738,27.3,79,0,0,0,0,0,0,1,3555,0.34125,303
H39201,H,25.450000000000045,36.35000000000002,1420,50.4,82,0,0,0,0,0,0,0,3690,0.6072289156626506,266
M24648,M,25.350000000000023,36.35000000000002,1535,39.8,87,0,0,0,0,0,0,0,3915,0.4522727272727272,212
L56969,L,25.450000000000045,36.450000000000045,1715,28.4,90,0,0,0,0,0,0,0,4050,0.3120879120879121,201
L56970,L,25.450000000000045,36.35000000000002,1483,43.2,92,0,0,0,0,0,0,0,4140,0.4645161290322581,159
M24651,M,25.350000000000023,36.25,1521,37.5,94,0,0,0,0,0,0,1,4230,0.39473684210526316,235
H39206,H,25.350000000000023,36.25,1573,36.0,97,0,0,0,0,0,0,0,4365,0.3673469387755102,316
H39207,H,25.350000000000023,36.25,1414,46.7,102,0,0,0,0,0,0,1,4590,0.45339805825242724,300
L56974,L,25.350000000000023,36.150000000000034,1590,33.9,107,0,0,0,0,0,0,0,4815,0.3138888888888889,160
L56975,L,25.350000000000023,36.150000000000034,1623,33.1,109,0,0,0,0,0,0,0,4905,0.3009090909090909,244
H39210,H,25.25,36.150000000000034,1694,30.9,111,0,0,0,0,0,0,0,4995,0.2758928571428571,221
M24657,M,25.25,36.05000000000001,1597,33.5,116,0,0,0,0,0,0,1,5220,0.2863247863247863,277
L56978,L,25.350000000000023,36.150000000000034,1471,44.7,119,0,0,0,0,0,0,0,5355,0.3725,197
M24659,M,25.350000000000023,36.150000000000034,1551,34.7,121,0,0,0,0,0,0,0,5445,0.28442622950819674,241
H39214,H,25.350000000000023,36.150000000000034,1421,50.3,124,0,0,0,0,0,0,0,5580,0.4024,165
M24661,M,25.25,36.150000000000034,1496,45.6,129,0,0,0,0,0,0,1,5805,0.3507692307692308,323
H39216,H,25.25,36.150000000000034,1984,19.2,132,0,0,0,0,0,0,1,5940,0.14436090225563908,324
L56983,L,25.25,36.05000000000001,1692,29.8,137,0,0,0,0,0,0,0,6165,0.21594202898550724,244
L56984,L,25.25,35.950000000000045,1467,42.5,139,0,0,0,0,0,0,1,6255,0.30357142857142855,197
L56985,L,25.25,36.05000000000001,1651,28.5,141,0,0,0,0,0,0,0,6345,0.2007042253521127,357
L56986,L,25.150000000000034,35.950000000000045,1417,60.5,143,0,0,0,0,0,0,0,6435,0.4201388888888889,346
L56987,L,25.05000000000001,35.85000000000002,1413,55.0,145,0,0,0,0,0,0,1,6525,0.3767123287671233,302
M24668,M,25.05000000000001,35.85000000000002,1441,44.2,147,0,0,0,0,0,0,0,6615,0.29864864864864865,226
M24669,M,25.05000000000001,35.85000000000002,1353,50.3,150,0,0,0,0,0,0,0,6750,0.33311258278145695,242
L56990,L,24.950000000000045,35.85000000000002,1502,40.9,153,0,0,0,0,0,0,1,6885,0.2655844155844156,253
L56991,L,25.05000000000001,35.85000000000002,1610,31.7,155,0,0,0,0,0,0,1,6975,0.2032051282051282,230
M24672,M,25.05000000000001,35.950000000000045,1411,45.8,157,0,0,0,0,0,0,1,7065,0.289873417721519,186
L56993,L,25.150000000000034,35.950000000000045,1387,52.3,160,0,0,0,0,0,0,1,7200,0.3248447204968944,251
H39228,H,25.150000000000034,35.950000000000045,1430,40.9,162,0,0,0,0,0,0,0,7290,0.250920245398773,340
M24675,M,25.25,35.950000000000045,1576,38.8,167,0,0,0,0,0,0,0,7515,0.23095238095238094,178
M24676,M,25.350000000000023,36.05000000000001,1721,29.4,170,0,0,0,0,0,0,0,7650,0.1719298245614035,207
M24677,M,25.350000000000023,36.150000000000034,1465,42.4,173,0,0,0,0,0,0,0,7785,0.24367816091954023,243
M24678,M,25.450000000000045,36.25,1407,45.1,176,0,0,0,0,0,0,0,7920,0.25480225988700567,308
M24679,M,25.450000000000045,36.25,1464,36.9,179,0,0,0,0,0,0,0,8055,0.205,235
M24680,M,25.450000000000045,36.35000000000002,1568,36.7,182,0,0,0,0,0,0,0,8190,0.20054644808743172,259
L57001,L,25.450000000000045,36.25,1667,35.6,185,0,0,0,0,0,0,0,8325,0.1913978494623656,345
L57002,L,25.350000000000023,36.25,1360,60.9,187,1,0,0,0,1,0,3,8415,0.32393617021276594,58
M24683,M,25.350000000000023,36.150000000000034,1488,43.7,189,0,0,0,0,0,0,0,8505,0.23,327
L57004,L,25.25,36.150000000000034,1504,39.3,192,0,0,0,0,0,0,0,8640,0.20362694300518133,193
L57005,L,25.25,36.05000000000001,1610,32.4,194,0,0,0,0,0,0,0,8730,0.16615384615384615,286
L57006,L,25.25,36.05000000000001,1345,52.7,196,0,0,0,0,0,0,0,8820,0.26751269035533,336
M24687,M,25.150000000000034,36.150000000000034,1376,57.0,198,0,0,0,0,0,0,0,8910,0.2864321608040201,239
L57008,L,25.25,36.25,1385,50.0,201,0,0,0,0,0,0,1,9045,0.24752475247524752,304
M24689,M,25.25,36.25,1429,41.8,203,0,0,0,0,0,0,1,9135,0.20490196078431372,359
L57010,L,25.150000000000034,36.150000000000034,1337,56.1,206,1,0,0,0,1,0,6,9270,0.2710144927536232,23
L57011,L,25.25,36.150000000000034,1542,35.4,208,0,0,0,0,0,0,0,9360,0.16937799043062202,208
L57012,L,25.25,36.05000000000001,2118,17.7,210,0,0,0,0,0,0,0,9450,0.08388625592417061,259
L57013,L,25.150000000000034,35.950000000000045,1386,45.3,212,0,0,0,0,0,0,0,9540,0.21267605633802816,255
M24694,M,25.150000000000034,35.950000000000045,1632,32.7,0,0,0,0,0,0,0,0,0,32.7,280
L57015,L,25.25,36.150000000000034,1545,36.9,3,0,0,0,0,0,0,1,135,9.225,156
M24696,M,25.25,36.150000000000034,1390,53.6,5,0,0,0,0,0,0,1,225,8.933333333333334,231
M24697,M,25.25,36.150000000000034,1355,50.6,8,0,0,0,0,0,0,0,360,5.622222222222223,165
L57018,L,25.25,36.05000000000001,1425,45.5,11,0,0,0,0,0,0,0,495,3.7916666666666665,198
M24699,M,25.25,36.05000000000001,1491,51.2,13,0,0,0,0,0,0,1,585,3.6571428571428575,270
H39254,H,25.150000000000034,36.05000000000001,1486,42.4,16,0,0,0,0,0,0,1,720,2.4941176470588236,181
M24701,M,25.150000000000034,36.05000000000001,1359,51.4,21,0,0,0,0,0,0,1,945,2.3363636363636364,238
L57022,L,25.25,36.150000000000034,1395,47.6,24,0,0,0,0,0,0,1,1080,1.9040000000000001,321
L57023,L,25.150000000000034,36.05000000000001,1383,52.1,26,0,0,0,0,0,0,1,1170,1.9296296296296296,168
H39258,H,25.150000000000034,35.950000000000045,1484,37.0,28,0,0,0,0,0,0,1,1260,1.2758620689655173,152
L57025,L,25.150000000000034,35.950000000000045,1421,47.4,33,0,0,0,0,0,0,1,1485,1.3941176470588235,271
L57026,L,25.150000000000034,35.85000000000002,1339,58.8,35,0,0,0,0,0,0,0,1575,1.6333333333333333,209
L57027,L,25.25,35.950000000000045,1362,46.1,37,0,0,0,0,0,0,0,1665,1.2131578947368422,312
H39262,H,25.350000000000023,36.05000000000001,1568,40.6,39,0,0,0,0,0,0,1,1755,1.0150000000000001,178
L57029,L,25.450000000000045,36.25,2312,15.5,44,0,0,0,0,0,0,0,1980,0.34444444444444444,224
M24710,M,25.350000000000023,36.150000000000034,1498,34.6,46,0,0,0,0,0,0,1,2070,0.7361702127659575,219
M24711,M,25.350000000000023,36.150000000000034,1761,27.2,49,0,0,0,0,0,0,0,2205,0.544,232
L57032,L,25.450000000000045,36.25,1316,51.4,52,0,0,0,0,0,0,1,2340,0.969811320754717,250
L57033,L,25.450000000000045,36.25,1525,37.8,54,0,0,0,0,0,0,0,2430,0.6872727272727273,322
H39268,H,25.450000000000045,36.25,1362,45.3,56,0,0,0,0,0,0,1,2520,0.7947368421052631,304
L57035,L,25.55000000000001,36.450000000000045,1516,38.5,61,0,0,0,0,0,0,0,2745,0.6209677419354839,346
L57036,L,25.450000000000045,36.35000000000002,1450,44.2,63,0,0,0,0,0,0,0,2835,0.690625,239
M24717,M,25.450000000000045,36.35000000000002,1366,55.0,65,0,0,0,0,0,0,1,2925,0.8333333333333334,312
L57038,L,25.350000000000023,36.35000000000002,1547,33.1,68,0,0,0,0,0,0,1,3060,0.4797101449275363,296
M24719,M,25.450000000000045,36.35000000000002,1580,33.9,70,0,0,0,0,0,0,1,3150,0.47746478873239434,166
H39274,H,25.55000000000001,36.450000000000045,1755,26.9,73,0,0,0,0,0,0,0,3285,0.3635135135135135,184
M24721,M,25.55000000000001,36.450000000000045,1800,24.8,78,0,0,0,0,0,0,0,3510,0.3139240506329114,262
M24722,M,25.650000000000034,36.55000000000001,1439,45.8,81,0,0,0,0,0,0,0,3645,0.5585365853658536,354
L57043,L,25.75,36.650000000000034,1411,56.3,84,0,0,0,0,0,0,0,3780,0.6623529411764706,355
M24724,M,25.75,36.75,1645,31.4,86,0,0,0,0,0,0,1,3870,0.36091954022988504,307
M24725,M,25.75,36.650000000000034,2450,13.9,89,0,0,0,0,0,0,1,4005,0.15444444444444444,271
L57046,L,25.850000000000023,36.75,1630,34.0,92,0,0,0,0,0,0,0,4140,0.3655913978494624,197
L57047,L,25.850000000000023,36.75,1411,44.7,94,0,0,0,0,0,0,1,4230,0.47052631578947374,334
L57048,L,25.75,36.75,1526,35.4,96,0,0,0,0,0,0,1,4320,0.3649484536082474,166
L57049,L,25.75,36.75,1590,31.3,98,0,0,0,0,0,0,1,4410,0.31616161616161614,250
H39284,H,25.850000000000023,36.75,1884,25.6,100,0,0,0,0,0,0,1,4500,0.25346534653465347,164
M24731,M,25.75,36.650000000000034,1947,21.7,105,0,0,0,0,0,0,0,4725,0.20471698113207545,277
L57052,L,25.75,36.75,1373,52.1,108,0,0,0,0,0,0,1,4860,0.4779816513761468,359
L57053,L,25.75,36.650000000000034,1616,36.5,110,0,0,0,0,0,0,1,4950,0.32882882882882886,261
M24734,M,25.75,36.75,1449,44.1,112,0,0,0,0,0,0,1,5040,0.39026548672566375,163
M24735,M,25.75,36.650000000000034,1363,50.6,115,0,0,0,0,0,0,0,5175,0.4362068965517242,291
H39290,H,25.650000000000034,36.55000000000001,1461,55.1,118,0,0,0,0,0,0,1,5310,0.46302521008403363,322
L57057,L,25.650000000000034,36.55000000000001,1374,58.6,123,0,0,0,0,0,0,0,5535,0.47258064516129034,246
L57058,L,25.55000000000001,36.55000000000001,1293,59.1,125,0,0,0,0,0,0,0,5625,0.46904761904761905,315
M24739,M,25.650000000000034,36.650000000000034,1490,38.6,127,0,0,0,0,0,0,1,5715,0.3015625,340
L57060,L,25.650000000000034,36.650000000000034,1753,27.5,130,0,0,0,0,0,0,1,5850,0.2099236641221374,268
L57061,L,25.650000000000034,36.650000000000034,1493,38.5,132,0,0,0,0,0,0,0,5940,0.2894736842105263,352
L57062,L,25.650000000000034,36.650000000000034,1895,22.0,134,0,0,0,0,0,0,0,6030,0.16296296296296298,160
H39297,H,25.55000000000001,36.450000000000045,1654,34.3,136,0,0,0,0,0,0,0,6120,0.2503649635036496,197
L57064,L,25.55000000000001,36.35000000000002,1673,30.8,141,0,0,0,0,0,0,0,6345,0.21690140845070424,303
L57065,L,25.650000000000034,36.450000000000045,1613,27.7,143,0,0,0,0,0,0,1,6435,0.1923611111111111,216
L57066,L,25.650000000000034,36.450000000000045,1903,22.3,145,0,0,0,0,0,0,0,6525,0.15273972602739727,174
L57067,L,25.650000000000034,36.35000000000002,1368,44.7,147,0,0,0,0,0,0,1,6615,0.30202702702702705,358
M24748,M,25.650000000000034,36.450000000000045,1575,34.4,149,0,0,0,0,0,0,1,6705,0.22933333333333333,338
H39303,H,25.650000000000034,36.450000000000045,1516,40.2,152,0,0,0,0,0,0,0,6840,0.2627450980392157,235
L57070,L,25.650000000000034,36.35000000000002,1645,32.8,157,0,0,0,0,0,0,1,7065,0.20759493670886073,259
L57071,L,25.650000000000034,36.35000000000002,1374,48.1,159,0,0,0,0,0,0,0,7155,0.30062500000000003,303
H39306,H,25.75,36.55000000000001,1407,48.6,161,0,0,0,0,0,0,0,7245,0.3,311
M24753,M,25.75,36.450000000000045,1284,55.3,166,0,0,0,0,0,0,0,7470,0.3311377245508982,239
L57074,L,25.75,36.35000000000002,1645,31.1,169,0,0,0,0,0,0,1,7605,0.18294117647058825,158
L57075,L,25.650000000000034,36.25,1387,54.1,171,0,0,0,0,0,0,1,7695,0.31453488372093025,189
M24756,M,25.650000000000034,36.150000000000034,1618,35.1,173,0,0,0,0,0,0,0,7785,0.2017241379310345,352
L57077,L,25.650000000000034,36.150000000000034,1357,47.1,176,0,0,0,0,0,0,1,7920,0.26610169491525426,156
L57078,L,25.55000000000001,36.05000000000001,1396,44.8,178,0,0,0,0,0,0,1,8010,0.2502793296089385,307
L57079,L,25.55000000000001,36.05000000000001,1586,31.4,180,0,0,0,0,0,0,1,8100,0.1734806629834254,267
H39314,H,25.55000000000001,36.05000000000001,1449,42.3,182,0,0,0,0,0,0,1,8190,0.23114754098360654,343
M24761,M,25.55000000000001,36.05000000000001,1423,48.9,187,0,0,0,0,0,0,1,8415,0.2601063829787234,307
H39316,H,25.55000000000001,36.150000000000034,1402,45.3,190,0,0,0,0,0,0,0,8550,0.23717277486910993,345
M24763,M,25.55000000000001,36.05000000000001,1437,45.7,195,0,0,0,0,0,0,1,8775,0.23316326530612247,207
L57084,L,25.450000000000045,35.950000000000045,1537,35.7,198,0,0,0,0,0,0,1,8910,0.17939698492462314,204
M24765,M,25.55000000000001,35.950000000000045,1423,49.5,200,0,0,0,0,0,0,0,9000,0.2462686567164179,163
M24766,M,25.450000000000045,35.950000000000045,1587,37.3,203,0,0,0,0,0,0,1,9135,0.18284313725490195,354
M24767,M,25.450000000000045,35.950000000000045,1487,43.2,206,0,0,0,0,0,0,1,9270,0.20869565217391306,267
L57088,L,25.450000000000045,35.85000000000002,1456,47.7,0,0,0,0,0,0,0,1,0,47.7,354
L57089,L,25.55000000000001,35.950000000000045,1607,32.7,2,0,0,0,0,0,0,0,90,10.9,226
L57090,L,25.450000000000045,35.85000000000002,1469,46.0,4,0,0,0,0,0,0,1,180,9.2,314
M24771,M,25.450000000000045,35.85000000000002,1481,40.8,6,0,0,0,0,0,0,1,270,5.828571428571428,273
L57092,L,25.450000000000045,35.75,1327,58.8,9,0,0,0,0,0,0,0,405,5.88,321
L57093,L,25.350000000000023,35.650000000000034,1589,30.6,11,0,0,0,0,0,0,0,495,2.5500000000000003,283
L57094,L,25.350000000000023,35.650000000000034,1670,29.6,13,0,0,0,0,0,0,1,585,2.1142857142857143,175
M24775,M,25.350000000000023,35.55000000000001,1662,28.3,15,0,0,0,0,0,0,0,675,1.76875,277
M24776,M,25.350000000000023,35.650000000000034,1553,34.9,18,0,0,0,0,0,0,0,810,1.8368421052631578,267
M24777,M,25.350000000000023,35.650000000000034,1557,36.0,21,0,0,0,0,0,0,0,945,1.6363636363636365,291
L57098,L,25.25,35.650000000000034,1352,56.7,24,0,0,0,0,0,0,1,1080,2.2680000000000002,285
L57099,L,25.350000000000023,35.650000000000034,1305,58.7,26,0,0,0,0,0,0,1,1170,2.174074074074074,173
H39334,H,25.350000000000023,35.55000000000001,1450,43.9,28,0,0,0,0,0,0,0,1260,1.513793103448276,363
M24781,M,25.350000000000023,35.55000000000001,1347,48.5,33,0,0,0,0,0,0,0,1485,1.4264705882352942,316
H39336,H,25.450000000000045,35.650000000000034,1566,39.1,36,0,0,0,0,0,0,0,1620,1.0567567567567568,326
M24783,M,25.350000000000023,35.55000000000001,1615,33.3,41,0,0,0,0,0,0,0,1845,0.7928571428571428,234
M24784,M,25.350000000000023,35.450000000000045,1384,54.4,44,0,0,0,0,0,0,1,1980,1.208888888888889,212
M24785,M,25.350000000000023,35.55000000000001,1367,47.3,47,0,0,0,0,0,0,0,2115,0.9854166666666666,175
M24786,M,25.350000000000023,35.450000000000045,1897,20.2,50,0,0,0,0,0,0,1,2250,0.396078431372549,159
L57107,L,25.350000000000023,35.450000000000045,1522,36.9,53,0,0,0,0,0,0,0,2385,0.6833333333333333,354
M24788,M,25.25,35.35000000000002,1576,27.4,55,0,0,0,0,0,0,1,2475,0.48928571428571427,255
H39343,H,25.25,35.25,1479,39.2,58,0,0,0,0,0,0,1,2610,0.664406779661017,266
L57110,L,25.150000000000034,35.150000000000034,1452,45.5,63,0,0,0,0,0,0,0,2835,0.7109375,207
L57111,L,25.150000000000034,35.150000000000034,1432,46.9,65,0,0,0,0,0,0,1,2925,0.7106060606060606,163
L57112,L,25.150000000000034,35.05000000000001,1663,28.4,67,0,0,0,0,0,0,1,3015,0.41764705882352937,222
L57113,L,25.150000000000034,35.150000000000034,1597,32.4,69,0,0,0,0,0,0,1,3105,0.46285714285714286,348
L57114,L,25.150000000000034,35.05000000000001,1472,44.3,71,0,0,0,0,0,0,0,3195,0.6152777777777777,188
L57115,L,25.25,35.150000000000034,1452,48.5,73,0,0,0,0,0,0,1,3285,0.6554054054054054,271
H39350,H,25.150000000000034,35.05000000000001,1534,33.2,75,0,0,0,0,0,0,1,3375,0.4368421052631579,308
L57117,L,25.150000000000034,34.950000000000045,1505,46.1,80,0,0,0,0,0,0,0,3600,0.5691358024691359,327
L57118,L,25.150000000000034,34.950000000000045,1528,33.9,82,0,0,0,0,0,0,0,3690,0.40843373493975904,293
H39353,H,25.150000000000034,34.950000000000045,2636,12.8,84,0,0,0,0,0,0,1,3780,0.15058823529411766,221
M24800,M,25.150000000000034,34.950000000000045,1722,28.6,89,0,0,0,0,0,0,1,4005,0.31777777777777777,261
L57121,L,25.25,34.950000000000045,1395,44.0,92,0,0,0,0,0,0,0,4140,0.4731182795698925,200
L57122,L,25.25,34.950000000000045,1375,50.8,94,0,0,0,0,0,0,0,4230,0.5347368421052632,292
M24803,M,25.150000000000034,34.85000000000002,1766,26.0,96,0,0,0,0,0,0,1,4320,0.26804123711340205,238
L57124,L,25.150000000000034,34.75,1399,47.8,99,0,0,0,0,0,0,1,4455,0.478,187
L57125,L,25.150000000000034,34.85000000000002,1578,37.8,101,0,0,0,0,0,0,0,4545,0.3705882352941176,254
L57126,L,25.150000000000034,34.75,1502,42.0,103,0,0,0,0,0,0,0,4635,0.40384615384615385,228
M24807,M,25.05000000000001,34.75,1529,36.6,105,0,0,0,0,0,0,1,4725,0.34528301886792456,238
L57128,L,25.05000000000001,34.650000000000034,1804,25.1,108,0,0,0,0,0,0,1,4860,0.23027522935779818,220
M24809,M,25.05000000000001,34.650000000000034,1411,53.4,110,0,0,0,0,0,0,0,4950,0.48108108108108105,239
L57130,L,24.950000000000045,34.650000000000034,1413,54.1,113,0,0,0,0,0,0,1,5085,0.47456140350877196,221
L57131,L,25.05000000000001,34.650000000000034,1355,59.4,115,0,0,0,0,0,0,1,5175,0.5120689655172413,359
L57132,L,25.05000000000001,34.650000000000034,1429,46.9,117,0,0,0,0,0,0,1,5265,0.3974576271186441,298
L57133,L,24.950000000000045,34.650000000000034,1565,35.3,119,0,0,0,0,0,0,1,5355,0.29416666666666663,165
M24814,M,24.950000000000045,34.75,1446,42.8,121,0,0,0,0,0,0,0,5445,0.3508196721311475,260
M24815,M,25.05000000000001,34.75,1462,38.8,124,0,0,0,0,0,0,0,5580,0.31039999999999995,216
M24816,M,25.05000000000001,34.650000000000034,1578,34.5,127,0,0,0,0,0,0,1,5715,0.26953125,214
L57137,L,24.950000000000045,34.650000000000034,1606,33.0,130,0,0,0,0,0,0,1,5850,0.25190839694656486,162
M24818,M,24.950000000000045,34.650000000000034,1525,35.9,132,0,0,0,0,0,0,1,5940,0.2699248120300752,267
L57139,L,24.950000000000045,34.650000000000034,1379,49.1,135,0,0,0,0,0,0,1,6075,0.3610294117647059,341
L57140,L,25.05000000000001,34.650000000000034,1575,35.0,137,0,0,0,0,0,0,0,6165,0.2536231884057971,210
L57141,L,25.05000000000001,34.75,1399,54.9,139,0,0,0,0,0,0,1,6255,0.3921428571428571,181
L57142,L,25.05000000000001,34.75,1429,49.4,141,0,0,0,0,0,0,1,6345,0.34788732394366195,289
L57143,L,25.150000000000034,34.75,1435,39.9,143,0,0,0,0,0,0,0,6435,0.27708333333333335,244
L57144,L,25.150000000000034,34.75,1766,26.5,145,0,0,0,0,0,0,0,6525,0.1815068493150685,190
L57145,L,25.150000000000034,34.75,1703,28.9,147,0,0,0,0,0,0,1,6615,0.19527027027027027,343
L57146,L,25.150000000000034,34.75,1507,41.2,149,0,0,0,0,0,0,0,6705,0.27466666666666667,285
M24827,M,25.150000000000034,34.75,1609,32.4,151,0,0,0,0,0,0,0,6795,0.2131578947368421,336
L57148,L,25.25,34.85000000000002,1605,32.4,154,0,0,0,0,0,0,1,6930,0.2090322580645161,174
L57149,L,25.25,34.950000000000045,1491,50.0,156,0,0,0,0,0,0,1,7020,0.3184713375796178,282
H39384,H,25.25,34.950000000000045,1891,24.7,158,0,0,0,0,0,0,0,7110,0.15534591194968553,194
H39385,H,25.350000000000023,35.05000000000001,1563,44.6,163,0,0,0,0,0,0,1,7335,0.27195121951219514,279
L57152,L,25.450000000000045,35.05000000000001,1390,51.4,168,0,0,0,0,0,0,0,7560,0.3041420118343195,319
L57153,L,25.350000000000023,35.05000000000001,1444,40.5,170,0,0,0,0,0,0,0,7650,0.23684210526315788,315
L57154,L,25.450000000000045,35.05000000000001,1361,68.2,172,1,0,0,1,1,0,5,7740,0.3942196531791908,21
M24835,M,25.450000000000045,35.150000000000034,1589,34.1,174,0,0,0,0,0,0,1,7830,0.19485714285714287,323
L57156,L,25.450000000000045,35.05000000000001,1705,26.3,177,0,0,0,0,0,0,1,7965,0.14775280898876406,299
L57157,L,25.450000000000045,35.150000000000034,1422,40.4,179,0,0,0,0,0,0,0,8055,0.22444444444444445,253
H39392,H,25.450000000000045,35.150000000000034,1377,52.1,181,0,0,0,0,0,0,0,8145,0.28626373626373625,182
L57159,L,25.350000000000023,35.150000000000034,1334,49.8,186,0,0,0,0,0,0,1,8370,0.2663101604278075,181
L57160,L,25.450000000000045,35.25,1559,36.6,188,0,0,0,0,0,0,0,8460,0.19365079365079366,260
L57161,L,25.55000000000001,35.35000000000002,1353,47.0,190,0,0,0,0,0,0,0,8550,0.24607329842931938,166
M24842,M,25.55000000000001,35.25,1507,45.7,192,0,0,0,0,0,0,1,8640,0.2367875647668394,269
L57163,L,25.55000000000001,35.25,1694,28.7,195,0,0,0,0,0,0,1,8775,0.14642857142857144,231
H39398,H,25.55000000000001,35.25,1432,42.8,197,0,0,0,0,0,0,1,8865,0.21616161616161614,333
H39399,H,25.55000000000001,35.35000000000002,1572,35.6,202,0,0,0,0,0,0,1,9090,0.17536945812807883,152
M24846,M,25.650000000000034,35.450000000000045,1507,42.3,207,0,0,0,0,0,0,0,9315,0.20336538461538461,219
M24847,M,25.650000000000034,35.450000000000045,1500,37.1,210,0,0,0,0,0,0,1,9450,0.17582938388625594,326
L57168,L,25.75,35.450000000000045,1771,24.1,213,0,0,0,0,0,0,1,9585,0.11261682242990655,332
M24849,M,25.650000000000034,35.35000000000002,1577,33.2,0,0,0,0,0,0,0,0,0,33.2,354
L57170,L,25.650000000000034,35.35000000000002,1527,36.2,3,0,0,0,0,0,0,0,135,9.05,267
M24851,M,25.75,35.25,1827,26.1,5,0,0,0,0,0,0,0,225,4.3500000000000005,180
L57172,L,25.650000000000034,35.25,1484,39.2,8,0,0,0,0,0,0,1,360,4.355555555555556,358
L57173,L,25.650000000000034,35.25,1401,47.3,10,0,0,0,0,0,0,0,450,4.3,298
L57174,L,25.650000000000034,35.150000000000034,1634,27.9,12,0,0,0,0,0,0,1,540,2.146153846153846,165
M24855,M,25.650000000000034,35.25,1604,29.5,14,0,0,0,0,0,0,0,630,1.9666666666666666,166
H39410,H,25.75,35.25,1632,31.8,17,0,0,0,0,0,0,1,765,1.7666666666666666,245
M24857,M,25.850000000000023,35.450000000000045,1645,33.4,22,0,0,0,0,0,0,0,990,1.452173913043478,278
H39412,H,25.850000000000023,35.55000000000001,1408,48.5,25,0,0,0,0,0,0,1,1125,1.8653846153846154,261
M24859,M,25.850000000000023,35.55000000000001,1500,40.2,30,0,0,0,0,0,0,1,1350,1.2967741935483872,251
